ISO-10303-21;
HEADER;
FILE_DESCRIPTION (( 'STEP AP214' ),
    '1' );
FILE_NAME ('Frasco_Cimed_PE_Natural_Blender stp.STEP',
    '2026-08-14T00:01:14',
    ( '' ),
    ( '' ),
    'SwSTEP 2.0',
    'SolidWorks 2021',
    '' );
FILE_SCHEMA (( 'AUTOMOTIVE_DESIGN' ));
ENDSEC;

DATA;
#1 = AXIS2_PLACEMENT_3D ( 'NONE', #2259, #2702, #1997 ) ;
#2 = CARTESIAN_POINT ( 'NONE',  ( 0.3120760307934833389, 61.95000000753210401, 5.473815259661614974 ) ) ;
#3 = DIRECTION ( 'NONE',  ( -1.000000000000000000, 0.000000000000000000, 0.000000000000000000 ) ) ;
#4 = AXIS2_PLACEMENT_3D ( 'NONE', #884, #2792, #2028 ) ;
#5 = CARTESIAN_POINT ( 'NONE',  ( 1.316514876511020615, 61.15869763527374658, -6.208807276776286521 ) ) ;
#6 = ORIENTED_EDGE ( 'NONE', *, *, #2300, .T. ) ;
#7 = EDGE_CURVE ( 'NONE', #1142, #1351, #599, .T. ) ;
#8 = CIRCLE ( 'NONE', #1414, 5.450000000000001066 ) ;
#9 = CARTESIAN_POINT ( 'NONE',  ( -7.274401986935279791E-15, 60.45000000000001705, 0.000000000000000000 ) ) ;
#10 = CARTESIAN_POINT ( 'NONE',  ( -1.895522268518891718, 60.40565369392133022, 6.008988762271624040 ) ) ;
#11 = CARTESIAN_POINT ( 'NONE',  ( -0.009727163422795228123, 60.69159610660686610, 6.451300225113627995 ) ) ;
#12 = AXIS2_PLACEMENT_3D ( 'NONE', #759, #2106, #744 ) ;
#13 = ADVANCED_FACE ( 'NONE', ( #2613 ), #2246, .F. ) ;
#14 = CARTESIAN_POINT ( 'NONE',  ( -6.220723267385109168, 60.32459716869281863, -1.708860603184762184 ) ) ;
#15 = CARTESIAN_POINT ( 'NONE',  ( -0.5694136684631524448, 61.95011024264007915, 4.350000000000004086 ) ) ;
#16 = CARTESIAN_POINT ( 'NONE',  ( -6.316495917903289126, 61.15223890851203947, -1.283507233035279915 ) ) ;
#17 = CARTESIAN_POINT ( 'NONE',  ( -7.090704967063177069E-15, 58.95000000000000995, 0.000000000000000000 ) ) ;
#18 = DIRECTION ( 'NONE',  ( -1.224646799147353454E-16, 1.000000000000000000, -0.000000000000000000 ) ) ;
#19 = ORIENTED_EDGE ( 'NONE', *, *, #1880, .T. ) ;
#20 = CARTESIAN_POINT ( 'NONE',  ( 0.5768555191032126439, 61.63319195525949823, 5.419385912469681266 ) ) ;
#21 = CARTESIAN_POINT ( 'NONE',  ( -0.6852714690193092428, 61.64342007791027100, -5.406747514812411559 ) ) ;
#22 = ORIENTED_EDGE ( 'NONE', *, *, #3010, .T. ) ;
#23 = CARTESIAN_POINT ( 'NONE',  ( -0.4987313801712347505, 61.19713618638318309, -6.413296266632371179 ) ) ;
#24 = CARTESIAN_POINT ( 'NONE',  ( -7.458099007729797570E-15, 61.95000000753210401, 0.000000000000000000 ) ) ;
#25 = DIRECTION ( 'NONE',  ( -1.224646799147353454E-16, 1.000000000000000000, -0.000000000000000000 ) ) ;
#26 = ADVANCED_FACE ( 'NONE', ( #2826 ), #2294, .T. ) ;
#27 = B_SPLINE_SURFACE_WITH_KNOTS ( 'NONE', 3, 1, ( 
 ( #2463, #1715 ),
 ( #23, #54 ),
 ( #73, #282 ),
 ( #1022, #1760 ),
 ( #547, #987 ),
 ( #1008, #2227 ) ),
 .UNSPECIFIED., .F., .F., .F.,
 ( 4, 1, 1, 4 ),
 ( 2, 2 ),
 ( 0.1014197986419448361, 0.4405699193010748083, 0.6540619793208624078, 0.9370443158416262852 ),
 ( 0.000000000000000000, 1.000000000000000000 ),
 .UNSPECIFIED. ) ;
#28 = CARTESIAN_POINT ( 'NONE',  ( -7.090704967063175491E-15, 58.95000000000000995, 0.000000000000000000 ) ) ;
#29 = B_SPLINE_CURVE_WITH_KNOTS ( 'NONE', 3,
 ( #1483, #280, #315, #803, #70, #2189, #1757, #84 ),
 .UNSPECIFIED., .F., .F.,
 ( 4, 2, 2, 4 ),
 ( 6.998245516951121716E-16, 0.001061821870329986367, 0.001592732805494629896, 0.002123643740659272774 ),
 .UNSPECIFIED. ) ;
#30 = CARTESIAN_POINT ( 'NONE',  ( -4.350000000000012079, 61.95011024264007915, 0.5694136684631494472 ) ) ;
#31 = EDGE_CURVE ( 'NONE', #758, #2239, #752, .T. ) ;
#32 = CARTESIAN_POINT ( 'NONE',  ( -6.048335573878889093, 59.77295110812573142, -2.248322786804537898 ) ) ;
#33 = CARTESIAN_POINT ( 'NONE',  ( -5.641123955803079681, 59.00789222621382635, -3.046946373028383004 ) ) ;
#34 = CARTESIAN_POINT ( 'NONE',  ( 5.427915861324313695, 61.64921042482355773, -0.4901570044998718734 ) ) ;
#35 = ORIENTED_EDGE ( 'NONE', *, *, #193, .T. ) ;
#36 = CARTESIAN_POINT ( 'NONE',  ( 5.670160504020393510, 58.95000000000035101, 3.074569928239554883 ) ) ;
#37 = B_SPLINE_CURVE_WITH_KNOTS ( 'NONE', 3,
 ( #135, #3015, #602, #3043, #1551, #1309, #120, #1070, #2027, #839 ),
 .UNSPECIFIED., .F., .F.,
 ( 4, 2, 2, 2, 4 ),
 ( 0.000000000000000000, 0.0007221938988033806692, 0.001444387797606761338, 0.002166581696410141249, 0.002888775595213521376 ),
 .UNSPECIFIED. ) ;
#38 = CARTESIAN_POINT ( 'NONE',  ( -1.898682618188662907, 60.39936299715878221, 6.008507979901588136 ) ) ;
#39 = CARTESIAN_POINT ( 'NONE',  ( -1.287637604447941841, 59.07770440637651177, 6.265225556574345767 ) ) ;
#40 = CARTESIAN_POINT ( 'NONE',  ( 1.146122689793355631, 59.07361530217652046, -6.293449498495175654 ) ) ;
#41 =( BOUNDED_SURFACE ( )  B_SPLINE_SURFACE ( 3, 2, ( 
 ( #430, #2340, #1891 ),
 ( #2841, #2936, #1763 ),
 ( #1730, #570, #1231 ),
 ( #826, #1502, #1025 ),
 ( #2216, #1718, #334 ),
 ( #58, #1054, #794 ),
 ( #508, #2482, #2180 ),
 ( #782, #43, #1538 ),
 ( #1982, #552, #1290 ),
 ( #90, #2672, #522 ),
 ( #1996, #1039, #535 ),
 ( #2231, #2655, #2013 ) ),
 .UNSPECIFIED., .F., .F., .F. ) 
 B_SPLINE_SURFACE_WITH_KNOTS ( ( 4, 2, 2, 2, 2, 4 ),
 ( 3, 3 ),
 ( 0.0007639108028527285491, 0.001518684456858318283, 0.002273458110863907800, 0.003028231764869497751, 0.003405618591872292510, 0.003783005418875087268 ),
 ( 0.000000000000000000, 1.000000000000000000 ),
 .UNSPECIFIED. ) 
 GEOMETRIC_REPRESENTATION_ITEM ( )  RATIONAL_B_SPLINE_SURFACE ( (
 ( 1.000000000000000000, 0.7165730362486546490, 1.000000000000000000),
 ( 1.000000000000000000, 0.7110250939185239760, 1.000000000000000000),
 ( 1.000000000000000000, 0.7054359674702297411, 1.000000000000000000),
 ( 1.000000000000000000, 0.6936781650378682773, 1.000000000000000000),
 ( 1.000000000000000000, 0.6874749556785486604, 1.000000000000000000),
 ( 1.000000000000000000, 0.6757287644621063905, 1.000000000000000000),
 ( 1.000000000000000000, 0.6703073632627237766, 1.000000000000000000),
 ( 1.000000000000000000, 0.6662830278936340278, 1.000000000000000000),
 ( 1.000000000000000000, 0.6656907446028591524, 1.000000000000000000),
 ( 1.000000000000000000, 0.6667135302517320783, 1.000000000000000000),
 ( 1.000000000000000000, 0.6702595024022698356, 1.000000000000000000),
 ( 1.000000000000000000, 0.6658503930506678437, 1.000000000000000000) ) ) 
 REPRESENTATION_ITEM ( '' )  SURFACE ( )  );
#42 = CARTESIAN_POINT ( 'NONE',  ( 1.912263008771977191, 60.19447394931457751, -6.161813727330444301 ) ) ;
#43 = CARTESIAN_POINT ( 'NONE',  ( 6.345402055926556706, 59.19991955133199468, 1.161677913603214263 ) ) ;
#44 = LINE ( 'NONE', #2181, #2051 ) ;
#45 = FACE_OUTER_BOUND ( 'NONE', #289, .T. ) ;
#46 = EDGE_CURVE ( 'NONE', #1351, #2313, #2497, .T. ) ;
#47 = ORIENTED_EDGE ( 'NONE', *, *, #1745, .F. ) ;
#48 = CARTESIAN_POINT ( 'NONE',  ( 6.236517004172853262, 58.96222483287255045, 1.614201907749512444 ) ) ;
#49 = ORIENTED_EDGE ( 'NONE', *, *, #1121, .F. ) ;
#50 = CARTESIAN_POINT ( 'NONE',  ( 0.5817904303818892675, 61.58400622507227240, 5.418857803551965446 ) ) ;
#51 = CARTESIAN_POINT ( 'NONE',  ( -2.033459695667598321, 60.16943293520208869, 6.124148140952425656 ) ) ;
#52 = ORIENTED_EDGE ( 'NONE', *, *, #2650, .F. ) ;
#53 = TOROIDAL_SURFACE ( 'NONE', #1801, 6.050000000000006928, 1.699999999999999289 ) ;
#54 = CARTESIAN_POINT ( 'NONE',  ( -0.4987313801712347505, 61.19713618638318309, -5.399125948268607367 ) ) ;
#55 = AXIS2_PLACEMENT_3D ( 'NONE', #3027, #880, #117 ) ;
#56 = CARTESIAN_POINT ( 'NONE',  ( -1.042788940447239021, 61.65292991549939217, 5.343337291002103306 ) ) ;
#57 = AXIS2_PLACEMENT_3D ( 'NONE', #2309, #166, #2074 ) ;
#58 = CARTESIAN_POINT ( 'NONE',  ( 6.409905311873440148, 59.66628831923866016, 0.7348489407052656297 ) ) ;
#59 = DIRECTION ( 'NONE',  ( -1.000000000000000000, -1.224646799147353454E-16, 0.000000000000000000 ) ) ;
#60 = CARTESIAN_POINT ( 'NONE',  ( -0.3040547336629666475, 60.90071803048900989, -6.395718248802841011 ) ) ;
#61 = B_SPLINE_CURVE_WITH_KNOTS ( 'NONE', 3,
 ( #155, #1111, #2505, #2078 ),
 .UNSPECIFIED., .F., .F.,
 ( 4, 4 ),
 ( 0.000000000000000000, 0.001186671684604517860 ),
 .UNSPECIFIED. ) ;
#62 = VECTOR ( 'NONE', #216, 1000.000000000000000 ) ;
#63 = ORIENTED_EDGE ( 'NONE', *, *, #2837, .T. ) ;
#64 = FACE_OUTER_BOUND ( 'NONE', #352, .T. ) ;
#65 = CARTESIAN_POINT ( 'NONE',  ( 6.217811564411719338, 58.95000000000000995, 1.715027506912872202 ) ) ;
#66 = PRODUCT_DEFINITION_FORMATION_WITH_SPECIFIED_SOURCE ( 'ANY', '', #1656, .NOT_KNOWN. ) ;
#67 = ADVANCED_FACE ( 'NONE', ( #748 ), #41, .T. ) ;
#68 = ORIENTED_EDGE ( 'NONE', *, *, #1211, .T. ) ;
#69 = FACE_OUTER_BOUND ( 'NONE', #2634, .T. ) ;
#70 = CARTESIAN_POINT ( 'NONE',  ( -6.085766885844556384, 59.42460941347771808, -0.7736756120942503978 ) ) ;
#71 = ORIENTED_EDGE ( 'NONE', *, *, #369, .F. ) ;
#72 = ADVANCED_FACE ( 'NONE', ( #1489 ), #1743, .F. ) ;
#73 = CARTESIAN_POINT ( 'NONE',  ( -0.09563522709087519946, 60.59137516403162493, -6.413296266632371179 ) ) ;
#74 = CARTESIAN_POINT ( 'NONE',  ( -6.700144094876690094E-15, 55.76082845716489800, 0.000000000000000000 ) ) ;
#75 = B_SPLINE_CURVE_WITH_KNOTS ( 'NONE', 3,
 ( #343, #848, #629, #1791, #1606, #1591, #2240, #98, #1303, #2255, #2540, #1118, #1805, #2069 ),
 .UNSPECIFIED., .F., .F.,
 ( 4, 2, 2, 2, 2, 2, 4 ),
 ( 0.000000000000000000, 0.0003169121085626933716, 0.0006338242171253867432, 0.0009507363256880800063, 0.001267648434250773486, 0.001901472651376160230, 0.002535296868501547406 ),
 .UNSPECIFIED. ) ;
#76 = CARTESIAN_POINT ( 'NONE',  ( 2.815278303066923282, 59.13488133310058714, -5.665914227744525355 ) ) ;
#77 = CARTESIAN_POINT ( 'NONE',  ( 5.445773236591841204, 61.29170703439667989, -0.3006115223671118053 ) ) ;
#78 = CARTESIAN_POINT ( 'NONE',  ( -5.514976689814215405, 59.06922528974133257, -3.033230022228873946 ) ) ;
#79 = VERTEX_POINT ( 'NONE', #2448 ) ;
#80 = DIRECTION ( 'NONE',  ( -1.000000000000000000, 0.000000000000000000, 0.000000000000000000 ) ) ;
#81 = DIRECTION ( 'NONE',  ( -1.000000000000000000, 0.000000000000000000, 0.000000000000000000 ) ) ;
#82 = ORIENTED_EDGE ( 'NONE', *, *, #2493, .F. ) ;
#83 = CARTESIAN_POINT ( 'NONE',  ( 0.5854624495449362032, 61.60103964245527663, 5.418462302182494028 ) ) ;
#84 = CARTESIAN_POINT ( 'NONE',  ( -6.254720882015550210, 59.03174734307176408, -1.334507247861512980 ) ) ;
#85 = EDGE_CURVE ( 'NONE', #3072, #1297, #1865, .T. ) ;
#86 = EDGE_CURVE ( 'NONE', #3097, #1671, #3055, .T. ) ;
#87 = DIRECTION ( 'NONE',  ( -1.224646799147353207E-16, -1.499759782661857882E-32, 1.000000000000000000 ) ) ;
#88 = FACE_OUTER_BOUND ( 'NONE', #2490, .T. ) ;
#89 = DIRECTION ( 'NONE',  ( 0.000000000000000000, -1.000000000000000000, 0.000000000000000000 ) ) ;
#90 = CARTESIAN_POINT ( 'NONE',  ( 6.271855125700095179, 59.04488148788324509, 1.509346637342247721 ) ) ;
#91 = CARTESIAN_POINT ( 'NONE',  ( 0.5725102959295229610, 61.56669354576798270, 5.419846119684089913 ) ) ;
#92 =( LENGTH_UNIT ( ) NAMED_UNIT ( * ) SI_UNIT ( .MILLI., .METRE. ) );
#93 = ORIENTED_EDGE ( 'NONE', *, *, #1019, .F. ) ;
#94 = DIRECTION ( 'NONE',  ( -1.224646799147353454E-16, 1.000000000000000000, -0.000000000000000000 ) ) ;
#95 = CARTESIAN_POINT ( 'NONE',  ( 5.424733120907748507, 61.60109865592183098, -0.5241856225864831575 ) ) ;
#96 = ORIENTED_EDGE ( 'NONE', *, *, #209, .F. ) ;
#97 = CARTESIAN_POINT ( 'NONE',  ( -1.082517556253372870, 59.20570242142707684, 6.186645009544712082 ) ) ;
#98 = CARTESIAN_POINT ( 'NONE',  ( 0.8670321352431219486, 59.32988625042412423, -6.392016679471803187 ) ) ;
#99 = CARTESIAN_POINT ( 'NONE',  ( 0.1289806724686334560, 60.20064475578029572, -6.399271805324487694 ) ) ;
#100 = CARTESIAN_POINT ( 'NONE',  ( -5.132535019717167302, 60.62331223284054715, -1.703058850831682847 ) ) ;
#101 = EDGE_CURVE ( 'NONE', #1014, #1881, #668, .T. ) ;
#102 = AXIS2_PLACEMENT_3D ( 'NONE', #2486, #1986, #1042 ) ;
#103 = CARTESIAN_POINT ( 'NONE',  ( -6.400645415247559811, 60.70066788096517030, 0.1063937483288747571 ) ) ;
#104 = CARTESIAN_POINT ( 'NONE',  ( -6.444206037672207898, 61.15000000000001279, 0.2733286374114107242 ) ) ;
#105 = AXIS2_PLACEMENT_3D ( 'NONE', #364, #344, #1322 ) ;
#106 = ADVANCED_FACE ( 'NONE', ( #2791 ), #2998, .T. ) ;
#107 = B_SPLINE_CURVE_WITH_KNOTS ( 'NONE', 3,
 ( #1578, #2010, #2286, #1354 ),
 .UNSPECIFIED., .F., .F.,
 ( 4, 4 ),
 ( 0.000000000000000000, 0.4868840752066537769 ),
 .UNSPECIFIED. ) ;
#108 = ORIENTED_EDGE ( 'NONE', *, *, #2209, .T. ) ;
#109 = CIRCLE ( 'NONE', #955, 6.449999999999998401 ) ;
#110 = CARTESIAN_POINT ( 'NONE',  ( 6.437859988133870282, 61.12640435205367595, -0.2111449115473883753 ) ) ;
#111 = CARTESIAN_POINT ( 'NONE',  ( 0.2547292410035292276, 61.13470297152233002, 6.442663482416136844 ) ) ;
#112 = CARTESIAN_POINT ( 'NONE',  ( -0.5151338296943894779, 61.24674847211671391, -6.076473457089122121 ) ) ;
#113 = ORIENTED_EDGE ( 'NONE', *, *, #899, .T. ) ;
#114 = EDGE_LOOP ( 'NONE', ( #170, #1363, #593, #2705 ) ) ;
#115 = CARTESIAN_POINT ( 'NONE',  ( 0.5454326700714443588, 61.65599387615457516, 5.410589654414205363 ) ) ;
#116 = VERTEX_POINT ( 'NONE', #1342 ) ;
#117 = DIRECTION ( 'NONE',  ( 0.000000000000000000, 0.000000000000000000, -1.000000000000000000 ) ) ;
#118 = CARTESIAN_POINT ( 'NONE',  ( 6.447697597229255173, 61.14980048050043848, -0.1723422699040149664 ) ) ;
#119 = CARTESIAN_POINT ( 'NONE',  ( -5.449999999999807443, 60.86987039522854559, 0.2019039573220745842 ) ) ;
#120 = CARTESIAN_POINT ( 'NONE',  ( -2.295149413230540336, 59.54411185346005908, 6.030285091676605091 ) ) ;
#121 = CARTESIAN_POINT ( 'NONE',  ( 5.448621807222782998, 60.45000000000001705, 0.1225577490664165325 ) ) ;
#122 = CARTESIAN_POINT ( 'NONE',  ( 0.2383129847669883394, 61.14623205473492362, 6.445597374091919463 ) ) ;
#123 = VERTEX_POINT ( 'NONE', #2498 ) ;
#124 = EDGE_CURVE ( 'NONE', #247, #225, #2125, .T. ) ;
#125 = CARTESIAN_POINT ( 'NONE',  ( 6.440649466591988670, 61.12969670718812409, -0.2084909007124786939 ) ) ;
#126 = EDGE_CURVE ( 'NONE', #1252, #685, #1461, .T. ) ;
#127 = CARTESIAN_POINT ( 'NONE',  ( 0.2583209706404167583, 61.13149683281164215, 6.441023499624257909 ) ) ;
#128 = CARTESIAN_POINT ( 'NONE',  ( -0.5736892168612207632, 61.48643156804805443, -5.750102108283967617 ) ) ;
#129 = VERTEX_POINT ( 'NONE', #176 ) ;
#130 = CARTESIAN_POINT ( 'NONE',  ( 5.100899255216676309, 61.57908555870059786, 1.255417332644858774 ) ) ;
#131 = ORIENTED_EDGE ( 'NONE', *, *, #1906, .T. ) ;
#132 = CARTESIAN_POINT ( 'NONE',  ( -0.6978354980004364272, 61.57331403652923996, -5.405138815768792959 ) ) ;
#133 = CARTESIAN_POINT ( 'NONE',  ( 1.738201472828261540, 58.90980415137898518, -6.157143089347359322 ) ) ;
#134 = CARTESIAN_POINT ( 'NONE',  ( 1.300806997211663818, 61.15999519928467976, -5.296344444755377801 ) ) ;
#135 = CARTESIAN_POINT ( 'NONE',  ( -1.281625682157354618, 61.15000000000001279, 6.321387158752004076 ) ) ;
#136 = FACE_OUTER_BOUND ( 'NONE', #2537, .T. ) ;
#137 = FILL_AREA_STYLE_COLOUR ( '', #2307 ) ;
#138 = ORIENTED_EDGE ( 'NONE', *, *, #2853, .F. ) ;
#139 = CARTESIAN_POINT ( 'NONE',  ( -6.121201938648201946, 61.12752173794493160, -1.434842870605578469 ) ) ;
#140 = CARTESIAN_POINT ( 'NONE',  ( 5.425088654877755268, 61.58412539459731505, -0.5204931187984793706 ) ) ;
#141 = CARTESIAN_POINT ( 'NONE',  ( -5.325806534531938752, 61.55956693937413604, -1.156842580793502107 ) ) ;
#142 = VERTEX_POINT ( 'NONE', #2087 ) ;
#143 = EDGE_LOOP ( 'NONE', ( #2930, #3038, #1721, #3036, #2094 ) ) ;
#144 = ADVANCED_FACE ( 'NONE', ( #150 ), #2699, .T. ) ;
#145 = CARTESIAN_POINT ( 'NONE',  ( 6.103968780154924723, 61.28468891927962403, 1.483914846250897090 ) ) ;
#146 = B_SPLINE_CURVE_WITH_KNOTS ( 'NONE', 3,
 ( #1454, #2121, #3078, #2399, #254, #1213, #2165 ),
 .UNSPECIFIED., .F., .F.,
 ( 4, 3, 4 ),
 ( 0.000000000000000000, 0.0004255415505088221595, 0.0009297545364511351166 ),
 .UNSPECIFIED. ) ;
#147 = CARTESIAN_POINT ( 'NONE',  ( -5.450000000000006395, 60.51287812698708990, 5.351227206035029382E-12 ) ) ;
#148 = CARTESIAN_POINT ( 'NONE',  ( 1.803145387586415183, 58.89734809383072189, -6.137964912643790072 ) ) ;
#149 = CARTESIAN_POINT ( 'NONE',  ( -5.350000000000014744, 52.29999999999999716, 0.000000000000000000 ) ) ;
#150 = FACE_OUTER_BOUND ( 'NONE', #2175, .T. ) ;
#151 = CARTESIAN_POINT ( 'NONE',  ( -6.217988590893763323, 58.89261753759591755, -1.714463757523428722 ) ) ;
#152 = CARTESIAN_POINT ( 'NONE',  ( 0.2192731294874072090, 61.15000000000001279, 6.446271736025779298 ) ) ;
#153 = ORIENTED_EDGE ( 'NONE', *, *, #2615, .F. ) ;
#154 = CARTESIAN_POINT ( 'NONE',  ( -5.615190735479440143, 59.25616769709904474, -2.737183330203346809 ) ) ;
#155 = CARTESIAN_POINT ( 'NONE',  ( -6.444206037672207898, 61.15000000000001279, 0.2733286374114107242 ) ) ;
#156 = VERTEX_POINT ( 'NONE', #2308 ) ;
#157 = AXIS2_PLACEMENT_3D ( 'NONE', #2332, #412, #1374 ) ;
#158 = CARTESIAN_POINT ( 'NONE',  ( 5.553589637115244670, 59.14937951018573870, 3.010609508071105278 ) ) ;
#159 = ORIENTED_EDGE ( 'NONE', *, *, #272, .T. ) ;
#160 = CONICAL_SURFACE ( 'NONE', #2510, 5.450000000000000178, 1.570696113060717991 ) ;
#161 = DIRECTION ( 'NONE',  ( -1.224646799147353454E-16, 1.000000000000000000, -0.000000000000000000 ) ) ;
#162 = CARTESIAN_POINT ( 'NONE',  ( 2.636186997937656429, 59.07112661095777639, -5.887439922788678892 ) ) ;
#163 = ADVANCED_FACE ( 'NONE', ( #1134 ), #1085, .T. ) ;
#164 = CARTESIAN_POINT ( 'NONE',  ( -5.747064292791772999, 58.95000000000001705, -2.928096995408084435 ) ) ;
#165 = CARTESIAN_POINT ( 'NONE',  ( 5.336999233606200654, 61.65000000000001279, 1.104055786854434063 ) ) ;
#166 = DIRECTION ( 'NONE',  ( -1.224646799147353454E-16, 1.000000000000000000, -0.000000000000000000 ) ) ;
#167 = VERTEX_POINT ( 'NONE', #413 ) ;
#168 = CARTESIAN_POINT ( 'NONE',  ( -5.596653614796846199, 59.35218297151056532, -2.626629620025139555 ) ) ;
#169 = CARTESIAN_POINT ( 'NONE',  ( 0.2899034264747998857, 59.91803366301120093, -5.800264539464848212 ) ) ;
#170 = ORIENTED_EDGE ( 'NONE', *, *, #235, .F. ) ;
#171 = CARTESIAN_POINT ( 'NONE',  ( 6.281156577714480882, 61.25113629106828483, 1.473122459012492280 ) ) ;
#172 = ORIENTED_EDGE ( 'NONE', *, *, #332, .F. ) ;
#173 = CARTESIAN_POINT ( 'NONE',  ( 7.200000000000000178, 2.875409162179534128, 8.817456953860944275E-16 ) ) ;
#174 = CARTESIAN_POINT ( 'NONE',  ( 5.420217850156952899, 60.67181441522925667, -0.02810324041151278374 ) ) ;
#175 = EDGE_CURVE ( 'NONE', #1652, #2129, #2083, .T. ) ;
#176 = CARTESIAN_POINT ( 'NONE',  ( 8.000000000000007105, 52.29999999999999716, 9.797174393178843407E-16 ) ) ;
#177 = CARTESIAN_POINT ( 'NONE',  ( 6.193815188228834145, 60.31132132029237169, 1.803784038936881773 ) ) ;
#178 = B_SPLINE_CURVE_WITH_KNOTS ( 'NONE', 3,
 ( #720, #686, #1183, #2863 ),
 .UNSPECIFIED., .F., .F.,
 ( 4, 4 ),
 ( 0.0005091620475201388265, 0.001814466557896421157 ),
 .UNSPECIFIED. ) ;
#179 = ORIENTED_EDGE ( 'NONE', *, *, #215, .T. ) ;
#180 = CARTESIAN_POINT ( 'NONE',  ( 5.394002481176541686, 61.58058464119422837, -0.5218549244320874747 ) ) ;
#181 = DIRECTION ( 'NONE',  ( -1.224646799147353454E-16, 1.000000000000000000, -0.000000000000000000 ) ) ;
#182 = ORIENTED_EDGE ( 'NONE', *, *, #1825, .F. ) ;
#183 = CARTESIAN_POINT ( 'NONE',  ( 5.568739912714106843, 59.17072098014006087, 2.963893663665900124 ) ) ;
#184 = ORIENTED_EDGE ( 'NONE', *, *, #925, .T. ) ;
#185 = CARTESIAN_POINT ( 'NONE',  ( 5.424029590438808057, 61.95000000753210401, -0.6136277664200383564 ) ) ;
#186 = CARTESIAN_POINT ( 'NONE',  ( 0.5563347218965783991, 61.64756588280681626, 5.421530381470920368 ) ) ;
#187 = CARTESIAN_POINT ( 'NONE',  ( 6.406748415554138099, 60.67181441522925667, -0.02810324041151278374 ) ) ;
#188 = CARTESIAN_POINT ( 'NONE',  ( -0.9046897541421716760, 59.42933972565416667, 6.386881957868936865 ) ) ;
#189 = CARTESIAN_POINT ( 'NONE',  ( -6.443936499107701721, 61.14969262416402529, 0.2796281259533789365 ) ) ;
#190 = FACE_OUTER_BOUND ( 'NONE', #834, .T. ) ;
#191 = ORIENTED_EDGE ( 'NONE', *, *, #124, .T. ) ;
#192 = CARTESIAN_POINT ( 'NONE',  ( -5.538438349245196513, 59.55444987312445448, -2.428664820867431295 ) ) ;
#193 = EDGE_CURVE ( 'NONE', #801, #281, #2382, .T. ) ;
#194 = FACE_OUTER_BOUND ( 'NONE', #1951, .T. ) ;
#195 = VERTEX_POINT ( 'NONE', #1122 ) ;
#196 = AXIS2_PLACEMENT_3D ( 'NONE', #1552, #1983, #1744 ) ;
#197 = DIRECTION ( 'NONE',  ( -1.224646799147353454E-16, 1.000000000000000000, -0.000000000000000000 ) ) ;
#198 = ORIENTED_EDGE ( 'NONE', *, *, #2260, .F. ) ;
#199 = VERTEX_POINT ( 'NONE', #1375 ) ;
#200 = CARTESIAN_POINT ( 'NONE',  ( 0.9017588077873663899, 61.95002400849901392, 5.374907184142392325 ) ) ;
#201 = AXIS2_PLACEMENT_3D ( 'NONE', #1987, #1751, #1236 ) ;
#202 = CARTESIAN_POINT ( 'NONE',  ( -5.450000000000009059, 61.65000000000001279, 2.253428067299014382E-15 ) ) ;
#203 = CARTESIAN_POINT ( 'NONE',  ( -0.4241427661357564105, 61.10446209247196947, -6.407486962349293158 ) ) ;
#204 = B_SPLINE_CURVE_WITH_KNOTS ( 'NONE', 3,
 ( #723, #511, #3100, #1894, #494, #33, #689, #751, #1185, #449, #1462, #2864 ),
 .UNSPECIFIED., .F., .F.,
 ( 4, 2, 2, 2, 2, 4 ),
 ( 0.000000000000000000, 0.0001088665328413182119, 0.0001632997992619777787, 0.0002177330656826373184, 0.0003265995985239572379, 0.0004354661313652770762 ),
 .UNSPECIFIED. ) ;
#205 = AXIS2_PLACEMENT_3D ( 'NONE', #705, #1937, #2389 ) ;
#206 = CARTESIAN_POINT ( 'NONE',  ( 6.390896738828943491, 60.11680935087462530, 0.3242986572653031585 ) ) ;
#207 = CARTESIAN_POINT ( 'NONE',  ( 1.154174744785985807, 61.14999999999999858, -6.345968420484216388 ) ) ;
#208 = CARTESIAN_POINT ( 'NONE',  ( 2.588965476555321388, 59.29106667455641855, -5.750316613000840960 ) ) ;
#209 = EDGE_CURVE ( 'NONE', #1691, #612, #37, .T. ) ;
#210 = ORIENTED_EDGE ( 'NONE', *, *, #426, .F. ) ;
#211 = B_SPLINE_CURVE_WITH_KNOTS ( 'NONE', 3,
 ( #1081, #1773, #1319, #1559 ),
 .UNSPECIFIED., .F., .F.,
 ( 4, 4 ),
 ( -3.004503128586067716E-06, 0.0002252247606620185589 ),
 .UNSPECIFIED. ) ;
#212 = DIRECTION ( 'NONE',  ( 1.224646799147353454E-16, -1.000000000000000000, 0.000000000000000000 ) ) ;
#213 = CARTESIAN_POINT ( 'NONE',  ( -7.458099007729797570E-15, 61.95000000753210401, 0.000000000000000000 ) ) ;
#214 = EDGE_CURVE ( 'NONE', #2574, #1815, #2946, .T. ) ;
#215 = EDGE_CURVE ( 'NONE', #1767, #1434, #1975, .T. ) ;
#216 = DIRECTION ( 'NONE',  ( -1.224646799147353454E-16, 1.000000000000000000, -0.000000000000000000 ) ) ;
#217 = FACE_OUTER_BOUND ( 'NONE', #2785, .T. ) ;
#218 = ORIENTED_EDGE ( 'NONE', *, *, #2837, .F. ) ;
#219 = CARTESIAN_POINT ( 'NONE',  ( -0.8839525345707273107, 61.95002443646470169, 5.377865851842702938 ) ) ;
#220 = CARTESIAN_POINT ( 'NONE',  ( -5.444562995814879791, 61.65000000000001279, 0.2981154938375713548 ) ) ;
#221 = CARTESIAN_POINT ( 'NONE',  ( -0.4238319662948870081, 61.10108209096519261, -6.402408727371184050 ) ) ;
#222 = CARTESIAN_POINT ( 'NONE',  ( 5.106846307735906088, 60.45000000000001705, 1.903318362535296293 ) ) ;
#223 = CARTESIAN_POINT ( 'NONE',  ( -7.090704967063177069E-15, 62.15000000000001279, 0.000000000000000000 ) ) ;
#224 = CARTESIAN_POINT ( 'NONE',  ( 1.783398709044299979, 60.40751077075285025, -6.200396048601850119 ) ) ;
#225 = VERTEX_POINT ( 'NONE', #2838 ) ;
#226 = CARTESIAN_POINT ( 'NONE',  ( 6.083138413812503309, 61.25077158859874515, -0.3002484476527339519 ) ) ;
#227 = CARTESIAN_POINT ( 'NONE',  ( 3.061616997868530313E-17, 0.8000000000000020428, 0.000000000000000000 ) ) ;
#228 = DIRECTION ( 'NONE',  ( 0.000000000000000000, 0.000000000000000000, -1.000000000000000000 ) ) ;
#229 = CARTESIAN_POINT ( 'NONE',  ( 5.106846307735906088, 60.45000000000001705, 1.903318362535296293 ) ) ;
#230 = EDGE_CURVE ( 'NONE', #2539, #956, #1004, .T. ) ;
#231 = EDGE_LOOP ( 'NONE', ( #2797, #1796, #1155, #2234 ) ) ;
#232 = CARTESIAN_POINT ( 'NONE',  ( 5.336999233606200654, 61.65000000000001279, 1.104055786854434063 ) ) ;
#233 = CARTESIAN_POINT ( 'NONE',  ( -5.412599746880366602, 61.62058434935184437, 0.6373892005117989257 ) ) ;
#234 = CARTESIAN_POINT ( 'NONE',  ( 0.4210616755334918304, 61.48734840688830872, 5.761964910190273237 ) ) ;
#235 = EDGE_CURVE ( 'NONE', #1557, #79, #2897, .T. ) ;
#236 = CARTESIAN_POINT ( 'NONE',  ( 0.2520604956973050426, 61.15965001841923510, 6.445072963629566942 ) ) ;
#237 = CARTESIAN_POINT ( 'NONE',  ( -9.000000000000017764, 52.29999999999999716, 0.000000000000000000 ) ) ;
#238 = FACE_BOUND ( 'NONE', #719, .T. ) ;
#239 = CARTESIAN_POINT ( 'NONE',  ( -6.050273273906140226, 59.54166170385202861, -2.241846034145028366 ) ) ;
#240 = CARTESIAN_POINT ( 'NONE',  ( 6.117830301099141721, 61.31220938354434935, -0.3346395650388430121 ) ) ;
#241 = DIRECTION ( 'NONE',  ( -1.224646799147353454E-16, 1.000000000000000000, -0.000000000000000000 ) ) ;
#242 = B_SPLINE_CURVE_WITH_KNOTS ( 'NONE', 3,
 ( #425, #2980, #838, #600, #1449 ),
 .UNSPECIFIED., .F., .F.,
 ( 4, 1, 4 ),
 ( 0.000000000000000000, 0.01359145966109742698, 0.02718291932219485396 ),
 .UNSPECIFIED. ) ;
#243 = CARTESIAN_POINT ( 'NONE',  ( 5.639063454972919054, 61.48904978352500450, 1.232960533091177480 ) ) ;
#244 = AXIS2_PLACEMENT_3D ( 'NONE', #1646, #2386, #491 ) ;
#245 = CARTESIAN_POINT ( 'NONE',  ( 6.234423381103225914, 59.03328778950891120, 1.421714866784189901 ) ) ;
#246 = ORIENTED_EDGE ( 'NONE', *, *, #964, .T. ) ;
#247 = VERTEX_POINT ( 'NONE', #1387 ) ;
#248 = CARTESIAN_POINT ( 'NONE',  ( 0.5461779307991919685, 61.65000000000001279, 5.422565510004248246 ) ) ;
#249 = CARTESIAN_POINT ( 'NONE',  ( -0.4167879162944079785, 61.12310988086278485, -6.427645586257318300 ) ) ;
#250 = ORIENTED_EDGE ( 'NONE', *, *, #2229, .T. ) ;
#251 = AXIS2_PLACEMENT_3D ( 'NONE', #742, #959, #3059 ) ;
#252 = EDGE_CURVE ( 'NONE', #525, #1604, #997, .T. ) ;
#253 = CARTESIAN_POINT ( 'NONE',  ( -0.3622628583748915831, 59.99674671464257614, 6.441914375547541205 ) ) ;
#254 = CARTESIAN_POINT ( 'NONE',  ( 1.181817171239557762, 61.38975659077438962, -5.629397091658181473 ) ) ;
#255 = CARTESIAN_POINT ( 'NONE',  ( -6.300533276269088212, 61.15753720122427950, -1.308261396151392919 ) ) ;
#256 = AXIS2_PLACEMENT_3D ( 'NONE', #605, #572, #1106 ) ;
#257 = VERTEX_POINT ( 'NONE', #2609 ) ;
#258 = CARTESIAN_POINT ( 'NONE',  ( -1.281625682157354618, 61.15000000000001279, 6.321387158752004076 ) ) ;
#259 = CARTESIAN_POINT ( 'NONE',  ( -6.280852987685449307, 60.73383859041205568, -1.473101214870220055 ) ) ;
#260 = UNCERTAINTY_MEASURE_WITH_UNIT (LENGTH_MEASURE( 1.000000000000000082E-05 ), #807, 'distance_accuracy_value', 'NONE');
#261 = DIRECTION ( 'NONE',  ( -1.000000000000000000, -1.204669080539448358E-16, 0.000000000000000000 ) ) ;
#262 = CARTESIAN_POINT ( 'NONE',  ( -7.090704967063177069E-15, 62.15000000000001279, 0.000000000000000000 ) ) ;
#263 = ORIENTED_EDGE ( 'NONE', *, *, #899, .F. ) ;
#264 = VERTEX_POINT ( 'NONE', #2353 ) ;
#265 = CARTESIAN_POINT ( 'NONE',  ( 0.5725102959295229610, 61.56669354576798270, 5.419846119684089913 ) ) ;
#266 = CARTESIAN_POINT ( 'NONE',  ( -0.7040838075364753701, 61.61599547391652720, -5.404328449674847157 ) ) ;
#267 = ORIENTED_EDGE ( 'NONE', *, *, #1861, .T. ) ;
#268 =( LENGTH_UNIT ( ) NAMED_UNIT ( * ) SI_UNIT ( .MILLI., .METRE. ) );
#269 = CARTESIAN_POINT ( 'NONE',  ( -1.793218566936580993, 58.94461810701076843, 6.195713612748246391 ) ) ;
#270 = CARTESIAN_POINT ( 'NONE',  ( 0.7852534491492861868, 59.30110828881512930, -6.351692560337987459 ) ) ;
#271 = CARTESIAN_POINT ( 'NONE',  ( 1.772284701001770379, 60.42578608609880320, -6.041725372782357439 ) ) ;
#272 = EDGE_CURVE ( 'NONE', #889, #862, #403, .T. ) ;
#273 = CARTESIAN_POINT ( 'NONE',  ( -6.367085498588093806, 59.57278580678635649, -0.6293847627900756025 ) ) ;
#274 = CARTESIAN_POINT ( 'NONE',  ( -2.673278231890886314, 61.95011024264007915, 3.478550764432089437 ) ) ;
#275 = CARTESIAN_POINT ( 'NONE',  ( -6.216928910667008701, 60.30028721988032459, -1.723060173610334589 ) ) ;
#276 = CARTESIAN_POINT ( 'NONE',  ( 5.426066845603972233, 61.56549250604481927, -0.5101946560257736296 ) ) ;
#277 = CARTESIAN_POINT ( 'NONE',  ( 5.425852893101910546, 61.63692928940093196, -0.5124783692706639249 ) ) ;
#278 = ORIENTED_EDGE ( 'NONE', *, *, #2914, .F. ) ;
#279 = CARTESIAN_POINT ( 'NONE',  ( 6.341067289486585601, 59.25266139184353165, 1.184325393553968819 ) ) ;
#280 = CARTESIAN_POINT ( 'NONE',  ( -5.626774664607166798, 60.18315681077795887, -0.1890086996354659876 ) ) ;
#281 = VERTEX_POINT ( 'NONE', #3094 ) ;
#282 = CARTESIAN_POINT ( 'NONE',  ( -0.09563522709087519946, 60.59137516403162493, -5.399125948268607367 ) ) ;
#283 = CARTESIAN_POINT ( 'NONE',  ( 0.5941894622205851073, 59.51285562316203226, -6.370734168661972063 ) ) ;
#284 = DIRECTION ( 'NONE',  ( -1.224646799147353454E-16, 1.000000000000000000, -0.000000000000000000 ) ) ;
#285 = CARTESIAN_POINT ( 'NONE',  ( 2.934839743076588903, 58.96969809641640126, -5.728899433781289297 ) ) ;
#286 = DIRECTION ( 'NONE',  ( -1.000000000000000000, -1.224646799147353454E-16, 0.000000000000000000 ) ) ;
#287 = CARTESIAN_POINT ( 'NONE',  ( -2.971581993023781454, 59.13224924531139237, 5.587507623120867351 ) ) ;
#288 = B_SPLINE_CURVE_WITH_KNOTS ( 'NONE', 3,
 ( #1980, #745, #2651, #1472 ),
 .UNSPECIFIED., .F., .F.,
 ( 4, 4 ),
 ( 2.113244082147693669E-14, 0.001118196875417161625 ),
 .UNSPECIFIED. ) ;
#289 = EDGE_LOOP ( 'NONE', ( #2715, #934, #1492, #1428 ) ) ;
#290 = CARTESIAN_POINT ( 'NONE',  ( 6.427515384650034136, 61.11598259897003516, -0.2176417424245546961 ) ) ;
#291 = ADVANCED_FACE ( 'NONE', ( #2622 ), #1096, .T. ) ;
#292 = FACE_OUTER_BOUND ( 'NONE', #939, .T. ) ;
#293 = ORIENTED_EDGE ( 'NONE', *, *, #1471, .F. ) ;
#294 = CARTESIAN_POINT ( 'NONE',  ( 6.451103608806239897, 60.69972949893994496, 0.03707461340817447965 ) ) ;
#295 = CARTESIAN_POINT ( 'NONE',  ( -1.402701807043863713, 61.27025934688065689, 6.127253618320483319 ) ) ;
#296 = CIRCLE ( 'NONE', #2553, 0.8000000000000003775 ) ;
#297 = CARTESIAN_POINT ( 'NONE',  ( -1.388303804727372581, 59.03195557213490474, 6.242858306292361270 ) ) ;
#298 = AXIS2_PLACEMENT_3D ( 'NONE', #1291, #2938, #320 ) ;
#299 =( NAMED_UNIT ( * ) SI_UNIT ( $, .STERADIAN. ) SOLID_ANGLE_UNIT ( ) );
#300 = CARTESIAN_POINT ( 'NONE',  ( -1.372435697232176288, 61.32480631618153666, 5.945034998766646872 ) ) ;
#301 = AXIS2_PLACEMENT_3D ( 'NONE', #2085, #2038, #616 ) ;
#302 = CARTESIAN_POINT ( 'NONE',  ( -6.254720882015550210, 59.03174734307176408, -1.334507247861512980 ) ) ;
#303 = CARTESIAN_POINT ( 'NONE',  ( -6.440763232261597970, 61.13531700794373336, 0.3475425828822913399 ) ) ;
#304 = CIRCLE ( 'NONE', #2958, 6.449999999999998401 ) ;
#305 = CARTESIAN_POINT ( 'NONE',  ( 0.4116813868009615573, 59.75488331714726087, -6.385144803139989556 ) ) ;
#306 = ADVANCED_FACE ( 'NONE', ( #1241 ), #53, .T. ) ;
#307 = PRESENTATION_LAYER_ASSIGNMENT (  '', '', ( #2108 ) ) ;
#308 = ORIENTED_EDGE ( 'NONE', *, *, #865, .T. ) ;
#309 = CARTESIAN_POINT ( 'NONE',  ( -7.458165893633704163E-15, 61.95054617238513828, 0.000000000000000000 ) ) ;
#310 = DIRECTION ( 'NONE',  ( -0.9999999949786037012, -0.0001002137340110130194, 1.224646792997916210E-16 ) ) ;
#311 = ORIENTED_EDGE ( 'NONE', *, *, #2687, .T. ) ;
#312 = PRODUCT_RELATED_PRODUCT_CATEGORY ( 'part', '', ( #1656 ) ) ;
#313 = ADVANCED_FACE ( 'NONE', ( #316 ), #27, .T. ) ;
#314 = FACE_OUTER_BOUND ( 'NONE', #2523, .T. ) ;
#315 = CARTESIAN_POINT ( 'NONE',  ( -5.795992701057307350, 59.91948066498103032, -0.3540948692114325724 ) ) ;
#316 = FACE_OUTER_BOUND ( 'NONE', #2003, .T. ) ;
#317 = CYLINDRICAL_SURFACE ( 'NONE', #1905, 8.000000000000007105 ) ;
#318 = CARTESIAN_POINT ( 'NONE',  ( -7.274401986935279791E-15, 60.45000000000001705, 0.000000000000000000 ) ) ;
#319 = CARTESIAN_POINT ( 'NONE',  ( 2.784633816824761077, 59.15624651823392099, -5.665179074813360138 ) ) ;
#320 = DIRECTION ( 'NONE',  ( -1.000000000000000000, -1.224646799147353454E-16, 0.000000000000000000 ) ) ;
#321 = B_SPLINE_CURVE_WITH_KNOTS ( 'NONE', 3,
 ( #2264, #1061, #575, #111, #127, #1873, #1543, #2032, #2002, #2972, #2987, #2487, #831, #817, #1526, #843, #2471, #324, #1281 ),
 .UNSPECIFIED., .F., .F.,
 ( 4, 3, 3, 3, 3, 3, 4 ),
 ( 1.002522364409493689E-14, 1.529214494921721904E-05, 3.052519032107436052E-05, 4.661085505750144976E-05, 6.476783829956195412E-05, 8.088262853637331429E-05, 8.240760406874009605E-05 ),
 .UNSPECIFIED. ) ;
#322 = VERTEX_POINT ( 'NONE', #1929 ) ;
#323 = CARTESIAN_POINT ( 'NONE',  ( -1.760399264771788541, 60.62041509938573114, 6.115805015269286216 ) ) ;
#324 = CARTESIAN_POINT ( 'NONE',  ( 0.2699002373686528733, 61.09427630570790768, 6.396428427756813306 ) ) ;
#325 = ORIENTED_EDGE ( 'NONE', *, *, #479, .T. ) ;
#326 = ORIENTED_EDGE ( 'NONE', *, *, #126, .T. ) ;
#327 = CARTESIAN_POINT ( 'NONE',  ( 0.5795445314056529851, 61.57785167227458345, 5.419098932324734719 ) ) ;
#328 = CARTESIAN_POINT ( 'NONE',  ( -0.7019683059617876086, 61.58269697024723399, -5.404603639252848701 ) ) ;
#329 = B_SPLINE_CURVE_WITH_KNOTS ( 'NONE', 3,
 ( #423, #2330, #185, #1161 ),
 .UNSPECIFIED., .F., .F.,
 ( 4, 4 ),
 ( 0.4868840752066537769, 1.000000000000000000 ),
 .UNSPECIFIED. ) ;
#330 = CARTESIAN_POINT ( 'NONE',  ( -0.3714149696079047658, 61.15000000000001279, -6.439297393376951284 ) ) ;
#331 = CARTESIAN_POINT ( 'NONE',  ( -0.4466935830046626643, 61.13497969880113203, -6.434641082936396472 ) ) ;
#332 = EDGE_CURVE ( 'NONE', #1601, #2803, #2197, .T. ) ;
#333 = CARTESIAN_POINT ( 'NONE',  ( -7.090704967063177069E-15, 58.95000000000000995, 0.000000000000000000 ) ) ;
#334 = CARTESIAN_POINT ( 'NONE',  ( 6.388051642001987496, 60.03368997532046336, 0.3793771878045480439 ) ) ;
#335 = DIRECTION ( 'NONE',  ( -1.224646799147353454E-16, 1.000000000000000000, -0.000000000000000000 ) ) ;
#336 = ORIENTED_EDGE ( 'NONE', *, *, #1844, .T. ) ;
#337 = CARTESIAN_POINT ( 'NONE',  ( 5.349999999999999645, 61.95054617238513828, 6.551860375438348570E-16 ) ) ;
#338 = DIRECTION ( 'NONE',  ( 0.000000000000000000, -0.000000000000000000, -1.000000000000000000 ) ) ;
#339 = CARTESIAN_POINT ( 'NONE',  ( -0.6150012800527159262, 61.41701726184680865, -5.727842631428286424 ) ) ;
#340 = ORIENTED_EDGE ( 'NONE', *, *, #2969, .F. ) ;
#341 = CARTESIAN_POINT ( 'NONE',  ( 5.557906668397728289, 59.08498000209909407, 3.091916387388450094 ) ) ;
#342 = EDGE_CURVE ( 'NONE', #862, #2574, #1302, .T. ) ;
#343 = CARTESIAN_POINT ( 'NONE',  ( 1.808086567856360016, 58.95000000000000995, -6.191391036199972220 ) ) ;
#344 = DIRECTION ( 'NONE',  ( -1.224646799147353454E-16, 1.000000000000000000, -0.000000000000000000 ) ) ;
#345 = DIRECTION ( 'NONE',  ( 0.000000000000000000, 0.000000000000000000, -1.000000000000000000 ) ) ;
#346 = EDGE_CURVE ( 'NONE', #970, #156, #2269, .T. ) ;
#347 = CONICAL_SURFACE ( 'NONE', #755, 6.449999999999997513, 0.5880026035475675039 ) ;
#348 = CARTESIAN_POINT ( 'NONE',  ( -5.450000000000009059, 61.65000000000001279, 2.253428067299014382E-15 ) ) ;
#349 = CARTESIAN_POINT ( 'NONE',  ( 5.449999999999991296, 60.67295487547522015, -2.645453300864630819E-13 ) ) ;
#350 = CIRCLE ( 'NONE', #1611, 5.450000000000000178 ) ;
#351 = DIRECTION ( 'NONE',  ( 0.000000000000000000, -0.000000000000000000, -1.000000000000000000 ) ) ;
#352 = EDGE_LOOP ( 'NONE', ( #2068, #35, #246, #191 ) ) ;
#353 = TOROIDAL_SURFACE ( 'NONE', #2105, 6.050000000000006928, 1.699999999999999289 ) ;
#354 = CARTESIAN_POINT ( 'NONE',  ( -6.509813084112159309, 55.76082845716489800, 0.000000000000000000 ) ) ;
#355 = CARTESIAN_POINT ( 'NONE',  ( 5.428848514577516049, 61.65000000000001279, -0.4796913651186822114 ) ) ;
#356 =( BOUNDED_SURFACE ( )  B_SPLINE_SURFACE ( 3, 2, ( 
 ( #827, #303, #1779 ),
 ( #536, #1262, #2732 ),
 ( #1719, #991, #1949 ),
 ( #2904, #766, #2673 ),
 ( #1012, #1968, #523 ),
 ( #1245, #2217, #2922 ),
 ( #783, #1731, #2689 ),
 ( #2322, #1343, #2088 ),
 ( #1325, #2041, #666 ),
 ( #1596, #1627, #2746 ),
 ( #414, #621, #2290 ),
 ( #603, #151, #1376 ) ),
 .UNSPECIFIED., .F., .F., .T. ) 
 B_SPLINE_SURFACE_WITH_KNOTS ( ( 4, 2, 2, 2, 2, 4 ),
 ( 3, 3 ),
 ( 0.001450426266248334029, 0.002218041705046548510, 0.002985657143844762558, 0.003753272582642977039, 0.004137080302042084497, 0.004520888021441191520 ),
 ( 0.000000000000000000, 1.000000000000000000 ),
 .UNSPECIFIED. ) 
 GEOMETRIC_REPRESENTATION_ITEM ( )  RATIONAL_B_SPLINE_SURFACE ( (
 ( 1.000000000000000000, 0.7214546397514097764, 1.000000000000000000),
 ( 1.000000000000000000, 0.7155908241041452067, 1.000000000000000000),
 ( 1.000000000000000000, 0.7096000176006388438, 1.000000000000000000),
 ( 1.000000000000000000, 0.6972610881464703647, 1.000000000000000000),
 ( 1.000000000000000000, 0.6907949189061137751, 1.000000000000000000),
 ( 1.000000000000000000, 0.6786076367751752159, 1.000000000000000000),
 ( 1.000000000000000000, 0.6728575174009071569, 1.000000000000000000),
 ( 1.000000000000000000, 0.6712570172200312824, 1.000000000000000000),
 ( 1.000000000000000000, 0.6720481322482506625, 1.000000000000000000),
 ( 1.000000000000000000, 0.6768795076431858293, 1.000000000000000000),
 ( 1.000000000000000000, 0.6821001273108555640, 1.000000000000000000),
 ( 1.000000000000000000, 0.6769168613820447655, 1.000000000000000000) ) ) 
 REPRESENTATION_ITEM ( '' )  SURFACE ( )  );
#357 = CARTESIAN_POINT ( 'NONE',  ( 0.1375896106293747478, 60.18710833624830059, -5.625882710793674413 ) ) ;
#358 = CIRCLE ( 'NONE', #2758, 6.999999999999999112 ) ;
#359 = VERTEX_POINT ( 'NONE', #297 ) ;
#360 = CARTESIAN_POINT ( 'NONE',  ( 0.4230548039896648294, 61.49073618601309477, 5.755116904002004929 ) ) ;
#361 = ORIENTED_EDGE ( 'NONE', *, *, #2415, .F. ) ;
#362 = B_SPLINE_CURVE_WITH_KNOTS ( 'NONE', 3,
 ( #1689, #2856, #1179, #2384, #189, #3063, #2839 ),
 .UNSPECIFIED., .F., .F.,
 ( 4, 3, 4 ),
 ( 0.000000000000000000, 1.513065517880044324E-05, 2.447340654293563215E-05 ),
 .UNSPECIFIED. ) ;
#363 = CARTESIAN_POINT ( 'NONE',  ( -0.6609185243949742272, 61.65000000000001279, -5.409776955116688768 ) ) ;
#364 = CARTESIAN_POINT ( 'NONE',  ( -7.458165893633704163E-15, 61.95054617238513828, 0.000000000000000000 ) ) ;
#365 = CARTESIAN_POINT ( 'NONE',  ( -1.406523606702769991, 59.02354954643201523, 5.413942107742939491 ) ) ;
#366 = B_SPLINE_CURVE_WITH_KNOTS ( 'NONE', 3,
 ( #1330, #1391, #2293, #2534 ),
 .UNSPECIFIED., .F., .F.,
 ( 4, 4 ),
 ( 0.000000000000000000, 0.0001975670627291086921 ),
 .UNSPECIFIED. ) ;
#367 = CARTESIAN_POINT ( 'NONE',  ( 6.238872666905180608, 61.16894153524470568, 1.482273894857019325 ) ) ;
#368 = CARTESIAN_POINT ( 'NONE',  ( 1.696697407354773812, 60.57189009955830983, -6.146776165803792047 ) ) ;
#369 = EDGE_CURVE ( 'NONE', #2583, #2539, #288, .T. ) ;
#370 = CARTESIAN_POINT ( 'NONE',  ( -6.410249249254292181, 59.02326916368674858, -1.352681184185623442 ) ) ;
#371 = ORIENTED_EDGE ( 'NONE', *, *, #408, .T. ) ;
#372 = CARTESIAN_POINT ( 'NONE',  ( 0.9082185660970245600, 61.94997535798203359, -5.373821117498334132 ) ) ;
#373 = CARTESIAN_POINT ( 'NONE',  ( 5.686511669145548176, 58.95000000000001705, 3.044024480300940194 ) ) ;
#374 = ORIENTED_EDGE ( 'NONE', *, *, #2762, .T. ) ;
#375 =( BOUNDED_SURFACE ( )  B_SPLINE_SURFACE ( 3, 2, ( 
 ( #1617, #416, #180 ),
 ( #1138, #901, #3066 ),
 ( #978, #240, #226 ),
 ( #1706, #2373, #749 ) ),
 .UNSPECIFIED., .F., .F., .T. ) 
 B_SPLINE_SURFACE_WITH_KNOTS ( ( 4, 4 ),
 ( 3, 3 ),
 ( 0.001449276709717551865, 0.002637648588047358453 ),
 ( 0.000000000000000000, 1.000000000000000000 ),
 .UNSPECIFIED. ) 
 GEOMETRIC_REPRESENTATION_ITEM ( )  RATIONAL_B_SPLINE_SURFACE ( (
 ( 1.000000000000000000, 0.4906087838717980154, 1.000000000000000000),
 ( 1.000000000000000000, 0.5212168542523818449, 1.000000000000000000),
 ( 1.000000000000000000, 0.5378198003386636117, 1.000000000000000000),
 ( 1.000000000000000000, 0.5440261304018401134, 1.000000000000000000) ) ) 
 REPRESENTATION_ITEM ( '' )  SURFACE ( )  );
#376 = FACE_OUTER_BOUND ( 'NONE', #2867, .T. ) ;
#377 = ORIENTED_EDGE ( 'NONE', *, *, #2419, .T. ) ;
#378 = DIRECTION ( 'NONE',  ( -1.224646799147353454E-16, 1.000000000000000000, -0.000000000000000000 ) ) ;
#379 = CARTESIAN_POINT ( 'NONE',  ( 1.017624409675144781, 61.48034541719876245, -5.699201500739635051 ) ) ;
#380 = CARTESIAN_POINT ( 'NONE',  ( 0.3408359689521442970, 61.25244839662782681, 6.409752121817017922 ) ) ;
#381 = CARTESIAN_POINT ( 'NONE',  ( -6.348874328473134376, 59.19764177704490749, -1.142419729878158430 ) ) ;
#382 = CARTESIAN_POINT ( 'NONE',  ( 5.449999999999991296, 60.67295487547522015, -2.645453300864630819E-13 ) ) ;
#383 = CARTESIAN_POINT ( 'NONE',  ( 0.2285345024659771462, 61.14908708710550655, 6.445950044887301722 ) ) ;
#384 = ADVANCED_FACE ( 'NONE', ( #2416 ), #1992, .F. ) ;
#385 = VERTEX_POINT ( 'NONE', #2899 ) ;
#386 = CARTESIAN_POINT ( 'NONE',  ( -0.02269058370663134400, 60.45000000000000284, -5.449952764695424889 ) ) ;
#387 = CARTESIAN_POINT ( 'NONE',  ( -6.897544019183280990E-15, 57.37272116324168536, 0.000000000000000000 ) ) ;
#388 = ORIENTED_EDGE ( 'NONE', *, *, #537, .T. ) ;
#389 = EDGE_CURVE ( 'NONE', #2989, #359, #1423, .T. ) ;
#390 = CARTESIAN_POINT ( 'NONE',  ( 5.560554374273268152, 59.06209229293285290, 3.118407006044379592 ) ) ;
#391 = ORIENTED_EDGE ( 'NONE', *, *, #1215, .F. ) ;
#392 = CARTESIAN_POINT ( 'NONE',  ( -1.186374165135814840, 59.12652912627006430, 6.287146999491755928 ) ) ;
#393 = CARTESIAN_POINT ( 'NONE',  ( 1.636901931921591169, 60.34807654395341814, -6.240249251866663904 ) ) ;
#394 = CARTESIAN_POINT ( 'NONE',  ( 0.02572968930745635208, 60.62926880137028718, 6.409752121817017922 ) ) ;
#395 = CARTESIAN_POINT ( 'NONE',  ( 5.310201153248940820, 61.61622794866916308, 1.227140060739183580 ) ) ;
#396 = CARTESIAN_POINT ( 'NONE',  ( 5.449999999999992184, 61.95054617238513828, 6.674325055353075238E-16 ) ) ;
#397 = CARTESIAN_POINT ( 'NONE',  ( -6.393857542552725981, 61.09412793640267836, 0.3236498235010905056 ) ) ;
#398 = ORIENTED_EDGE ( 'NONE', *, *, #638, .F. ) ;
#399 = CARTESIAN_POINT ( 'NONE',  ( -7.090704967063177069E-15, 62.15000000000001279, -6.449999999999998401 ) ) ;
#400 = AXIS2_PLACEMENT_3D ( 'NONE', #2331, #2577, #3 ) ;
#401 = CARTESIAN_POINT ( 'NONE',  ( -5.359320059580839235, 61.65000000000001279, -0.9900446954428517854 ) ) ;
#402 = ORIENTED_EDGE ( 'NONE', *, *, #1247, .T. ) ;
#403 = B_SPLINE_CURVE_WITH_KNOTS ( 'NONE', 3,
 ( #222, #1164, #1688, #1676, #2855, #459, #2635, #697 ),
 .UNSPECIFIED., .F., .F.,
 ( 4, 2, 2, 4 ),
 ( 8.327237354173777441E-17, 0.0008708755233708326878, 0.001306313285056215747, 0.001741751046741599022 ),
 .UNSPECIFIED. ) ;
#404 = CIRCLE ( 'NONE', #251, 8.200000000000008171 ) ;
#405 = CARTESIAN_POINT ( 'NONE',  ( -7.605337138359266023E-31, 58.95000000000001705, 0.000000000000000000 ) ) ;
#406 = AXIS2_PLACEMENT_3D ( 'NONE', #2988, #610, #1575 ) ;
#407 = EDGE_LOOP ( 'NONE', ( #918, #2268, #2589, #2247 ) ) ;
#408 = EDGE_CURVE ( 'NONE', #79, #2738, #296, .T. ) ;
#409 = ORIENTED_EDGE ( 'NONE', *, *, #2991, .T. ) ;
#410 = CARTESIAN_POINT ( 'NONE',  ( -0.5691086421403674933, 61.34179665046239194, -5.881173291744640430 ) ) ;
#411 = CARTESIAN_POINT ( 'NONE',  ( 1.066534172493772692, 61.39561335983611912, -5.862549263353902695 ) ) ;
#412 = DIRECTION ( 'NONE',  ( -1.224646799147353454E-16, 1.000000000000000000, -0.000000000000000000 ) ) ;
#413 = CARTESIAN_POINT ( 'NONE',  ( -0.8839525345707273107, 61.95002443646470169, 5.377865851842702938 ) ) ;
#414 = CARTESIAN_POINT ( 'NONE',  ( -6.246918310335400015, 58.98338845690530263, -1.610571873703496637 ) ) ;
#415 = ORIENTED_EDGE ( 'NONE', *, *, #2435, .F. ) ;
#416 = CARTESIAN_POINT ( 'NONE',  ( 5.440267665917660089, 61.64036042967000384, -0.5684692059292056898 ) ) ;
#417 = CARTESIAN_POINT ( 'NONE',  ( -6.276050113223237581, 61.15844480163758590, -1.417198141553239754 ) ) ;
#418 = ORIENTED_EDGE ( 'NONE', *, *, #1561, .F. ) ;
#419 = DIRECTION ( 'NONE',  ( 0.000000000000000000, 0.000000000000000000, -1.000000000000000000 ) ) ;
#420 = ORIENTED_EDGE ( 'NONE', *, *, #2876, .F. ) ;
#421 = VERTEX_POINT ( 'NONE', #2024 ) ;
#422 = EDGE_CURVE ( 'NONE', #691, #2803, #1852, .T. ) ;
#423 = CARTESIAN_POINT ( 'NONE',  ( 5.449999999999991296, 61.94994392097251534, -2.342759920043044762E-09 ) ) ;
#424 = CARTESIAN_POINT ( 'NONE',  ( -5.414608989249427573, 61.64331761220558548, 0.6201014686269604725 ) ) ;
#425 = CARTESIAN_POINT ( 'NONE',  ( -6.939188369081852832E-15, 61.65000000000001279, -5.450000000000001954 ) ) ;
#426 = EDGE_CURVE ( 'NONE', #900, #1045, #2645, .T. ) ;
#427 = CARTESIAN_POINT ( 'NONE',  ( -0.7247623478114838536, 59.61645804751981359, 6.409792838633425305 ) ) ;
#428 = DIRECTION ( 'NONE',  ( -1.224646799147353454E-16, 1.000000000000000000, -0.000000000000000000 ) ) ;
#429 = DIRECTION ( 'NONE',  ( 0.000000000000000000, -0.000000000000000000, -1.000000000000000000 ) ) ;
#430 = CARTESIAN_POINT ( 'NONE',  ( 6.446970308680146644, 61.16025061732225510, -0.1976710373234313589 ) ) ;
#431 = CARTESIAN_POINT ( 'NONE',  ( -6.100052724660343095, 60.94843037559684973, -1.539806036104373943 ) ) ;
#432 = DIRECTION ( 'NONE',  ( -1.224646799147353454E-16, 1.000000000000000000, -0.000000000000000000 ) ) ;
#433 = ORIENTED_EDGE ( 'NONE', *, *, #982, .F. ) ;
#434 = B_SPLINE_CURVE_WITH_KNOTS ( 'NONE', 3,
 ( #1863, #435, #690, #1651, #770, #2942, #1924, #2205, #2186, #2677, #2158, #1723, #542, #786, #1016, #2880, #738, #753, #1220 ),
 .UNSPECIFIED., .F., .F.,
 ( 4, 3, 3, 3, 3, 3, 4 ),
 ( -1.526131275119498708E-06, 0.000000000000000000, 1.561745509832943688E-05, 3.392047830342989005E-05, 5.013572125546242558E-05, 6.547663823458114637E-05, 8.087803151336905643E-05 ),
 .UNSPECIFIED. ) ;
#435 = CARTESIAN_POINT ( 'NONE',  ( -6.394294659146534165, 61.09435338406233740, 0.3237797801582602553 ) ) ;
#436 = ORIENTED_EDGE ( 'NONE', *, *, #1900, .F. ) ;
#437 = CARTESIAN_POINT ( 'NONE',  ( 2.635774061913704003, 59.25785395731458038, -5.662227944211945641 ) ) ;
#438 = B_SPLINE_CURVE_WITH_KNOTS ( 'NONE', 3,
 ( #712, #1399, #971, #1638, #1624, #424, #1674, #2098, #694, #1385, #1421, #233, #2835, #1176, #678, #1654, #1869, #484, #726, #2620, #471, #1192 ),
 .UNSPECIFIED., .F., .F.,
 ( 4, 3, 3, 3, 3, 3, 3, 4 ),
 ( 0.000000000000000000, 1.566502119408558628E-05, 3.144501132028796329E-05, 4.585667024075891241E-05, 5.971406619691672717E-05, 7.466037100858452470E-05, 9.196797482631652028E-05, 0.0001117461925600212429 ),
 .UNSPECIFIED. ) ;
#439 = CARTESIAN_POINT ( 'NONE',  ( 0.5736703620917816826, 61.63695983916377230, 5.419724719175664340 ) ) ;
#440 = CARTESIAN_POINT ( 'NONE',  ( -0.3960817461827322306, 61.14286970225667517, -6.437827215011506787 ) ) ;
#441 = CARTESIAN_POINT ( 'NONE',  ( 6.396182927355700265, 60.30526018387662646, 0.2038576636576475698 ) ) ;
#442 = DIRECTION ( 'NONE',  ( 0.000000000000000000, -1.000000000000000000, 0.000000000000000000 ) ) ;
#443 = CARTESIAN_POINT ( 'NONE',  ( 2.310143799723165081, 59.58685985034317412, -6.025622242475806800 ) ) ;
#444 = EDGE_CURVE ( 'NONE', #1480, #385, #107, .T. ) ;
#445 = EDGE_CURVE ( 'NONE', #2738, #2912, #2848, .T. ) ;
#446 = EDGE_LOOP ( 'NONE', ( #402, #1441 ) ) ;
#447 = CARTESIAN_POINT ( 'NONE',  ( -7.090704967063177069E-15, 62.15000000000001279, 0.000000000000000000 ) ) ;
#448 = DIRECTION ( 'NONE',  ( 0.000000000000000000, -1.000000000000000000, 0.000000000000000000 ) ) ;
#449 = CARTESIAN_POINT ( 'NONE',  ( -5.615312840294277130, 59.13331874825064460, -2.917152068974617318 ) ) ;
#450 = AXIS2_PLACEMENT_3D ( 'NONE', #454, #1419, #1722 ) ;
#451 = CARTESIAN_POINT ( 'NONE',  ( 0.3589826358979382182, 61.24895292353399157, 6.081435477859582051 ) ) ;
#452 = VERTEX_POINT ( 'NONE', #3011 ) ;
#453 = CIRCLE ( 'NONE', #2454, 5.450000000000000178 ) ;
#454 = CARTESIAN_POINT ( 'NONE',  ( -7.458165893633704163E-15, 61.65000000000001279, 0.000000000000000000 ) ) ;
#455 = CIRCLE ( 'NONE', #2057, 3.650000000000009237 ) ;
#456 = DIRECTION ( 'NONE',  ( 1.000000000000000000, 0.000000000000000000, 0.000000000000000000 ) ) ;
#457 = CARTESIAN_POINT ( 'NONE',  ( -0.4228460441502577827, 61.09594578277447141, -6.394246442324474700 ) ) ;
#458 = AXIS2_PLACEMENT_3D ( 'NONE', #1540, #351, #587 ) ;
#459 = CARTESIAN_POINT ( 'NONE',  ( 5.538209172204819453, 59.35169693849897499, 2.748556345079195218 ) ) ;
#460 = CARTESIAN_POINT ( 'NONE',  ( -2.224105993834449624, 59.88390501732431659, 5.901899330115893960 ) ) ;
#461 = CARTESIAN_POINT ( 'NONE',  ( 2.156147512346128003, 59.80480555995799818, -5.926229688081187774 ) ) ;
#462 = ORIENTED_EDGE ( 'NONE', *, *, #979, .F. ) ;
#463 = DIRECTION ( 'NONE',  ( 1.000000000000000000, 0.000000000000000000, 0.000000000000000000 ) ) ;
#464 = EDGE_CURVE ( 'NONE', #1632, #2412, #3061, .T. ) ;
#465 = DIRECTION ( 'NONE',  ( 1.000000000000000000, 0.000000000000000000, 0.000000000000000000 ) ) ;
#466 = CARTESIAN_POINT ( 'NONE',  ( -6.258574982469457204, 58.98607911175290042, -1.458440407696923513 ) ) ;
#467 = EDGE_CURVE ( 'NONE', #790, #1621, #2196, .T. ) ;
#468 = CARTESIAN_POINT ( 'NONE',  ( 5.708023185831692992, 59.13490089414767681, 3.012476186753077378 ) ) ;
#469 = ORIENTED_EDGE ( 'NONE', *, *, #1451, .F. ) ;
#470 = CARTESIAN_POINT ( 'NONE',  ( -6.938893903907228378E-15, 57.37272116324168536, 0.000000000000000000 ) ) ;
#471 = CARTESIAN_POINT ( 'NONE',  ( -5.413436540582631018, 61.57209936341833156, 0.6302540482192064974 ) ) ;
#472 = CARTESIAN_POINT ( 'NONE',  ( 2.203516002790129935, 59.73475908268741819, -5.909522109418082536 ) ) ;
#473 = DIRECTION ( 'NONE',  ( -1.224646799147353454E-16, 1.000000000000000000, -0.000000000000000000 ) ) ;
#474 = CARTESIAN_POINT ( 'NONE',  ( -6.121201938648201946, 61.12752173794493160, -1.434842870605578469 ) ) ;
#475 = CARTESIAN_POINT ( 'NONE',  ( 2.935859585869661892, 59.07110086479394795, -5.563374193383333832 ) ) ;
#476 = EDGE_LOOP ( 'NONE', ( #6, #673 ) ) ;
#477 = CARTESIAN_POINT ( 'NONE',  ( 5.449999999999992184, 61.95000000753210401, 0.000000000000000000 ) ) ;
#478 = CARTESIAN_POINT ( 'NONE',  ( -7.458165893633704163E-15, 61.95054617238513828, 0.000000000000000000 ) ) ;
#479 = EDGE_CURVE ( 'NONE', #1738, #527, #1082, .T. ) ;
#480 = CARTESIAN_POINT ( 'NONE',  ( 5.297760417948106593, 61.66041737211390483, 1.190988241738621056 ) ) ;
#481 = CARTESIAN_POINT ( 'NONE',  ( 6.310758971812901130, 61.16522907583835433, 1.332974568280626881 ) ) ;
#482 = ORIENTED_EDGE ( 'NONE', *, *, #618, .T. ) ;
#483 = EDGE_CURVE ( 'NONE', #2047, #2203, #1300, .T. ) ;
#484 = CARTESIAN_POINT ( 'NONE',  ( -5.412560019464232042, 61.58961029981892210, 0.6377288183148749345 ) ) ;
#485 = EDGE_LOOP ( 'NONE', ( #886, #1752, #2662, #82, #2477 ) ) ;
#486 = CARTESIAN_POINT ( 'NONE',  ( -0.4216510616742900619, 61.09376728189639039, -6.390110693380059992 ) ) ;
#487 = ORIENTED_EDGE ( 'NONE', *, *, #1268, .T. ) ;
#488 = CARTESIAN_POINT ( 'NONE',  ( -0.4048435349477593759, 60.02776818761660849, 6.439230517537340326 ) ) ;
#489 = CARTESIAN_POINT ( 'NONE',  ( -5.364852159594503789, 61.95000591976099003, 0.9599120255097688403 ) ) ;
#490 = DIRECTION ( 'NONE',  ( -1.000000000000000000, 0.000000000000000000, 0.000000000000000000 ) ) ;
#491 = DIRECTION ( 'NONE',  ( -1.000000000000000000, -1.224646799147353454E-16, 0.000000000000000000 ) ) ;
#492 = DIRECTION ( 'NONE',  ( 0.000000000000000000, -1.000000000000000000, 0.000000000000000000 ) ) ;
#493 = CARTESIAN_POINT ( 'NONE',  ( -6.087979455504639148, 59.67840075319311666, -2.135711525583554593 ) ) ;
#494 = CARTESIAN_POINT ( 'NONE',  ( -5.664449342829851020, 58.97902427968745798, -3.044228064956319368 ) ) ;
#495 = CARTESIAN_POINT ( 'NONE',  ( 6.242134519509630053, 58.99008366758834399, 1.515457182666570590 ) ) ;
#496 = VERTEX_POINT ( 'NONE', #866 ) ;
#497 = AXIS2_PLACEMENT_3D ( 'NONE', #2278, #2782, #874 ) ;
#498 = CARTESIAN_POINT ( 'NONE',  ( -1.229081202232374936, 59.10652732617290894, 6.227337700330648040 ) ) ;
#499 = EDGE_CURVE ( 'NONE', #725, #1572, #75, .T. ) ;
#500 = AXIS2_PLACEMENT_3D ( 'NONE', #173, #849, #2526 ) ;
#501 = CARTESIAN_POINT ( 'NONE',  ( -6.276314845630184232E-15, 52.29999999999999716, 0.000000000000000000 ) ) ;
#502 = ORIENTED_EDGE ( 'NONE', *, *, #1844, .F. ) ;
#503 = CIRCLE ( 'NONE', #2356, 1.699999999999999289 ) ;
#504 = CARTESIAN_POINT ( 'NONE',  ( -1.295887923314602563, 59.07303447944004660, 6.319715732959619636 ) ) ;
#505 = CARTESIAN_POINT ( 'NONE',  ( 1.124072388445259696, 61.15000000000001279, -6.351296030381118563 ) ) ;
#506 = CARTESIAN_POINT ( 'NONE',  ( 1.706177314176562820, 60.53288650248384783, -6.058573223101847205 ) ) ;
#507 = CIRCLE ( 'NONE', #406, 8.000000000000012434 ) ;
#508 = CARTESIAN_POINT ( 'NONE',  ( 6.389252510783842709, 59.48310387678256461, 0.9046268783172183303 ) ) ;
#509 = CARTESIAN_POINT ( 'NONE',  ( -3.800970789341030276, 61.95011024264005783, 2.190742564613418430 ) ) ;
#510 = CARTESIAN_POINT ( 'NONE',  ( -3.092187498813727231, 59.02343751480069045, 5.604620289019995205 ) ) ;
#511 = CARTESIAN_POINT ( 'NONE',  ( -5.730427543090748088, 58.95000000000003837, -2.960750445858951974 ) ) ;
#512 = CYLINDRICAL_SURFACE ( 'NONE', #1756, 6.449999999999998401 ) ;
#513 = ORIENTED_EDGE ( 'NONE', *, *, #1713, .F. ) ;
#514 = CARTESIAN_POINT ( 'NONE',  ( 5.583763433307188606, 59.00532147939276228, 3.154319077209504218 ) ) ;
#515 = CARTESIAN_POINT ( 'NONE',  ( -2.448836249172863244, 59.58297831223929109, 5.970773310572252690 ) ) ;
#516 = B_SPLINE_CURVE_WITH_KNOTS ( 'NONE', 3,
 ( #232, #1175, #927, #1131 ),
 .UNSPECIFIED., .F., .F.,
 ( 4, 4 ),
 ( 0.000000000000000000, 0.001109353860949569871 ),
 .UNSPECIFIED. ) ;
#517 = ORIENTED_EDGE ( 'NONE', *, *, #2452, .F. ) ;
#518 = EDGE_CURVE ( 'NONE', #496, #612, #2148, .T. ) ;
#519 = CARTESIAN_POINT ( 'NONE',  ( -1.321978671975924557, 59.12167258139901094, 6.314172629070987419 ) ) ;
#520 = CARTESIAN_POINT ( 'NONE',  ( 1.273308247578998076, 59.01659336907406583, -6.269708181047672468 ) ) ;
#521 = CARTESIAN_POINT ( 'NONE',  ( 6.049999999999999822, 56.59330874734161654, 7.409113134841495396E-16 ) ) ;
#522 = CARTESIAN_POINT ( 'NONE',  ( 6.223236092207177883, 59.00069859949506679, 1.474090858249267555 ) ) ;
#523 = CARTESIAN_POINT ( 'NONE',  ( -6.392702252069048185, 60.00541829023135421, -0.3017780128637934101 ) ) ;
#524 = CARTESIAN_POINT ( 'NONE',  ( -3.101559555187066053, 59.00702973508966664, 5.611939780630677888 ) ) ;
#525 = VERTEX_POINT ( 'NONE', #1836 ) ;
#526 = CARTESIAN_POINT ( 'NONE',  ( -6.938893903907228378E-15, 56.59330874734161654, 0.000000000000000000 ) ) ;
#527 = VERTEX_POINT ( 'NONE', #769 ) ;
#528 = CARTESIAN_POINT ( 'NONE',  ( -6.254720882015550210, 59.03174734307176408, -1.334507247861512980 ) ) ;
#529 = DIRECTION ( 'NONE',  ( 0.000000000000000000, -1.000000000000000000, 0.000000000000000000 ) ) ;
#530 = EDGE_LOOP ( 'NONE', ( #904, #863, #2469, #1216 ) ) ;
#531 = CARTESIAN_POINT ( 'NONE',  ( 0.2697706119012503456, 61.09405233734759122, 6.395990900731510997 ) ) ;
#532 = DIRECTION ( 'NONE',  ( -1.224646799147353454E-16, 1.000000000000000000, -0.000000000000000000 ) ) ;
#533 = CARTESIAN_POINT ( 'NONE',  ( -7.090704967063177069E-15, 58.95000000000000995, 0.000000000000000000 ) ) ;
#534 = ADVANCED_FACE ( 'NONE', ( #1371 ), #1609, .F. ) ;
#535 = CARTESIAN_POINT ( 'NONE',  ( 6.195528676380641642, 58.94797354700738623, 1.587654160967978179 ) ) ;
#536 = CARTESIAN_POINT ( 'NONE',  ( -6.448997953831145935, 60.93529828436692242, 0.1742505741441934819 ) ) ;
#537 = EDGE_CURVE ( 'NONE', #167, #322, #1607, .T. ) ;
#538 = EDGE_CURVE ( 'NONE', #385, #2740, #329, .T. ) ;
#539 = CARTESIAN_POINT ( 'NONE',  ( -5.659898631683971892, 59.03752267625215921, -3.093953131594880279 ) ) ;
#540 = ORIENTED_EDGE ( 'NONE', *, *, #2300, .F. ) ;
#541 = CARTESIAN_POINT ( 'NONE',  ( -1.200061257241619161, 61.57434211376737210, 5.112664728536529424 ) ) ;
#542 = CARTESIAN_POINT ( 'NONE',  ( -6.433371873033657984, 61.12452588674608478, 0.3180719220100324818 ) ) ;
#543 = ORIENTED_EDGE ( 'NONE', *, *, #272, .F. ) ;
#544 = DIRECTION ( 'NONE',  ( -1.000000000000000000, 0.000000000000000000, 0.000000000000000000 ) ) ;
#545 = CARTESIAN_POINT ( 'NONE',  ( -3.148218241188053490, 59.03722977448418874, 5.629885075113201687 ) ) ;
#546 = VECTOR ( 'NONE', #1199, 1000.000000000000000 ) ;
#547 = CARTESIAN_POINT ( 'NONE',  ( 0.9166650567605345579, 59.16336451438955635, -6.413296266632371179 ) ) ;
#548 = AXIS2_PLACEMENT_3D ( 'NONE', #2896, #756, #1514 ) ;
#549 = CARTESIAN_POINT ( 'NONE',  ( -7.458165893633704163E-15, 61.95054617238513828, 0.000000000000000000 ) ) ;
#550 = CARTESIAN_POINT ( 'NONE',  ( 5.399135217582688483E-32, 2.075409162179532530, 0.000000000000000000 ) ) ;
#551 = AXIS2_PLACEMENT_3D ( 'NONE', #1243, #1762, #1487 ) ;
#552 = CARTESIAN_POINT ( 'NONE',  ( 6.325414808999757277, 59.12499752399606479, 1.266876792160730680 ) ) ;
#553 = FACE_OUTER_BOUND ( 'NONE', #2081, .T. ) ;
#554 = CIRCLE ( 'NONE', #256, 5.450000000000000178 ) ;
#555 = CARTESIAN_POINT ( 'NONE',  ( -5.691455943888270141, 58.89193346131985862, -3.034770047100591839 ) ) ;
#556 =( BOUNDED_SURFACE ( )  B_SPLINE_SURFACE ( 3, 2, ( 
 ( #115, #1821, #1065 ),
 ( #360, #835, #1589 ),
 ( #1789, #594, #451 ),
 ( #1416, #1445, #954 ) ),
 .UNSPECIFIED., .F., .F., .F. ) 
 B_SPLINE_SURFACE_WITH_KNOTS ( ( 4, 4 ),
 ( 3, 3 ),
 ( 0.001517647376097835607, 0.002719831076367475956 ),
 ( 0.000000000000000000, 1.000000000000000000 ),
 .UNSPECIFIED. ) 
 GEOMETRIC_REPRESENTATION_ITEM ( )  RATIONAL_B_SPLINE_SURFACE ( (
 ( 1.000000000000000000, 0.5028056785729269063, 1.000000000000000000),
 ( 1.000000000000000000, 0.5182765278031743472, 1.000000000000000000),
 ( 1.000000000000000000, 0.5280179652649884536, 1.000000000000000000),
 ( 1.000000000000000000, 0.5322510052873903330, 1.000000000000000000) ) ) 
 REPRESENTATION_ITEM ( '' )  SURFACE ( )  );
#557 = EDGE_CURVE ( 'NONE', #527, #257, #950, .T. ) ;
#558 = VERTEX_POINT ( 'NONE', #2143 ) ;
#559 = CARTESIAN_POINT ( 'NONE',  ( -0.6609185243949742272, 61.65000000000001279, -5.409776955116688768 ) ) ;
#560 = DIRECTION ( 'NONE',  ( -1.224646799147353454E-16, 1.000000000000000000, -0.000000000000000000 ) ) ;
#561 = ORIENTED_EDGE ( 'NONE', *, *, #1170, .F. ) ;
#562 = ORIENTED_EDGE ( 'NONE', *, *, #1170, .T. ) ;
#563 = EDGE_CURVE ( 'NONE', #2123, #829, #1047, .T. ) ;
#564 = CARTESIAN_POINT ( 'NONE',  ( -5.450000000000009059, 61.65000000000001279, 2.253428067299014382E-15 ) ) ;
#565 = CARTESIAN_POINT ( 'NONE',  ( -1.545599955411497417, 61.03777573757840003, 6.265206506898437944 ) ) ;
#566 = VERTEX_POINT ( 'NONE', #2590 ) ;
#567 = CARTESIAN_POINT ( 'NONE',  ( 5.962830716264512887, 60.20789366252689234, 2.045850267302424363 ) ) ;
#568 = CYLINDRICAL_SURFACE ( 'NONE', #1754, 5.449999999999998401 ) ;
#569 = CARTESIAN_POINT ( 'NONE',  ( -1.164705915849494566, 61.48826029290975015, 5.655096637190499820 ) ) ;
#570 = CARTESIAN_POINT ( 'NONE',  ( 6.451362523861716269, 60.68463367144903486, -0.01182555669027633184 ) ) ;
#571 = CARTESIAN_POINT ( 'NONE',  ( -6.662633999690662074E-17, 1.075409162179532974, 0.000000000000000000 ) ) ;
#572 = DIRECTION ( 'NONE',  ( -1.224646799147353454E-16, 1.000000000000000000, -0.000000000000000000 ) ) ;
#573 = ORIENTED_EDGE ( 'NONE', *, *, #2019, .T. ) ;
#574 = CARTESIAN_POINT ( 'NONE',  ( -5.404609575977582736, 61.65611649238523739, 0.5995877276667005429 ) ) ;
#575 = CARTESIAN_POINT ( 'NONE',  ( 0.2511296124442747857, 61.13791616116483141, 6.444307071853857316 ) ) ;
#576 =( BOUNDED_SURFACE ( )  B_SPLINE_SURFACE ( 3, 2, ( 
 ( #574, #1542, #1075 ),
 ( #1060, #2692, #1508 ),
 ( #2971, #2018, #2470 ),
 ( #830, #1797, #2986 ) ),
 .UNSPECIFIED., .F., .F., .F. ) 
 B_SPLINE_SURFACE_WITH_KNOTS ( ( 4, 4 ),
 ( 3, 3 ),
 ( 0.001474893562827162387, 0.002680387583558033280 ),
 ( 0.000000000000000000, 1.000000000000000000 ),
 .UNSPECIFIED. ) 
 GEOMETRIC_REPRESENTATION_ITEM ( )  RATIONAL_B_SPLINE_SURFACE ( (
 ( 1.000000000000000000, 0.5035856668535853009, 1.000000000000000000),
 ( 1.000000000000000000, 0.5198913551388285592, 1.000000000000000000),
 ( 1.000000000000000000, 0.5300694968213912617, 1.000000000000000000),
 ( 1.000000000000000000, 0.5344342958561199008, 1.000000000000000000) ) ) 
 REPRESENTATION_ITEM ( '' )  SURFACE ( )  );
#577 = EDGE_CURVE ( 'NONE', #1881, #1604, #930, .T. ) ;
#578 = CARTESIAN_POINT ( 'NONE',  ( -0.4738783927647146066, 61.31705108482263000, -6.098771992663226449 ) ) ;
#579 = ORIENTED_EDGE ( 'NONE', *, *, #2092, .F. ) ;
#580 = CARTESIAN_POINT ( 'NONE',  ( -2.673278231890888978, 61.95011024264006494, -3.478550764432087217 ) ) ;
#581 = EDGE_CURVE ( 'NONE', #685, #1815, #516, .T. ) ;
#582 = CARTESIAN_POINT ( 'NONE',  ( -0.5513086211300440853, 61.65000000000001279, -5.423168120062302755 ) ) ;
#583 = CARTESIAN_POINT ( 'NONE',  ( -6.300533276269088212, 61.15753720122427950, -1.308261396151392919 ) ) ;
#584 = CARTESIAN_POINT ( 'NONE',  ( -1.362986499027622589, 61.15745046504527949, 6.289099128096791169 ) ) ;
#585 = CARTESIAN_POINT ( 'NONE',  ( -5.434834016683883995, 61.65000000000001279, -0.4977862296134878961 ) ) ;
#586 = CYLINDRICAL_SURFACE ( 'NONE', #2350, 5.350000000000007638 ) ;
#587 = DIRECTION ( 'NONE',  ( -1.000000000000000000, 0.000000000000000000, 0.000000000000000000 ) ) ;
#588 = ORIENTED_EDGE ( 'NONE', *, *, #2593, .T. ) ;
#589 = B_SPLINE_CURVE_WITH_KNOTS ( 'NONE', 3,
 ( #1692, #2421, #2402, #258 ),
 .UNSPECIFIED., .F., .F.,
 ( 4, 4 ),
 ( 0.000000000000000000, 8.790246237751335207E-05 ),
 .UNSPECIFIED. ) ;
#590 = CARTESIAN_POINT ( 'NONE',  ( 6.398939608593336992, 61.09630078123473851, -0.2185480941723152715 ) ) ;
#591 = CARTESIAN_POINT ( 'NONE',  ( 5.425661486270279887, 61.57112425750937490, -0.5145057690786416504 ) ) ;
#592 = CARTESIAN_POINT ( 'NONE',  ( -1.044955901867207881, 61.65000000000001279, 5.348884665344067812 ) ) ;
#593 = ORIENTED_EDGE ( 'NONE', *, *, #3092, .T. ) ;
#594 = CARTESIAN_POINT ( 'NONE',  ( 0.3957924011138548304, 61.31005145088857233, 6.118706261592453899 ) ) ;
#595 = ORIENTED_EDGE ( 'NONE', *, *, #2663, .T. ) ;
#596 = EDGE_CURVE ( 'NONE', #2017, #1124, #1458, .T. ) ;
#597 = CARTESIAN_POINT ( 'NONE',  ( -2.235481487597395645E-16, 2.875409162179535905, 0.000000000000000000 ) ) ;
#598 = CARTESIAN_POINT ( 'NONE',  ( 1.826724232860683417, 58.94645305950304959, -6.185917763523820945 ) ) ;
#599 = CIRCLE ( 'NONE', #1558, 6.450000000000004619 ) ;
#600 = CARTESIAN_POINT ( 'NONE',  ( 0.7734337250779671491, 61.65000000000001990, -5.397070354143960635 ) ) ;
#601 = AXIS2_PLACEMENT_3D ( 'NONE', #996, #1637, #3040 ) ;
#602 = CARTESIAN_POINT ( 'NONE',  ( -1.526708938203188204, 60.73894620305738101, 6.267925643813770265 ) ) ;
#603 = CARTESIAN_POINT ( 'NONE',  ( -6.213596329991392331, 58.94446196471672295, -1.730237165222611173 ) ) ;
#604 = CIRCLE ( 'NONE', #500, 0.8000000000000003775 ) ;
#605 = CARTESIAN_POINT ( 'NONE',  ( -7.458099007729797570E-15, 61.95000000753210401, 0.000000000000000000 ) ) ;
#606 = ORIENTED_EDGE ( 'NONE', *, *, #925, .F. ) ;
#607 = VECTOR ( 'NONE', #2750, 1000.000000000000227 ) ;
#608 = CARTESIAN_POINT ( 'NONE',  ( -6.024432226049122541, 60.40494266546611613, -1.840671543530956855 ) ) ;
#609 = CARTESIAN_POINT ( 'NONE',  ( 8.200000000000008171, 1.004210375300830858E-15, 1.053196247266724680E-15 ) ) ;
#610 = DIRECTION ( 'NONE',  ( -1.224646799147353454E-16, 1.000000000000000000, -0.000000000000000000 ) ) ;
#611 = CONICAL_SURFACE ( 'NONE', #1759, 5.450000000000004619, 1.107148717794090187 ) ;
#612 = VERTEX_POINT ( 'NONE', #893 ) ;
#613 = CARTESIAN_POINT ( 'NONE',  ( 0.5694136684631400103, 61.95011024264007204, -4.350000000000003197 ) ) ;
#614 = ORIENTED_EDGE ( 'NONE', *, *, #1331, .F. ) ;
#615 = CARTESIAN_POINT ( 'NONE',  ( -0.5441138898031233628, 59.74746650004486526, 6.374593476517095958 ) ) ;
#616 = DIRECTION ( 'NONE',  ( -1.000000000000000000, 0.000000000000000000, 0.000000000000000000 ) ) ;
#617 = CARTESIAN_POINT ( 'NONE',  ( -0.6184933572088984199, 61.57061868943782201, -5.574903146350376204 ) ) ;
#618 = EDGE_CURVE ( 'NONE', #2129, #2152, #630, .T. ) ;
#619 = CARTESIAN_POINT ( 'NONE',  ( -5.450000000000009948, 61.65000000000001279, -0.1659287437391248066 ) ) ;
#620 = B_SPLINE_CURVE_WITH_KNOTS ( 'NONE', 3,
 ( #141, #2550, #1077, #401 ),
 .UNSPECIFIED., .F., .F.,
 ( 4, 4 ),
 ( 0.000000000000000000, 0.0001987020929204018783 ),
 .UNSPECIFIED. ) ;
#621 = CARTESIAN_POINT ( 'NONE',  ( -6.250261430355720904, 58.93098968772297042, -1.597417015938040974 ) ) ;
#622 = CARTESIAN_POINT ( 'NONE',  ( -6.410249249254292181, 60.63230531547872459, 0.08321137644604757744 ) ) ;
#623 = EDGE_LOOP ( 'NONE', ( #1499, #1985, #293, #960, #845 ) ) ;
#624 = DIRECTION ( 'NONE',  ( -1.224646799147353454E-16, 1.000000000000000000, 0.000000000000000000 ) ) ;
#625 = CARTESIAN_POINT ( 'NONE',  ( -6.121201938648201946, 61.12752173794493160, -1.434842870605578469 ) ) ;
#626 = EDGE_LOOP ( 'NONE', ( #2694, #1771, #1999, #278, #2866 ) ) ;
#627 = CARTESIAN_POINT ( 'NONE',  ( 5.100899255216676309, 61.28468891927962403, 1.483914846250897090 ) ) ;
#628 = ORIENTED_EDGE ( 'NONE', *, *, #2514, .F. ) ;
#629 = CARTESIAN_POINT ( 'NONE',  ( 1.607022426414459026, 58.98577564048405719, -6.247442163262953763 ) ) ;
#630 = B_SPLINE_CURVE_WITH_KNOTS ( 'NONE', 3,
 ( #661, #911, #2834, #1653 ),
 .UNSPECIFIED., .F., .F.,
 ( 4, 4 ),
 ( 0.000000000000000000, 0.001109002798572853018 ),
 .UNSPECIFIED. ) ;
#631 = CARTESIAN_POINT ( 'NONE',  ( 6.234423381103225914, 59.03328778950891120, 1.421714866784189901 ) ) ;
#632 = CARTESIAN_POINT ( 'NONE',  ( 5.420217850156952899, 59.75529962733020994, 0.5479647112405251486 ) ) ;
#633 = CARTESIAN_POINT ( 'NONE',  ( -2.144577775351388826, 59.99232455836590105, 5.341883076225697913 ) ) ;
#634 = CARTESIAN_POINT ( 'NONE',  ( 0.5410033866104100309, 61.65000000000001279, 5.423081719435552728 ) ) ;
#635 = EDGE_CURVE ( 'NONE', #1957, #1598, #2910, .T. ) ;
#636 = CARTESIAN_POINT ( 'NONE',  ( 5.448621807222782998, 60.45000000000001705, 0.1225577490664165325 ) ) ;
#637 = ORIENTED_EDGE ( 'NONE', *, *, #577, .T. ) ;
#638 = EDGE_CURVE ( 'NONE', #1393, #2239, #2676, .T. ) ;
#639 = CARTESIAN_POINT ( 'NONE',  ( -5.994235954299121261, 60.22702359567495023, -1.944797718085956362 ) ) ;
#640 = ADVANCED_FACE ( 'NONE', ( #1673 ), #2799, .T. ) ;
#641 = CARTESIAN_POINT ( 'NONE',  ( -0.6456594779267964546, 61.47075118722693077, -5.774603587285716877 ) ) ;
#642 = ORIENTED_EDGE ( 'NONE', *, *, #557, .F. ) ;
#643 = CARTESIAN_POINT ( 'NONE',  ( 4.236781143507168501, 61.95011024264007204, -1.138603296962871658 ) ) ;
#644 = ORIENTED_EDGE ( 'NONE', *, *, #1529, .T. ) ;
#645 = ORIENTED_EDGE ( 'NONE', *, *, #563, .F. ) ;
#646 = CARTESIAN_POINT ( 'NONE',  ( -7.200000000000001954, 2.875409162179532796, 0.000000000000000000 ) ) ;
#647 = CARTESIAN_POINT ( 'NONE',  ( 1.672845629536533041, 58.92233921564464794, -6.175322603052361359 ) ) ;
#648 = CARTESIAN_POINT ( 'NONE',  ( 5.300882124113378779, 61.56513791759986276, 1.266155087757865116 ) ) ;
#649 = DIRECTION ( 'NONE',  ( -1.000000000000000000, 0.000000000000000000, 0.000000000000000000 ) ) ;
#650 = CARTESIAN_POINT ( 'NONE',  ( -0.8819513096810916997, 61.95002419041091457, -5.378194636236358406 ) ) ;
#651 = AXIS2_PLACEMENT_3D ( 'NONE', #3019, #1831, #887 ) ;
#652 = ORIENTED_EDGE ( 'NONE', *, *, #1772, .T. ) ;
#653 = FACE_OUTER_BOUND ( 'NONE', #909, .T. ) ;
#654 = CARTESIAN_POINT ( 'NONE',  ( -6.218666276894881939, 61.07570952595191471, -1.464982185757954136 ) ) ;
#655 = ORIENTED_EDGE ( 'NONE', *, *, #982, .T. ) ;
#656 = ADVANCED_FACE ( 'NONE', ( #2317 ), #2200, .F. ) ;
#657 = VECTOR ( 'NONE', #680, 1000.000000000000000 ) ;
#658 = DIRECTION ( 'NONE',  ( -1.224646799147353454E-16, 1.000000000000000000, -0.000000000000000000 ) ) ;
#659 = ORIENTED_EDGE ( 'NONE', *, *, #3014, .F. ) ;
#660 = EDGE_LOOP ( 'NONE', ( #3005, #1882, #642, #2817 ) ) ;
#661 = CARTESIAN_POINT ( 'NONE',  ( -5.359320059580839235, 61.65000000000001279, -0.9900446954428517854 ) ) ;
#662 = CARTESIAN_POINT ( 'NONE',  ( 0.5792826328459365071, 61.62905821723906996, 5.419126463857717901 ) ) ;
#663 = CARTESIAN_POINT ( 'NONE',  ( -0.4773538314385759040, 61.32451231789259793, -6.082632259324683766 ) ) ;
#664 = B_SPLINE_CURVE_WITH_KNOTS ( 'NONE', 3,
 ( #1068, #3012, #1372, #393, #2318, #2541, #1132, #1305, #2495, #162, #2070, #2742 ),
 .UNSPECIFIED., .F., .F.,
 ( 4, 2, 2, 2, 2, 4 ),
 ( 0.000000000000000000, 0.0007194320648448544134, 0.001438864129689708827, 0.002158296194534563023, 0.002518012226956990122, 0.002877728259379417220 ),
 .UNSPECIFIED. ) ;
#665 = CARTESIAN_POINT ( 'NONE',  ( -0.6842291087124662274, 59.58029298299359056, 6.414396125760430500 ) ) ;
#666 = CARTESIAN_POINT ( 'NONE',  ( -6.277795336011797289, 59.08256085920950085, -1.225679757631201738 ) ) ;
#667 = CARTESIAN_POINT ( 'NONE',  ( 1.717061210710903341, 58.95000000000009521, -6.217973386535535774 ) ) ;
#668 = B_SPLINE_CURVE_WITH_KNOTS ( 'NONE', 3,
 ( #2967, #1475, #765, #285, #2466, #2198, #1261, #1966, #2921, #76, #319, #1276 ),
 .UNSPECIFIED., .F., .F.,
 ( 4, 2, 2, 2, 2, 4 ),
 ( 0.000000000000000000, 0.0001114357699894041116, 0.0001671536549841053814, 0.0002228715399788066241, 0.0003343073099682245322, 0.0004457430799576424674 ),
 .UNSPECIFIED. ) ;
#669 = VERTEX_POINT ( 'NONE', #941 ) ;
#670 = DIRECTION ( 'NONE',  ( -1.000000000000000000, 0.000000000000000000, 0.000000000000000000 ) ) ;
#671 = CARTESIAN_POINT ( 'NONE',  ( -1.645694998157031241, 58.96042243414409967, 6.229673043238850738 ) ) ;
#672 = EDGE_LOOP ( 'NONE', ( #3023, #1820 ) ) ;
#673 = ORIENTED_EDGE ( 'NONE', *, *, #31, .T. ) ;
#674 = DIRECTION ( 'NONE',  ( -1.000000000000000000, -1.224646799147353454E-16, 0.000000000000000000 ) ) ;
#675 = ORIENTED_EDGE ( 'NONE', *, *, #2113, .F. ) ;
#676 = ORIENTED_EDGE ( 'NONE', *, *, #1978, .F. ) ;
#677 = CARTESIAN_POINT ( 'NONE',  ( -6.907007947191072769E-15, 57.45000000000000995, 0.000000000000000000 ) ) ;
#678 = CARTESIAN_POINT ( 'NONE',  ( -5.412317187465004231, 61.60610431944541432, 0.6397833904543062111 ) ) ;
#679 = ADVANCED_FACE ( 'NONE', ( #710 ), #804, .T. ) ;
#680 = DIRECTION ( 'NONE',  ( -1.224646799147353454E-16, 1.000000000000000000, -0.000000000000000000 ) ) ;
#681 =( BOUNDED_SURFACE ( )  B_SPLINE_SURFACE ( 3, 2, ( 
 ( #1761, #331, #2965 ),
 ( #2717, #2480, #1288 ),
 ( #2901, #2194, #1473 ),
 ( #779, #762, #99 ),
 ( #824, #2685, #988 ),
 ( #1776, #2431, #283 ),
 ( #2729, #2417, #270 ),
 ( #1944, #1228, #40 ),
 ( #1716, #2670, #520 ),
 ( #1486, #1242, #1009 ),
 ( #1964, #2919, #1837 ),
 ( #1083, #2561, #647 ),
 ( #3041, #2789, #133 ),
 ( #598, #837, #148 ) ),
 .UNSPECIFIED., .F., .F., .T. ) 
 B_SPLINE_SURFACE_WITH_KNOTS ( ( 4, 2, 2, 2, 2, 2, 4 ),
 ( 3, 3 ),
 ( 0.0009575377849677414732, 0.001778995599252852864, 0.002600453413537964255, 0.003421911227823075646, 0.003832640134965631558, 0.004038004588536909731, 0.004243369042108187036 ),
 ( 0.000000000000000000, 1.000000000000000000 ),
 .UNSPECIFIED. ) 
 GEOMETRIC_REPRESENTATION_ITEM ( )  RATIONAL_B_SPLINE_SURFACE ( (
 ( 1.000000000000000000, 0.7259091800361963109, 1.000000000000000000),
 ( 1.000000000000000000, 0.7191653817852745600, 1.000000000000000000),
 ( 1.000000000000000000, 0.7124570142317585564, 1.000000000000000000),
 ( 1.000000000000000000, 0.6989566277115026871, 1.000000000000000000),
 ( 1.000000000000000000, 0.6920784735584499803, 1.000000000000000000),
 ( 1.000000000000000000, 0.6794684270838529105, 1.000000000000000000),
 ( 1.000000000000000000, 0.6732154111807286956, 1.000000000000000000),
 ( 1.000000000000000000, 0.6764756967552064681, 1.000000000000000000),
 ( 1.000000000000000000, 0.6798928993174871982, 1.000000000000000000),
 ( 1.000000000000000000, 0.6881732915868079559, 1.000000000000000000),
 ( 1.000000000000000000, 0.6907823328644994154, 1.000000000000000000),
 ( 1.000000000000000000, 0.6893797377176670294, 1.000000000000000000),
 ( 1.000000000000000000, 0.6886818148418250018, 1.000000000000000000),
 ( 1.000000000000000000, 0.6879872451091726404, 1.000000000000000000) ) ) 
 REPRESENTATION_ITEM ( '' )  SURFACE ( )  );
#682 = CARTESIAN_POINT ( 'NONE',  ( -0.9622759005571217550, 59.30300248240816074, 6.323108257961052914 ) ) ;
#683 = CARTESIAN_POINT ( 'NONE',  ( -5.880394741837406514, 61.34407264091111500, 0.4745684795654285248 ) ) ;
#684 = CARTESIAN_POINT ( 'NONE',  ( 1.975846989537876519, 60.08909491383850821, -6.141703525921818674 ) ) ;
#685 = VERTEX_POINT ( 'NONE', #2576 ) ;
#686 = CARTESIAN_POINT ( 'NONE',  ( -1.462431700187790895, 61.20955134911193340, 5.256482632877021111 ) ) ;
#687 = DIRECTION ( 'NONE',  ( 0.000000000000000000, -1.000000000000000000, 0.000000000000000000 ) ) ;
#688 = ORIENTED_EDGE ( 'NONE', *, *, #3047, .T. ) ;
#689 = CARTESIAN_POINT ( 'NONE',  ( -5.633847732015174969, 59.02420242869357025, -3.037535849090557960 ) ) ;
#690 = CARTESIAN_POINT ( 'NONE',  ( -6.394731807243541510, 61.09458177474957807, 0.3239046579099379430 ) ) ;
#691 = VERTEX_POINT ( 'NONE', #354 ) ;
#692 = ORIENTED_EDGE ( 'NONE', *, *, #518, .T. ) ;
#693 = CARTESIAN_POINT ( 'NONE',  ( 2.025578389782709543, 59.99807158376739125, -5.383864351106780965 ) ) ;
#694 = CARTESIAN_POINT ( 'NONE',  ( -5.413352500833447323, 61.63314260409717349, 0.6309679872714931692 ) ) ;
#695 = CARTESIAN_POINT ( 'NONE',  ( -0.7011048601179660222, 61.62521290652745876, -5.404716299129425749 ) ) ;
#696 = EDGE_CURVE ( 'NONE', #1601, #257, #2000, .T. ) ;
#697 = CARTESIAN_POINT ( 'NONE',  ( 5.553663932425146221, 59.16936811060613621, 2.982304292582584004 ) ) ;
#698 = CARTESIAN_POINT ( 'NONE',  ( -6.332353968136571254, 61.15000000000001279, -1.226292470100473153 ) ) ;
#699 = CARTESIAN_POINT ( 'NONE',  ( -6.596616801037899635E-15, 54.91546394952995058, 0.000000000000000000 ) ) ;
#700 = DIRECTION ( 'NONE',  ( -1.224646799147353454E-16, 1.000000000000000000, -0.000000000000000000 ) ) ;
#701 = CARTESIAN_POINT ( 'NONE',  ( -0.4212554110254146389, 61.09308334240000704, -6.388794502681871101 ) ) ;
#702 = VECTOR ( 'NONE', #836, 1000.000000000000000 ) ;
#703 = DIRECTION ( 'NONE',  ( -1.000000000000000000, -1.204669080539448358E-16, 0.000000000000000000 ) ) ;
#704 = B_SPLINE_CURVE_WITH_KNOTS ( 'NONE', 3,
 ( #2224, #802, #788, #1283, #279, #1959, #2647, #2188, #2428, #294, #1003, #2913 ),
 .UNSPECIFIED., .F., .F.,
 ( 4, 2, 2, 2, 2, 4 ),
 ( 0.000000000000000000, 0.0003735106979580246210, 0.0007470213959160492420, 0.001494042791832097617, 0.002241064187748146100, 0.002988085583664194366 ),
 .UNSPECIFIED. ) ;
#705 = CARTESIAN_POINT ( 'NONE',  ( -6.802093527148508639E-15, 56.59330874734161654, 0.000000000000000000 ) ) ;
#706 = AXIS2_PLACEMENT_3D ( 'NONE', #773, #1033, #544 ) ;
#707 = CARTESIAN_POINT ( 'NONE',  ( 6.250874256083701397, 61.02865878702706937, 1.602405431328093766 ) ) ;
#708 = AXIS2_PLACEMENT_3D ( 'NONE', #1436, #2380, #2606 ) ;
#709 = ORIENTED_EDGE ( 'NONE', *, *, #126, .F. ) ;
#710 = FACE_OUTER_BOUND ( 'NONE', #729, .T. ) ;
#711 = AXIS2_PLACEMENT_3D ( 'NONE', #2344, #2630, #419 ) ;
#712 = CARTESIAN_POINT ( 'NONE',  ( -5.417418619504342558, 61.65000000000001279, 0.5950424363419505314 ) ) ;
#713 = CARTESIAN_POINT ( 'NONE',  ( -0.6710963482699832117, 61.64920513885810749, -5.408525950357416789 ) ) ;
#714 = TOROIDAL_SURFACE ( 'NONE', #2961, 5.350000000000007638, 3.650000000000008793 ) ;
#715 = CARTESIAN_POINT ( 'NONE',  ( 6.234423381103225914, 59.03328778950891120, 1.421714866784189901 ) ) ;
#716 = CARTESIAN_POINT ( 'NONE',  ( -6.393857542552725981, 61.09412793640267836, 0.3236498235010905056 ) ) ;
#717 = CARTESIAN_POINT ( 'NONE',  ( -5.359320059580839235, 61.65000000000001279, -0.9900446954428517854 ) ) ;
#718 = EDGE_CURVE ( 'NONE', #2539, #2443, #2347, .T. ) ;
#719 = EDGE_LOOP ( 'NONE', ( #1553, #2326 ) ) ;
#720 = CARTESIAN_POINT ( 'NONE',  ( -1.210399036751609758, 61.56003236314136728, 5.313890681208149225 ) ) ;
#721 = ADVANCED_FACE ( 'NONE', ( #1768 ), #576, .T. ) ;
#722 = CARTESIAN_POINT ( 'NONE',  ( -5.956192089615846008, 61.32530010697713863, -1.318710249028101078 ) ) ;
#723 = CARTESIAN_POINT ( 'NONE',  ( -5.747064292791772999, 58.95000000000001705, -2.928096995408084435 ) ) ;
#724 = CARTESIAN_POINT ( 'NONE',  ( 5.300882124113378779, 61.56513791759986276, 1.266155087757865116 ) ) ;
#725 = VERTEX_POINT ( 'NONE', #1554 ) ;
#726 = CARTESIAN_POINT ( 'NONE',  ( -5.412793610329521776, 61.58418928728869446, 0.6357399877119347398 ) ) ;
#727 = CARTESIAN_POINT ( 'NONE',  ( -0.4213924204120483852, 61.09330822039518694, -6.389233262988727624 ) ) ;
#728 = B_SPLINE_SURFACE_WITH_KNOTS ( 'NONE', 3, 1, ( 
 ( #1336, #130 ),
 ( #145, #627 ),
 ( #2739, #2023 ),
 ( #2314, #1834 ),
 ( #2755, #1093 ),
 ( #2066, #2299 ) ),
 .UNSPECIFIED., .F., .F., .F.,
 ( 4, 1, 1, 4 ),
 ( 2, 2 ),
 ( 0.1359196514221768515, 0.4214668657188600509, 0.6340128230478150329, 0.8940927146784163337 ),
 ( 0.000000000000000000, 1.000000000000000000 ),
 .UNSPECIFIED. ) ;
#729 = EDGE_LOOP ( 'NONE', ( #377, #1484, #1928, #1541 ) ) ;
#730 = CARTESIAN_POINT ( 'NONE',  ( -1.255764048279518207E-16, 2.075409162179533862, 0.000000000000000000 ) ) ;
#731 = CARTESIAN_POINT ( 'NONE',  ( -5.325806534531938752, 61.55956693937413604, -1.156842580793502107 ) ) ;
#732 = CARTESIAN_POINT ( 'NONE',  ( -1.310876323586478431, 59.12787846561773364, 6.316453324686868598 ) ) ;
#733 = CARTESIAN_POINT ( 'NONE',  ( -7.458165893633704163E-15, 61.15000000000001279, 0.000000000000000000 ) ) ;
#734 = FACE_OUTER_BOUND ( 'NONE', #833, .T. ) ;
#735 = CARTESIAN_POINT ( 'NONE',  ( 0.2697706119012503456, 61.09405233734759122, 6.395990900731510997 ) ) ;
#736 = ADVANCED_FACE ( 'NONE', ( #64 ), #1977, .F. ) ;
#737 = CARTESIAN_POINT ( 'NONE',  ( -0.5199629106397680722, 61.65000000000000568, 5.431635196720556280 ) ) ;
#738 = CARTESIAN_POINT ( 'NONE',  ( -6.441965153346242090, 61.13782558661497291, 0.3052903664064300360 ) ) ;
#739 = ORIENTED_EDGE ( 'NONE', *, *, #7, .F. ) ;
#740 = EDGE_LOOP ( 'NONE', ( #96, #1450, #2711, #2329, #2282 ) ) ;
#741 = DIRECTION ( 'NONE',  ( -1.224646799147353454E-16, 1.000000000000000000, -0.000000000000000000 ) ) ;
#742 = CARTESIAN_POINT ( 'NONE',  ( 1.285879139104745877E-16, 0.000000000000000000, 0.000000000000000000 ) ) ;
#743 = ORIENTED_EDGE ( 'NONE', *, *, #467, .T. ) ;
#744 = DIRECTION ( 'NONE',  ( 1.000000000000000000, 0.000000000000000000, 0.000000000000000000 ) ) ;
#745 = CARTESIAN_POINT ( 'NONE',  ( 5.746743353604226279, 61.41437394674724004, -0.3945132023454739345 ) ) ;
#746 = CARTESIAN_POINT ( 'NONE',  ( -5.450000000000007283, 57.45000000000000995, 0.000000000000000000 ) ) ;
#747 = CARTESIAN_POINT ( 'NONE',  ( 1.382044589382886324, 60.74137585078828749, -6.301742351064271830 ) ) ;
#748 = FACE_OUTER_BOUND ( 'NONE', #1629, .T. ) ;
#749 = CARTESIAN_POINT ( 'NONE',  ( 6.431684069279401506, 61.07881806875840169, -0.2092911968984736137 ) ) ;
#750 = CARTESIAN_POINT ( 'NONE',  ( -6.938893903907228378E-15, 52.29999999999999716, 0.000000000000000000 ) ) ;
#751 = CARTESIAN_POINT ( 'NONE',  ( -5.620208230631950741, 59.06586816295765630, -3.004245730834372186 ) ) ;
#752 = CIRCLE ( 'NONE', #3048, 5.450000000000001066 ) ;
#753 = CARTESIAN_POINT ( 'NONE',  ( -6.442967461805759299, 61.14090957867087184, 0.3011466889502186217 ) ) ;
#754 = VERTEX_POINT ( 'NONE', #1280 ) ;
#755 = AXIS2_PLACEMENT_3D ( 'NONE', #2358, #212, #463 ) ;
#756 = DIRECTION ( 'NONE',  ( -1.224646799147353454E-16, 1.000000000000000000, -0.000000000000000000 ) ) ;
#757 = CARTESIAN_POINT ( 'NONE',  ( -2.303642741416136452, 59.77135556414195605, 6.027460899024003282 ) ) ;
#758 = VERTEX_POINT ( 'NONE', #1971 ) ;
#759 = CARTESIAN_POINT ( 'NONE',  ( 0.000000000000000000, 0.000000000000000000, 0.000000000000000000 ) ) ;
#760 = CIRCLE ( 'NONE', #2007, 5.449999999999997513 ) ;
#761 = CARTESIAN_POINT ( 'NONE',  ( -1.175576279879708697, 59.14458669205451002, 6.286852083291445403 ) ) ;
#762 = CARTESIAN_POINT ( 'NONE',  ( 0.1307181756830924080, 60.19778447800661070, -6.450427825340497634 ) ) ;
#763 = DIRECTION ( 'NONE',  ( -1.224646799147353207E-16, -1.499759782661857882E-32, 1.000000000000000000 ) ) ;
#764 = CIRCLE ( 'NONE', #205, 4.350000000000005862 ) ;
#765 = CARTESIAN_POINT ( 'NONE',  ( 2.893551124380161710, 58.95201628941372007, -5.763136340609704256 ) ) ;
#766 = CARTESIAN_POINT ( 'NONE',  ( -6.449387128879403797, 60.22568314409214452, -0.1644509468418715870 ) ) ;
#767 = CARTESIAN_POINT ( 'NONE',  ( -5.800864979540910404, 58.99573698998304394, -2.829582604027194304 ) ) ;
#768 = ORIENTED_EDGE ( 'NONE', *, *, #3069, .T. ) ;
#769 = CARTESIAN_POINT ( 'NONE',  ( -5.350000000000014744, 57.45000000000000995, 0.000000000000000000 ) ) ;
#770 = CARTESIAN_POINT ( 'NONE',  ( -6.399640762024814578, 61.09717953234016363, 0.3252498931164525264 ) ) ;
#771 = EDGE_LOOP ( 'NONE', ( #1078, #2631, #540, #398 ) ) ;
#772 = B_SPLINE_CURVE_WITH_KNOTS ( 'NONE', 3,
 ( #2814, #920, #903, #2627 ),
 .UNSPECIFIED., .F., .F.,
 ( 4, 4 ),
 ( 0.000000000000000000, 0.4620904417270417230 ),
 .UNSPECIFIED. ) ;
#773 = CARTESIAN_POINT ( 'NONE',  ( -7.458165893633704163E-15, 61.95054617238513828, 0.000000000000000000 ) ) ;
#774 = CARTESIAN_POINT ( 'NONE',  ( -0.7055095697715466629, 61.60035299601932479, -5.404142508017415025 ) ) ;
#775 = ORIENTED_EDGE ( 'NONE', *, *, #499, .T. ) ;
#776 = ADVANCED_FACE ( 'NONE', ( #785 ), #2220, .F. ) ;
#777 = EDGE_CURVE ( 'NONE', #156, #123, #1459, .T. ) ;
#778 = CARTESIAN_POINT ( 'NONE',  ( -0.3960817461827322306, 61.14286970225667517, -6.437827215011506787 ) ) ;
#779 = CARTESIAN_POINT ( 'NONE',  ( 0.1734375558880590917, 60.22598039712201512, -6.449266115783795605 ) ) ;
#780 = CARTESIAN_POINT ( 'NONE',  ( -5.413886736728519722, 61.56678902697453992, 0.6263628356432792144 ) ) ;
#781 = B_SPLINE_CURVE_WITH_KNOTS ( 'NONE', 3,
 ( #1404, #2149, #2636, #3095, #460, #915, #10, #962, #2354, #1917 ),
 .UNSPECIFIED., .F., .F.,
 ( 4, 2, 2, 2, 4 ),
 ( 1.040834085586084257E-17, 0.0006302234152033490923, 0.001260446830406687776, 0.001890670245610026352, 0.002520893660813365144 ),
 .UNSPECIFIED. ) ;
#782 = CARTESIAN_POINT ( 'NONE',  ( 6.339228954571362706, 59.24508208441860546, 1.194267817705497281 ) ) ;
#783 = CARTESIAN_POINT ( 'NONE',  ( -6.398979855404501649, 59.42594943077330072, -0.8369120786217627561 ) ) ;
#784 = EDGE_LOOP ( 'NONE', ( #1939, #2970, #1285, #606 ) ) ;
#785 = FACE_OUTER_BOUND ( 'NONE', #2861, .T. ) ;
#786 = CARTESIAN_POINT ( 'NONE',  ( -6.436227206583998495, 61.12793223238365670, 0.3155772771802965448 ) ) ;
#787 = ORIENTED_EDGE ( 'NONE', *, *, #445, .F. ) ;
#788 = CARTESIAN_POINT ( 'NONE',  ( 6.275335983941298323, 59.05276078848535803, 1.494704252350997686 ) ) ;
#789 = CARTESIAN_POINT ( 'NONE',  ( -1.407254883110191868, 60.95312917753762605, 6.296122647437853992 ) ) ;
#790 = VERTEX_POINT ( 'NONE', #559 ) ;
#791 = CARTESIAN_POINT ( 'NONE',  ( 0.05145887976524093216, 60.70075351612020853, 6.400949619223829323 ) ) ;
#792 = FACE_OUTER_BOUND ( 'NONE', #446, .T. ) ;
#793 = ADVANCED_FACE ( 'NONE', ( #2235 ), #2900, .T. ) ;
#794 = CARTESIAN_POINT ( 'NONE',  ( 6.360216121520258170, 59.63340219907681217, 0.6913911206199705450 ) ) ;
#795 = CARTESIAN_POINT ( 'NONE',  ( -7.458165893633704163E-15, 61.95054617238513828, 0.000000000000000000 ) ) ;
#796 = EDGE_CURVE ( 'NONE', #281, #2772, #366, .T. ) ;
#797 = CARTESIAN_POINT ( 'NONE',  ( 0.8686674143565152884, 59.25727040857957206, -6.337024903974421974 ) ) ;
#798 = ORIENTED_EDGE ( 'NONE', *, *, #175, .F. ) ;
#799 = CARTESIAN_POINT ( 'NONE',  ( 6.447097260327677049, 61.14201580828054006, -0.1935372205265508960 ) ) ;
#800 = CYLINDRICAL_SURFACE ( 'NONE', #201, 6.449999999999998401 ) ;
#801 = VERTEX_POINT ( 'NONE', #2311 ) ;
#802 = CARTESIAN_POINT ( 'NONE',  ( 6.248173043118809389, 59.00086841738940535, 1.604952331642128582 ) ) ;
#803 = CARTESIAN_POINT ( 'NONE',  ( -6.018203647120753175, 59.54441068521292380, -0.6617253420629546357 ) ) ;
#804 = TOROIDAL_SURFACE ( 'NONE', #1301, 8.200000000000008171, 0.8000000000000001554 ) ;
#805 = CARTESIAN_POINT ( 'NONE',  ( -1.764148350670504906, 58.89697471896791825, 6.147684825052523117 ) ) ;
#806 = VECTOR ( 'NONE', #1018, 1000.000000000000000 ) ;
#807 =( LENGTH_UNIT ( ) NAMED_UNIT ( * ) SI_UNIT ( .MILLI., .METRE. ) );
#808 = FACE_OUTER_BOUND ( 'NONE', #784, .T. ) ;
#809 = CIRCLE ( 'NONE', #1109, 9.000000000000010658 ) ;
#810 = CARTESIAN_POINT ( 'NONE',  ( -6.398997003571645692, 60.30977307582813296, -0.1150630067337231055 ) ) ;
#811 = FACE_OUTER_BOUND ( 'NONE', #660, .T. ) ;
#812 = CIRCLE ( 'NONE', #1616, 5.450000000000000178 ) ;
#813 = LINE ( 'NONE', #2747, #1417 ) ;
#814 = ORIENTED_EDGE ( 'NONE', *, *, #1683, .T. ) ;
#815 = CARTESIAN_POINT ( 'NONE',  ( 6.423159236360095115, 61.11214585647390152, -0.2193450351184226543 ) ) ;
#816 = EDGE_CURVE ( 'NONE', #1601, #1738, #853, .T. ) ;
#817 = CARTESIAN_POINT ( 'NONE',  ( 0.2721097485611186362, 61.09995717887306910, 6.406611529398712257 ) ) ;
#818 = ORIENTED_EDGE ( 'NONE', *, *, #1825, .T. ) ;
#819 = B_SPLINE_CURVE_WITH_KNOTS ( 'NONE', 3,
 ( #1497, #498, #97, #2945, #1755, #1532, #1974, #2238 ),
 .UNSPECIFIED., .F., .F.,
 ( 4, 2, 2, 4 ),
 ( 0.0002239553826194859464, 0.0007534670149521559019, 0.001282978647284825722, 0.002342001911950165362 ),
 .UNSPECIFIED. ) ;
#820 = CARTESIAN_POINT ( 'NONE',  ( 1.138603296962861222, 61.95011024264007915, -4.236781143507175607 ) ) ;
#821 = ORIENTED_EDGE ( 'NONE', *, *, #3090, .F. ) ;
#822 = ORIENTED_EDGE ( 'NONE', *, *, #483, .T. ) ;
#823 = DIRECTION ( 'NONE',  ( -1.000000000000000000, 0.000000000000000000, 0.000000000000000000 ) ) ;
#824 = CARTESIAN_POINT ( 'NONE',  ( 0.3115979399273453021, 59.98831179012412207, -6.444539510654258230 ) ) ;
#825 = CARTESIAN_POINT ( 'NONE',  ( -1.420220723376877991, 61.24592144030317797, 5.887070242797199704 ) ) ;
#826 = CARTESIAN_POINT ( 'NONE',  ( 6.444981825721403546, 60.27255410692432491, 0.2839204182897359652 ) ) ;
#827 = CARTESIAN_POINT ( 'NONE',  ( -6.442729977750324188, 61.15952945418212749, 0.3061542647054736332 ) ) ;
#828 = CARTESIAN_POINT ( 'NONE',  ( -5.407944216773096002, 59.69645478904903513, -0.4868382380571054657 ) ) ;
#829 = VERTEX_POINT ( 'NONE', #2795 ) ;
#830 = CARTESIAN_POINT ( 'NONE',  ( -6.450434366209742088, 61.14692600335386174, 0.2715573576852960969 ) ) ;
#831 = CARTESIAN_POINT ( 'NONE',  ( 0.2721848082560086590, 61.10297261003546510, 6.411084889730895853 ) ) ;
#832 = CARTESIAN_POINT ( 'NONE',  ( -0.7355332539375509793, 61.64438795576809582, -5.411914092597368331 ) ) ;
#833 = EDGE_LOOP ( 'NONE', ( #1615, #973, #3103, #2111, #688 ) ) ;
#834 = EDGE_LOOP ( 'NONE', ( #153, #1041, #1507, #311, #361, #1334, #1758, #113, #2004, #2208, #374, #798, #2079, #1849, #821, #1842, #2815, #1298, #1679, #1753, #1915, #1269 ) ) ;
#835 = CARTESIAN_POINT ( 'NONE',  ( 0.5060469506969870190, 61.48324430837320165, 5.764030638694840114 ) ) ;
#836 = DIRECTION ( 'NONE',  ( -1.224646799147353454E-16, 1.000000000000000000, -0.000000000000000000 ) ) ;
#837 = CARTESIAN_POINT ( 'NONE',  ( 1.817573294295207420, 58.89458086249064195, -6.188620069288300662 ) ) ;
#838 = CARTESIAN_POINT ( 'NONE',  ( 0.4654172440673134403, 61.65000000000001279, -5.436743416404161700 ) ) ;
#839 = CARTESIAN_POINT ( 'NONE',  ( -2.982579574492008057, 58.95000000000001705, 5.718978849569483991 ) ) ;
#840 = CARTESIAN_POINT ( 'NONE',  ( 5.300882124113378779, 61.56513791759986276, 1.266155087757865116 ) ) ;
#841 = EDGE_LOOP ( 'NONE', ( #891, #22, #910, #675 ) ) ;
#842 = CARTESIAN_POINT ( 'NONE',  ( -1.760399264771788541, 60.62041509938573114, 5.112664728536529424 ) ) ;
#843 = CARTESIAN_POINT ( 'NONE',  ( 0.2701442667232166195, 61.09473299272406166, 6.397303394810351485 ) ) ;
#844 = CARTESIAN_POINT ( 'NONE',  ( 1.170360619177942096, 61.40575645039034214, -5.598954764338922807 ) ) ;
#845 = ORIENTED_EDGE ( 'NONE', *, *, #2578, .F. ) ;
#846 = DIRECTION ( 'NONE',  ( -1.000000000000000000, -1.224646799147353454E-16, 0.000000000000000000 ) ) ;
#847 = EDGE_LOOP ( 'NONE', ( #1413, #2999, #2346, #2252, #1830 ) ) ;
#848 = CARTESIAN_POINT ( 'NONE',  ( 1.708320184980176348, 58.96898657495865592, -6.220526048953545661 ) ) ;
#849 = DIRECTION ( 'NONE',  ( -1.224646799147353207E-16, -1.499759782661857882E-32, 1.000000000000000000 ) ) ;
#850 = EDGE_CURVE ( 'NONE', #199, #2770, #2160, .T. ) ;
#851 = AXIS2_PLACEMENT_3D ( 'NONE', #1874, #87, #2444 ) ;
#852 = CARTESIAN_POINT ( 'NONE',  ( -1.027834334046878739, 59.19563176279434913, 6.409752121817019699 ) ) ;
#853 = CIRCLE ( 'NONE', #497, 5.350000000000006750 ) ;
#854 = CARTESIAN_POINT ( 'NONE',  ( -6.250869524719715464, 58.98844067364441912, -1.595040677402788765 ) ) ;
#855 = CARTESIAN_POINT ( 'NONE',  ( 6.303202926333231204, 61.15000000000001279, 1.368524725921969720 ) ) ;
#856 = CARTESIAN_POINT ( 'NONE',  ( -5.407944216773096002, 60.63230531547872459, 0.08321137644604757744 ) ) ;
#857 = ORIENTED_EDGE ( 'NONE', *, *, #2708, .F. ) ;
#858 = VECTOR ( 'NONE', #310, 1000.000000000000227 ) ;
#859 = CARTESIAN_POINT ( 'NONE',  ( -5.364362552086641145, 59.99074459599409437, -2.090769382002898080 ) ) ;
#860 = CARTESIAN_POINT ( 'NONE',  ( 1.439312732145235918, 58.97866144842117819, -6.268453867301330362 ) ) ;
#861 = CARTESIAN_POINT ( 'NONE',  ( 5.372501219331916822, 61.94998309909264123, -0.9160505201143879228 ) ) ;
#862 = VERTEX_POINT ( 'NONE', #2091 ) ;
#863 = ORIENTED_EDGE ( 'NONE', *, *, #1504, .F. ) ;
#864 = CARTESIAN_POINT ( 'NONE',  ( -3.478550764432092102, 61.95011024264007915, -2.673278231890882761 ) ) ;
#865 = EDGE_CURVE ( 'NONE', #123, #1572, #2749, .T. ) ;
#866 = CARTESIAN_POINT ( 'NONE',  ( -1.776183180958283536, 58.95000000000000995, 6.200618784257012628 ) ) ;
#867 = CARTESIAN_POINT ( 'NONE',  ( 6.447630307573996689, 61.14939542266908035, -0.1748239596083325242 ) ) ;
#868 = FACE_OUTER_BOUND ( 'NONE', #143, .T. ) ;
#869 = EDGE_CURVE ( 'NONE', #2184, #195, #2951, .T. ) ;
#870 = CARTESIAN_POINT ( 'NONE',  ( -1.210399036751609758, 61.56003236314136728, 5.313890681208149225 ) ) ;
#871 = CARTESIAN_POINT ( 'NONE',  ( 2.549896864868356428, 59.31301824623957231, -5.153072114614731802 ) ) ;
#872 = CARTESIAN_POINT ( 'NONE',  ( -5.407944216773096002, 61.58240122678368067, 0.6378687425433163805 ) ) ;
#873 = EDGE_LOOP ( 'NONE', ( #1576, #1907, #2833, #1032, #131 ) ) ;
#874 = DIRECTION ( 'NONE',  ( -1.000000000000000000, 0.000000000000000000, 0.000000000000000000 ) ) ;
#875 = CARTESIAN_POINT ( 'NONE',  ( -8.673617379884035472E-16, 2.875409162179533684, 0.000000000000000000 ) ) ;
#876 = EDGE_LOOP ( 'NONE', ( #138, #1634, #2532, #1456 ) ) ;
#877 = PLANE ( 'NONE',  #905 ) ;
#878 = ORIENTED_EDGE ( 'NONE', *, *, #1568, .T. ) ;
#879 =( BOUNDED_SURFACE ( )  B_SPLINE_SURFACE ( 3, 2, ( 
 ( #1278, #1969, #2233 ),
 ( #2907, #1693, #2889 ),
 ( #2468, #2923, #259 ),
 ( #1950, #2169, #275 ),
 ( #1477, #2218, #2641 ),
 ( #1922, #32, #493 ),
 ( #1523, #992, #1707 ),
 ( #1027, #1460, #1747 ),
 ( #2405, #2690, #767 ),
 ( #78, #539, #555 ) ),
 .UNSPECIFIED., .F., .F., .F. ) 
 B_SPLINE_SURFACE_WITH_KNOTS ( ( 4, 2, 2, 2, 4 ),
 ( 3, 3 ),
 ( 0.001369193634462033361, 0.002116021545041437812, 0.002862849455620842479, 0.003609677366200246713, 0.004356505276779651381 ),
 ( 0.000000000000000000, 1.000000000000000000 ),
 .UNSPECIFIED. ) 
 GEOMETRIC_REPRESENTATION_ITEM ( )  RATIONAL_B_SPLINE_SURFACE ( (
 ( 1.000000000000000000, 0.7617488216665995182, 1.000000000000000000),
 ( 1.000000000000000000, 0.7689151745591372711, 1.000000000000000000),
 ( 1.000000000000000000, 0.7748333733350766250, 1.000000000000000000),
 ( 1.000000000000000000, 0.7848456473052450866, 1.000000000000000000),
 ( 1.000000000000000000, 0.7891202902745001468, 1.000000000000000000),
 ( 1.000000000000000000, 0.7960596994637757495, 1.000000000000000000),
 ( 1.000000000000000000, 0.7988146444183131800, 1.000000000000000000),
 ( 1.000000000000000000, 0.7966010294352009469, 1.000000000000000000),
 ( 1.000000000000000000, 0.7914345312893206197, 1.000000000000000000),
 ( 1.000000000000000000, 0.7803056643866841391, 1.000000000000000000) ) ) 
 REPRESENTATION_ITEM ( '' )  SURFACE ( )  );
#880 = DIRECTION ( 'NONE',  ( 0.000000000000000000, -1.000000000000000000, 0.000000000000000000 ) ) ;
#881 = CYLINDRICAL_SURFACE ( 'NONE', #105, 5.350000000000007638 ) ;
#882 = CARTESIAN_POINT ( 'NONE',  ( 5.826238058045725587, 61.26738413609812994, 1.466438323059638504 ) ) ;
#883 = DIRECTION ( 'NONE',  ( 1.224646799147353454E-16, -1.000000000000000000, 0.000000000000000000 ) ) ;
#884 = CARTESIAN_POINT ( 'NONE',  ( -1.255764048279518207E-16, 2.075409162179533862, 0.000000000000000000 ) ) ;
#885 = B_SPLINE_CURVE_WITH_KNOTS ( 'NONE', 3,
 ( #2621, #2367, #234, #2411 ),
 .UNSPECIFIED., .F., .F.,
 ( 4, 4 ),
 ( 0.000000000000000000, 0.001183552471216873072 ),
 .UNSPECIFIED. ) ;
#886 = ORIENTED_EDGE ( 'NONE', *, *, #2112, .T. ) ;
#887 = DIRECTION ( 'NONE',  ( -1.000000000000000000, 0.000000000000000000, 0.000000000000000000 ) ) ;
#888 = EDGE_CURVE ( 'NONE', #566, #1265, #1862, .T. ) ;
#889 = VERTEX_POINT ( 'NONE', #2324 ) ;
#890 = CYLINDRICAL_SURFACE ( 'NONE', #2706, 9.000000000000010658 ) ;
#891 = ORIENTED_EDGE ( 'NONE', *, *, #3092, .F. ) ;
#892 = ORIENTED_EDGE ( 'NONE', *, *, #1094, .F. ) ;
#893 = CARTESIAN_POINT ( 'NONE',  ( -2.982579574492008057, 58.95000000000001705, 5.718978849569483991 ) ) ;
#894 = CARTESIAN_POINT ( 'NONE',  ( -6.121201938648201946, 61.12752173794493160, -1.434842870605578469 ) ) ;
#895 = CARTESIAN_POINT ( 'NONE',  ( 0.5839804171103549768, 61.58234233807515068, 5.413942107742939491 ) ) ;
#896 = CARTESIAN_POINT ( 'NONE',  ( 0.03955868330911724295, 60.67735721425101048, 6.451331303569029174 ) ) ;
#897 = CARTESIAN_POINT ( 'NONE',  ( 2.184674517719175757, 59.72342501486406263, -5.153072114614731802 ) ) ;
#898 = AXIS2_PLACEMENT_3D ( 'NONE', #677, #1435, #2819 ) ;
#899 = EDGE_CURVE ( 'NONE', #900, #1846, #1189, .T. ) ;
#900 = VERTEX_POINT ( 'NONE', #2043 ) ;
#901 = CARTESIAN_POINT ( 'NONE',  ( 5.754336031727246059, 61.49065209033214785, -0.4430133742970824295 ) ) ;
#902 = AXIS2_PLACEMENT_3D ( 'NONE', #2161, #1448, #456 ) ;
#903 = CARTESIAN_POINT ( 'NONE',  ( -5.450000000000008171, 61.95000000753210401, -0.2763204597792808248 ) ) ;
#904 = ORIENTED_EDGE ( 'NONE', *, *, #2514, .T. ) ;
#905 = AXIS2_PLACEMENT_3D ( 'NONE', #405, #2990, #846 ) ;
#906 = ADVANCED_FACE ( 'NONE', ( #919 ), #1599, .T. ) ;
#907 = CARTESIAN_POINT ( 'NONE',  ( 6.111633062992329890, 60.16604517413210829, 2.071042114284890268 ) ) ;
#908 = CIRCLE ( 'NONE', #2357, 5.350000000000006750 ) ;
#909 = EDGE_LOOP ( 'NONE', ( #1697, #469, #2426, #71, #1819 ) ) ;
#910 = ORIENTED_EDGE ( 'NONE', *, *, #2668, .T. ) ;
#911 = CARTESIAN_POINT ( 'NONE',  ( -5.668351869057897119, 61.48704572831715609, -1.111252542236591756 ) ) ;
#912 = CARTESIAN_POINT ( 'NONE',  ( 0.5854647964364081414, 61.61117457269862996, 5.418462162197523746 ) ) ;
#913 = CARTESIAN_POINT ( 'NONE',  ( 1.551660523632881761, 60.77943169304932525, -6.096132929585911242 ) ) ;
#914 = CARTESIAN_POINT ( 'NONE',  ( -1.002483205562941349, 59.34119388863668121, 6.372507539492796802 ) ) ;
#915 = CARTESIAN_POINT ( 'NONE',  ( -2.000001574933837567, 60.22685642518407434, 5.977648421936953227 ) ) ;
#916 = DIRECTION ( 'NONE',  ( -1.000000000000000000, 0.000000000000000000, 0.000000000000000000 ) ) ;
#917 = B_SPLINE_CURVE_WITH_KNOTS ( 'NONE', 3,
 ( #1876, #2388, #1631, #671, #2093, #1412 ),
 .UNSPECIFIED., .F., .F.,
 ( 4, 2, 4 ),
 ( 2.168404344971008868E-19, 0.0002023598322831859106, 0.0004047196645663716044 ),
 .UNSPECIFIED. ) ;
#918 = ORIENTED_EDGE ( 'NONE', *, *, #796, .F. ) ;
#919 = FACE_OUTER_BOUND ( 'NONE', #1848, .T. ) ;
#920 = CARTESIAN_POINT ( 'NONE',  ( -5.428944992538697889, 61.95000000753210401, -0.5526384572952922625 ) ) ;
#921 = ORIENTED_EDGE ( 'NONE', *, *, #1729, .T. ) ;
#922 = CARTESIAN_POINT ( 'NONE',  ( 6.447829803822331840, 61.15000000000001279, -0.1673045753719406559 ) ) ;
#923 = CARTESIAN_POINT ( 'NONE',  ( 5.459694155558007189, 59.06540296750973340, 3.143320093186634967 ) ) ;
#924 = ORIENTED_EDGE ( 'NONE', *, *, #2969, .T. ) ;
#925 = EDGE_CURVE ( 'NONE', #199, #2323, #2192, .T. ) ;
#926 = ORIENTED_EDGE ( 'NONE', *, *, #1406, .F. ) ;
#927 = CARTESIAN_POINT ( 'NONE',  ( 5.960961272366200880, 61.32151691005321936, 1.327493625769189389 ) ) ;
#928 = CARTESIAN_POINT ( 'NONE',  ( 0.5514271595725904751, 61.64921045125703358, 5.422033974945198231 ) ) ;
#929 = CARTESIAN_POINT ( 'NONE',  ( -0.6961204749862375252, 61.63341368899732942, -5.405360544398683409 ) ) ;
#930 = B_SPLINE_CURVE_WITH_KNOTS ( 'NONE', 3,
 ( #1398, #437, #1850, #2379, #2084, #693, #2365, #1953 ),
 .UNSPECIFIED., .F., .F.,
 ( 4, 2, 2, 4 ),
 ( 0.0006267326284521453203, 0.001054303335164171298, 0.001481874041876197166, 0.002337015455300249338 ),
 .UNSPECIFIED. ) ;
#931 = CARTESIAN_POINT ( 'NONE',  ( 6.370388124264477092, 59.75664240315383324, 0.5900225624960159232 ) ) ;
#932 = CARTESIAN_POINT ( 'NONE',  ( 1.182906994349099516, 61.15241891565158738, -6.335741960653481719 ) ) ;
#933 = CARTESIAN_POINT ( 'NONE',  ( 2.053992596953685190, 59.69286467769520499, -6.115869039332355150 ) ) ;
#934 = ORIENTED_EDGE ( 'NONE', *, *, #1766, .T. ) ;
#935 = LINE ( 'NONE', #2387, #546 ) ;
#936 = CARTESIAN_POINT ( 'NONE',  ( 1.087097391515966738, 61.56619503475211275, -5.276830910249175943 ) ) ;
#937 = CARTESIAN_POINT ( 'NONE',  ( 6.397632603605906354, 61.09560884960350791, -0.2181994696287171409 ) ) ;
#938 = CARTESIAN_POINT ( 'NONE',  ( 6.190299577654421626, 60.29000192999610874, 1.816208972833086799 ) ) ;
#939 = EDGE_LOOP ( 'NONE', ( #2187, #1282, #2506, #579 ) ) ;
#940 = ADVANCED_FACE ( 'NONE', ( #2767, #1152 ), #3034, .F. ) ;
#941 = CARTESIAN_POINT ( 'NONE',  ( 6.308813736642552961, 61.15000000000001279, 1.342150973754498544 ) ) ;
#942 = FACE_OUTER_BOUND ( 'NONE', #1390, .T. ) ;
#943 = CARTESIAN_POINT ( 'NONE',  ( 2.753807038509045402, 59.17728800121663113, -5.664567936840793294 ) ) ;
#944 = ADVANCED_FACE ( 'NONE', ( #653 ), #375, .T. ) ;
#945 = CARTESIAN_POINT ( 'NONE',  ( 0.1191416986441831000, 60.93452710957275542, 6.450271287692268096 ) ) ;
#946 = DIRECTION ( 'NONE',  ( 1.000000000000000000, 0.000000000000000000, 0.000000000000000000 ) ) ;
#947 = CARTESIAN_POINT ( 'NONE',  ( 2.728288255335688639, 58.99127692007748891, -5.849365450923481369 ) ) ;
#948 = DIRECTION ( 'NONE',  ( 0.000000000000000000, 0.000000000000000000, -1.000000000000000000 ) ) ;
#949 = CARTESIAN_POINT ( 'NONE',  ( 3.478550764432082332, 61.95011024264007915, 2.673278231890876544 ) ) ;
#950 = CIRCLE ( 'NONE', #898, 5.350000000000007638 ) ;
#951 = CARTESIAN_POINT ( 'NONE',  ( 8.000000000000000000, 2.875409162179536793, 9.797174393178835518E-16 ) ) ;
#952 = CARTESIAN_POINT ( 'NONE',  ( 1.208213122140055162, 61.15806729118254026, -6.319402286904529653 ) ) ;
#953 = VECTOR ( 'NONE', #1360, 1000.000000000000000 ) ;
#954 = CARTESIAN_POINT ( 'NONE',  ( 0.2600685829037526764, 61.07724962660707035, 6.430128318744277927 ) ) ;
#955 = AXIS2_PLACEMENT_3D ( 'NONE', #333, #89, #345 ) ;
#956 = VERTEX_POINT ( 'NONE', #2656 ) ;
#957 = B_SPLINE_CURVE_WITH_KNOTS ( 'NONE', 3,
 ( #2840, #1474, #1704, #732, #1690, #976, #1660, #1214, #2179, #2637, #3079, #11, #1678, #1890 ),
 .UNSPECIFIED., .F., .F.,
 ( 4, 2, 2, 2, 2, 2, 4 ),
 ( 0.000000000000000000, 0.0003819185880510676096, 0.0007638371761021352192, 0.001145755764153202775, 0.001527674352204270438, 0.002291511528306388636, 0.003055348704408507483 ),
 .UNSPECIFIED. ) ;
#958 = CARTESIAN_POINT ( 'NONE',  ( -8.513469491877736620E-15, 60.50875302419269275, -6.449999999999998401 ) ) ;
#959 = DIRECTION ( 'NONE',  ( -1.224646799147353454E-16, 1.000000000000000000, -0.000000000000000000 ) ) ;
#960 = ORIENTED_EDGE ( 'NONE', *, *, #850, .F. ) ;
#961 = CARTESIAN_POINT ( 'NONE',  ( -0.2220044900775237362, 60.22176835578549259, 6.447680921656981035 ) ) ;
#962 = CARTESIAN_POINT ( 'NONE',  ( -1.692719090665022019, 60.76643905892905195, 6.063926807872804581 ) ) ;
#963 = CARTESIAN_POINT ( 'NONE',  ( 1.260704801869034997, 61.25291623175950662, -6.327325497869886739 ) ) ;
#964 = EDGE_CURVE ( 'NONE', #281, #247, #178, .T. ) ;
#965 = CARTESIAN_POINT ( 'NONE',  ( -5.747064292791772999, 58.95000000000001705, -2.928096995408084435 ) ) ;
#966 = CARTESIAN_POINT ( 'NONE',  ( -0.3960817461827322306, 61.14286970225667517, -6.437827215011506787 ) ) ;
#967 = CARTESIAN_POINT ( 'NONE',  ( -3.047026871171984563, 58.95193501663416669, 5.683542491449939504 ) ) ;
#968 = CARTESIAN_POINT ( 'NONE',  ( 5.243930373300774050, 61.59843217056655362, 1.240226906003679463 ) ) ;
#969 = DIRECTION ( 'NONE',  ( 0.000000000000000000, 0.000000000000000000, -1.000000000000000000 ) ) ;
#970 = VERTEX_POINT ( 'NONE', #966 ) ;
#971 = CARTESIAN_POINT ( 'NONE',  ( -5.416262214804199004, 61.64921059886481203, 0.6054982804806297025 ) ) ;
#972 = CARTESIAN_POINT ( 'NONE',  ( 1.874636356831433259, 60.25404586966878639, -6.014692857185606201 ) ) ;
#973 = ORIENTED_EDGE ( 'NONE', *, *, #209, .T. ) ;
#974 = CARTESIAN_POINT ( 'NONE',  ( -1.777932431101397759, 58.89258597122176297, 6.200137862206769768 ) ) ;
#975 = DIRECTION ( 'NONE',  ( -1.224646799147353454E-16, 1.000000000000000000, -0.000000000000000000 ) ) ;
#976 = CARTESIAN_POINT ( 'NONE',  ( -0.9967563198428877058, 59.34618700094319621, 6.373375342556748535 ) ) ;
#977 = DIRECTION ( 'NONE',  ( -1.000000000000000000, 0.000000000000000000, 0.000000000000000000 ) ) ;
#978 = CARTESIAN_POINT ( 'NONE',  ( 6.105489743665432734, 61.31995596510446944, -0.2575470679960440434 ) ) ;
#979 = EDGE_CURVE ( 'NONE', #1652, #3072, #935, .T. ) ;
#980 = CARTESIAN_POINT ( 'NONE',  ( -3.111724913216771156E-18, 1.075409162179532974, 0.000000000000000000 ) ) ;
#981 = CARTESIAN_POINT ( 'NONE',  ( -0.3960817461827322306, 61.14286970225667517, -6.437827215011506787 ) ) ;
#982 = EDGE_CURVE ( 'NONE', #1598, #2916, #1079, .T. ) ;
#983 = FACE_OUTER_BOUND ( 'NONE', #1701, .T. ) ;
#984 = ORIENTED_EDGE ( 'NONE', *, *, #1117, .T. ) ;
#985 = CARTESIAN_POINT ( 'NONE',  ( 5.651918130345036317, 58.95213165889915530, 3.104993431197747622 ) ) ;
#986 = CARTESIAN_POINT ( 'NONE',  ( -1.665785843840369429, 60.81466046821423532, 6.234081081382145229 ) ) ;
#987 = CARTESIAN_POINT ( 'NONE',  ( 0.9166650567605345579, 59.16336451438955635, -5.399125948268607367 ) ) ;
#988 = CARTESIAN_POINT ( 'NONE',  ( 0.2666783803830310440, 59.96173649654534188, -6.394581842843527930 ) ) ;
#989 = CARTESIAN_POINT ( 'NONE',  ( 1.900572403485856432, 60.21386876053524873, -6.006370694937127830 ) ) ;
#990 = CARTESIAN_POINT ( 'NONE',  ( -6.398803305314187284, 60.89950523579033614, 0.2114618508305418643 ) ) ;
#991 = CARTESIAN_POINT ( 'NONE',  ( -6.450727150155475265, 60.67918535692561477, 0.09560035432578468939 ) ) ;
#992 = CARTESIAN_POINT ( 'NONE',  ( -5.992308031054575324, 59.58317795248902371, -2.395535772207135317 ) ) ;
#993 = EDGE_CURVE ( 'NONE', #2916, #385, #1457, .T. ) ;
#994 = EDGE_LOOP ( 'NONE', ( #676, #182, #2364, #1800, #652, #2459, #2567, #2082 ) ) ;
#995 = B_SPLINE_SURFACE_WITH_KNOTS ( 'NONE', 3, 1, ( 
 ( #2513, #365 ),
 ( #852, #1101 ),
 ( #1323, #2056 ),
 ( #394, #1133 ),
 ( #380, #2542 ),
 ( #2527, #895 ) ),
 .UNSPECIFIED., .F., .F., .F.,
 ( 4, 1, 1, 4 ),
 ( 2, 2 ),
 ( 0.04927861892404867411, 0.3542263731760493806, 0.5663086277647105815, 0.8774346830876025294 ),
 ( 0.000000000000000000, 1.000000000000000000 ),
 .UNSPECIFIED. ) ;
#996 = CARTESIAN_POINT ( 'NONE',  ( 8.200000000000008171, 0.8000000000000010436, 1.004210375300830660E-15 ) ) ;
#997 = CIRCLE ( 'NONE', #1403, 5.449999999999997513 ) ;
#998 = DIRECTION ( 'NONE',  ( 0.000000000000000000, 0.000000000000000000, -1.000000000000000000 ) ) ;
#999 = ORIENTED_EDGE ( 'NONE', *, *, #2019, .F. ) ;
#1000 = ADVANCED_FACE ( 'NONE', ( #734 ), #1920, .T. ) ;
#1001 = EDGE_CURVE ( 'NONE', #2297, #1691, #589, .T. ) ;
#1002 = AXIS2_PLACEMENT_3D ( 'NONE', #2064, #2548, #2584 ) ;
#1003 = CARTESIAN_POINT ( 'NONE',  ( 6.450711363153974531, 60.92519002931233985, -0.07031451069052414848 ) ) ;
#1004 = B_SPLINE_CURVE_WITH_KNOTS ( 'NONE', 3,
 ( #1402, #2147, #1626, #441, #206, #931, #2133, #2580, #2870, #715 ),
 .UNSPECIFIED., .F., .F.,
 ( 4, 2, 2, 2, 4 ),
 ( 7.563087319010787566E-18, 0.0006719686771189909780, 0.001343937354237974367, 0.002015906031356957430, 0.002687874708475940927 ),
 .UNSPECIFIED. ) ;
#1005 = CARTESIAN_POINT ( 'NONE',  ( -0.6994424374679949485, 61.57632841491591336, -5.404931350347123242 ) ) ;
#1006 = ORIENTED_EDGE ( 'NONE', *, *, #1233, .F. ) ;
#1007 = TOROIDAL_SURFACE ( 'NONE', #1205, 8.200000000000008171, 0.8000000000000001554 ) ;
#1008 = CARTESIAN_POINT ( 'NONE',  ( 1.275008167695377281, 59.02311648840218083, -6.413296266632371179 ) ) ;
#1009 = CARTESIAN_POINT ( 'NONE',  ( 1.473098059414733818, 58.96005804467129963, -6.225827583872031390 ) ) ;
#1010 = CARTESIAN_POINT ( 'NONE',  ( -1.518787093296763757, 61.07591069411573415, 6.207385624886073039 ) ) ;
#1011 = CARTESIAN_POINT ( 'NONE',  ( -5.364852159594503789, 61.95000591976099003, 0.9599120255097688403 ) ) ;
#1012 = CARTESIAN_POINT ( 'NONE',  ( -6.442645236298933931, 60.03312799869500793, -0.3461895813169086900 ) ) ;
#1013 = CARTESIAN_POINT ( 'NONE',  ( 0.05311836346642578865, 60.32715222052926407, -6.400374323927136011 ) ) ;
#1014 = VERTEX_POINT ( 'NONE', #1217 ) ;
#1015 = CARTESIAN_POINT ( 'NONE',  ( -2.926225528587190539, 59.16363759519896348, 6.115805015269286216 ) ) ;
#1016 = CARTESIAN_POINT ( 'NONE',  ( -6.438611504017188736, 61.13137767597866912, 0.3124547102547032829 ) ) ;
#1017 = ORIENTED_EDGE ( 'NONE', *, *, #1745, .T. ) ;
#1018 = DIRECTION ( 'NONE',  ( -1.224646799147353454E-16, 1.000000000000000000, -0.000000000000000000 ) ) ;
#1019 = EDGE_CURVE ( 'NONE', #123, #116, #2298, .T. ) ;
#1020 = CARTESIAN_POINT ( 'NONE',  ( -1.657533840273233583, 60.82980002592075408, 6.073029477265845522 ) ) ;
#1021 = ORIENTED_EDGE ( 'NONE', *, *, #596, .T. ) ;
#1022 = CARTESIAN_POINT ( 'NONE',  ( 0.4524297909934675288, 59.63837272278954060, -6.413296266632371179 ) ) ;
#1023 = EDGE_CURVE ( 'NONE', #2737, #142, #44, .T. ) ;
#1024 = CARTESIAN_POINT ( 'NONE',  ( 5.449999999999993072, 61.65000000000001279, 1.668581263838266344E-16 ) ) ;
#1025 = CARTESIAN_POINT ( 'NONE',  ( 6.395020724925103650, 60.24588785806754032, 0.2393716958692097274 ) ) ;
#1026 = CARTESIAN_POINT ( 'NONE',  ( 0.5190970230870625146, 61.49341909755878532, 5.574390634135526490 ) ) ;
#1027 = CARTESIAN_POINT ( 'NONE',  ( -5.708183402870523615, 59.29479073298148961, -2.682863210645458185 ) ) ;
#1028 = ORIENTED_EDGE ( 'NONE', *, *, #2394, .F. ) ;
#1029 = CARTESIAN_POINT ( 'NONE',  ( 6.442962541151435296, 61.13299997633257021, -0.2052173243246604717 ) ) ;
#1030 = CARTESIAN_POINT ( 'NONE',  ( -5.450000000000008171, 61.95000000753210401, 6.674325055353075238E-16 ) ) ;
#1031 = ORIENTED_EDGE ( 'NONE', *, *, #1694, .F. ) ;
#1032 = ORIENTED_EDGE ( 'NONE', *, *, #1936, .T. ) ;
#1033 = DIRECTION ( 'NONE',  ( -1.224646799147353454E-16, 1.000000000000000000, -0.000000000000000000 ) ) ;
#1034 = CARTESIAN_POINT ( 'NONE',  ( -1.272026595784647052, 61.16509328141989243, 6.323325734106739482 ) ) ;
#1035 = ADVANCED_FACE ( 'NONE', ( #2827 ), #1647, .T. ) ;
#1036 = CARTESIAN_POINT ( 'NONE',  ( 6.098021727635527967, 61.12200652214477259, 1.545566542428601808 ) ) ;
#1037 = CARTESIAN_POINT ( 'NONE',  ( -5.132535019717167302, 59.33435251215568940, -2.617006363521932499 ) ) ;
#1038 = ADVANCED_FACE ( 'NONE', ( #2842 ), #347, .T. ) ;
#1039 = CARTESIAN_POINT ( 'NONE',  ( 6.249446056334578614, 58.94220487464501446, 1.600040338267827211 ) ) ;
#1040 = DIRECTION ( 'NONE',  ( -1.224646799147353454E-16, 1.000000000000000000, -0.000000000000000000 ) ) ;
#1041 = ORIENTED_EDGE ( 'NONE', *, *, #252, .T. ) ;
#1042 = DIRECTION ( 'NONE',  ( 0.000000000000000000, 0.000000000000000000, -1.000000000000000000 ) ) ;
#1043 = LINE ( 'NONE', #1628, #607 ) ;
#1044 = ORIENTED_EDGE ( 'NONE', *, *, #2663, .F. ) ;
#1045 = VERTEX_POINT ( 'NONE', #701 ) ;
#1046 = CARTESIAN_POINT ( 'NONE',  ( 6.279908875310690419, 61.15621194566693219, 1.416026367222708915 ) ) ;
#1047 = CIRCLE ( 'NONE', #601, 0.8000000000000003775 ) ;
#1048 = ORIENTED_EDGE ( 'NONE', *, *, #2762, .F. ) ;
#1049 = CARTESIAN_POINT ( 'NONE',  ( -0.6830683589408959033, 59.57229361917132593, 6.361222740424421040 ) ) ;
#1050 = CIRCLE ( 'NONE', #4, 7.200000000000001066 ) ;
#1051 = SURFACE_SIDE_STYLE ('',( #1519 ) ) ;
#1052 = CARTESIAN_POINT ( 'NONE',  ( -5.450000000000008171, 58.95000000000000995, 0.000000000000000000 ) ) ;
#1053 = CIRCLE ( 'NONE', #2008, 9.000000000000010658 ) ;
#1054 = CARTESIAN_POINT ( 'NONE',  ( 6.414503181158277556, 59.62857897931220208, 0.6953576347480260322 ) ) ;
#1055 = DIRECTION ( 'NONE',  ( -1.224646799147353454E-16, 1.000000000000000000, -0.000000000000000000 ) ) ;
#1056 = AXIS2_PLACEMENT_3D ( 'NONE', #227, #241, #703 ) ;
#1057 = EDGE_CURVE ( 'NONE', #3022, #2916, #1664, .T. ) ;
#1058 = FILL_AREA_STYLE ('',( #137 ) ) ;
#1059 = ORIENTED_EDGE ( 'NONE', *, *, #1187, .F. ) ;
#1060 = CARTESIAN_POINT ( 'NONE',  ( -5.750358010797264718, 61.49107335617831893, 0.4766648358314911071 ) ) ;
#1061 = CARTESIAN_POINT ( 'NONE',  ( 0.2469791215716260757, 61.14098362807745701, 6.445271160417307854 ) ) ;
#1062 = CARTESIAN_POINT ( 'NONE',  ( 1.174322775553616749, 59.06401833576182270, -6.265376724956125187 ) ) ;
#1063 = ORIENTED_EDGE ( 'NONE', *, *, #696, .F. ) ;
#1064 = ORIENTED_EDGE ( 'NONE', *, *, #1683, .F. ) ;
#1065 = CARTESIAN_POINT ( 'NONE',  ( 0.5834462302741972861, 61.58161737595170848, 5.388341734191585353 ) ) ;
#1066 = ORIENTED_EDGE ( 'NONE', *, *, #1955, .F. ) ;
#1067 = DIRECTION ( 'NONE',  ( -1.000000000000000000, -1.084202172485504434E-16, 0.000000000000000000 ) ) ;
#1068 = CARTESIAN_POINT ( 'NONE',  ( 1.124072388445259696, 61.15000000000001279, -6.351296030381118563 ) ) ;
#1069 = DIRECTION ( 'NONE',  ( -1.000000000000000000, 0.000000000000000000, 0.000000000000000000 ) ) ;
#1070 = CARTESIAN_POINT ( 'NONE',  ( -2.613088758388233401, 59.20888706375256305, 5.899475930685256664 ) ) ;
#1071 = CARTESIAN_POINT ( 'NONE',  ( 2.768194739756172140, 59.16758525808877067, -5.153072114614732691 ) ) ;
#1072 = CARTESIAN_POINT ( 'NONE',  ( -6.410249249254292181, 61.58240122678368067, 0.6378687425433163805 ) ) ;
#1073 = EDGE_CURVE ( 'NONE', #2262, #2583, #2981, .T. ) ;
#1074 = ORIENTED_EDGE ( 'NONE', *, *, #464, .T. ) ;
#1075 = CARTESIAN_POINT ( 'NONE',  ( -5.382385243140442199, 61.58163161994630741, 0.6372984366112011134 ) ) ;
#1076 = CARTESIAN_POINT ( 'NONE',  ( 1.344615010982286085, 58.99457960089934261, -6.278477756003282728 ) ) ;
#1077 = CARTESIAN_POINT ( 'NONE',  ( -5.347093481761036493, 61.65000000000168257, -1.056229731402635208 ) ) ;
#1078 = ORIENTED_EDGE ( 'NONE', *, *, #1406, .T. ) ;
#1079 = B_SPLINE_CURVE_WITH_KNOTS ( 'NONE', 3,
 ( #1908, #30, #2153, #509, #3098, #274, #2875, #1168, #15, #1680, #3081, #2137, #1934, #949, #2888, #2598, #1429, #2626 ),
 .UNSPECIFIED., .F., .F.,
 ( 4, 2, 2, 2, 2, 2, 2, 2, 4 ),
 ( 0.9645902040636450403, 1.027090204063645151, 1.089590204063645151, 1.152090204063645151, 1.214590204063645151, 1.277090204063645151, 1.339590204063645151, 1.402090204063645151, 1.464590204063645151 ),
 .UNSPECIFIED. ) ;
#1080 = ADVANCED_FACE ( 'NONE', ( #811 ), #586, .T. ) ;
#1081 = CARTESIAN_POINT ( 'NONE',  ( -1.488506616468791899, 61.12777755501375054, 6.109857543213548681 ) ) ;
#1082 = LINE ( 'NONE', #2037, #702 ) ;
#1083 = CARTESIAN_POINT ( 'NONE',  ( 1.695406507923087336, 58.97144418131691168, -6.223567310781739081 ) ) ;
#1084 = CARTESIAN_POINT ( 'NONE',  ( -1.362986499027622589, 61.15745046504527949, 6.289099128096791169 ) ) ;
#1085 = CYLINDRICAL_SURFACE ( 'NONE', #2348, 5.450000000000000178 ) ;
#1086 = CARTESIAN_POINT ( 'NONE',  ( 1.295787568290286851, 61.16683525534166677, -5.153072114614732691 ) ) ;
#1087 = CARTESIAN_POINT ( 'NONE',  ( 1.152210896512476657, 59.07303472398520228, -6.292099249347368861 ) ) ;
#1088 = ORIENTED_EDGE ( 'NONE', *, *, #2415, .T. ) ;
#1089 = DIRECTION ( 'NONE',  ( 0.000000000000000000, -1.000000000000000000, 0.000000000000000000 ) ) ;
#1090 = CARTESIAN_POINT ( 'NONE',  ( 5.425319246827014830, 61.62901766550506721, -0.5180840375925962471 ) ) ;
#1091 = CARTESIAN_POINT ( 'NONE',  ( 1.102842237652371882, 61.53607286233960849, -5.337250134559009318 ) ) ;
#1092 = EDGE_LOOP ( 'NONE', ( #267, #3004, #1781, #2206, #2276 ) ) ;
#1093 = CARTESIAN_POINT ( 'NONE',  ( 5.100899255216676309, 59.35622589483974565, 2.713277709974956764 ) ) ;
#1094 = EDGE_CURVE ( 'NONE', #496, #2022, #3001, .T. ) ;
#1095 = EDGE_CURVE ( 'NONE', #1124, #2989, #2905, .T. ) ;
#1096 =( BOUNDED_SURFACE ( )  B_SPLINE_SURFACE ( 3, 2, ( 
 ( #236, #1658, #2120 ),
 ( #945, #1901, #2822 ),
 ( #2383, #896, #2397 ),
 ( #1453, #961, #1916 ),
 ( #488, #253, #1212 ),
 ( #2164, #1854, #2809 ),
 ( #427, #665, #2335 ),
 ( #188, #1147, #3062 ),
 ( #914, #1871, #682 ),
 ( #1642, #2594, #761 ),
 ( #519, #504, #39 ),
 ( #2948, #2684, #2177 ),
 ( #1500, #1485, #1535 ),
 ( #269, #974, #805 ) ),
 .UNSPECIFIED., .F., .F., .F. ) 
 B_SPLINE_SURFACE_WITH_KNOTS ( ( 4, 2, 2, 2, 2, 2, 4 ),
 ( 3, 3 ),
 ( 0.001411965996759296247, 0.002187871466257094218, 0.002963776935754891973, 0.003351729670503790851, 0.003739682405252690162, 0.004127635140001589473, 0.004515587874750487916 ),
 ( 0.000000000000000000, 1.000000000000000000 ),
 .UNSPECIFIED. ) 
 GEOMETRIC_REPRESENTATION_ITEM ( )  RATIONAL_B_SPLINE_SURFACE ( (
 ( 1.000000000000000000, 0.7189293209647568128, 1.000000000000000000),
 ( 1.000000000000000000, 0.7129512477283475036, 1.000000000000000000),
 ( 1.000000000000000000, 0.7068920332323774813, 1.000000000000000000),
 ( 1.000000000000000000, 0.6945034367024213173, 1.000000000000000000),
 ( 1.000000000000000000, 0.6880303401286784748, 1.000000000000000000),
 ( 1.000000000000000000, 0.6790392590417712038, 1.000000000000000000),
 ( 1.000000000000000000, 0.6762326909320398594, 1.000000000000000000),
 ( 1.000000000000000000, 0.6718106218049545442, 1.000000000000000000),
 ( 1.000000000000000000, 0.6701940595951498825, 1.000000000000000000),
 ( 1.000000000000000000, 0.6696860566589388775, 1.000000000000000000),
 ( 1.000000000000000000, 0.6708406800707974460, 1.000000000000000000),
 ( 1.000000000000000000, 0.6764888154296805345, 1.000000000000000000),
 ( 1.000000000000000000, 0.6819773775846895703, 1.000000000000000000),
 ( 1.000000000000000000, 0.6766288239885525080, 1.000000000000000000) ) ) 
 REPRESENTATION_ITEM ( '' )  SURFACE ( )  );
#1097 = AXIS2_PLACEMENT_3D ( 'NONE', #1151, #2639, #3080 ) ;
#1098 = CARTESIAN_POINT ( 'NONE',  ( -0.1104248803139476071, 61.65000000000001990, -5.450000000000004619 ) ) ;
#1099 = CARTESIAN_POINT ( 'NONE',  ( 5.622390862302808046, 60.18424345422991451, 0.2757937012002693589 ) ) ;
#1100 = VECTOR ( 'NONE', #94, 1000.000000000000000 ) ;
#1101 = CARTESIAN_POINT ( 'NONE',  ( -1.027834334046878739, 59.19563176279434913, 5.413942107742941268 ) ) ;
#1102 = CONICAL_SURFACE ( 'NONE', #2851, 5.450000000000000178, 1.570696113060717991 ) ;
#1103 = CARTESIAN_POINT ( 'NONE',  ( -6.399195956319867484, 59.42910643393088321, -0.8343281275730524138 ) ) ;
#1104 = DIRECTION ( 'NONE',  ( -1.000000000000000000, 0.000000000000000000, 0.000000000000000000 ) ) ;
#1105 = CIRCLE ( 'NONE', #157, 6.999999999999999112 ) ;
#1106 = DIRECTION ( 'NONE',  ( -1.000000000000000000, 0.000000000000000000, 0.000000000000000000 ) ) ;
#1107 = B_SPLINE_CURVE_WITH_KNOTS ( 'NONE', 3,
 ( #1655, #2132, #1927, #1422, #2821 ),
 .UNSPECIFIED., .F., .F.,
 ( 4, 1, 4 ),
 ( 0.2500000000000000000, 0.2662330765843763380, 0.2824661531687526206 ),
 .UNSPECIFIED. ) ;
#1108 = ORIENTED_EDGE ( 'NONE', *, *, #101, .F. ) ;
#1109 = AXIS2_PLACEMENT_3D ( 'NONE', #2432, #1741, #2718 ) ;
#1110 = DIRECTION ( 'NONE',  ( -1.000000000000000000, -1.224646799147353454E-16, 0.000000000000000000 ) ) ;
#1111 = CARTESIAN_POINT ( 'NONE',  ( -6.100483220082688618, 61.31963506407376485, 0.3711168900356592859 ) ) ;
#1112 = CIRCLE ( 'NONE', #1670, 6.449999999999998401 ) ;
#1113 = ORIENTED_EDGE ( 'NONE', *, *, #252, .F. ) ;
#1114 = FACE_BOUND ( 'NONE', #476, .T. ) ;
#1115 = ORIENTED_EDGE ( 'NONE', *, *, #1567, .T. ) ;
#1116 = ORIENTED_EDGE ( 'NONE', *, *, #777, .T. ) ;
#1117 = EDGE_CURVE ( 'NONE', #2737, #2829, #1662, .T. ) ;
#1118 = CARTESIAN_POINT ( 'NONE',  ( 0.2167810009801746374, 60.14829362236417865, -6.447386440904679716 ) ) ;
#1119 = CARTESIAN_POINT ( 'NONE',  ( 5.786262335398483003, 59.92393707277327763, 0.4518420433884060006 ) ) ;
#1120 = DIRECTION ( 'NONE',  ( -1.224646799147353454E-16, 1.000000000000000000, -0.000000000000000000 ) ) ;
#1121 = EDGE_CURVE ( 'NONE', #257, #527, #1356, .T. ) ;
#1122 = CARTESIAN_POINT ( 'NONE',  ( -9.000000000000007105, 0.8000000000000010436, 0.000000000000000000 ) ) ;
#1123 = CARTESIAN_POINT ( 'NONE',  ( -6.596616801037899635E-15, 54.91546394952995058, 0.000000000000000000 ) ) ;
#1124 = VERTEX_POINT ( 'NONE', #91 ) ;
#1125 = CARTESIAN_POINT ( 'NONE',  ( -5.615093962193865806, 59.17476892288581070, -2.857037078378091177 ) ) ;
#1126 = CARTESIAN_POINT ( 'NONE',  ( 1.067986228747919153, 61.60228952838357941, -5.344452472445997415 ) ) ;
#1127 = ORIENTED_EDGE ( 'NONE', *, *, #2593, .F. ) ;
#1128 = CARTESIAN_POINT ( 'NONE',  ( 5.746984363227698012, 59.00784087978660608, 2.937374549663805734 ) ) ;
#1129 = ORIENTED_EDGE ( 'NONE', *, *, #1698, .T. ) ;
#1130 = ORIENTED_EDGE ( 'NONE', *, *, #638, .T. ) ;
#1131 = CARTESIAN_POINT ( 'NONE',  ( 6.279908875310690419, 61.15621194566693219, 1.416026367222708915 ) ) ;
#1132 = CARTESIAN_POINT ( 'NONE',  ( 2.152036526555498153, 59.55409021211358578, -6.082605200737121187 ) ) ;
#1133 = CARTESIAN_POINT ( 'NONE',  ( 0.02572968930745635208, 60.62926880137028718, 5.413942107742939491 ) ) ;
#1134 = FACE_OUTER_BOUND ( 'NONE', #771, .T. ) ;
#1135 = CARTESIAN_POINT ( 'NONE',  ( 5.787010230924897414, 59.06796846283456404, 2.856284122761465483 ) ) ;
#1136 = ADVANCED_FACE ( 'NONE', ( #553 ), #1750, .F. ) ;
#1137 = ORIENTED_EDGE ( 'NONE', *, *, #993, .F. ) ;
#1138 = CARTESIAN_POINT ( 'NONE',  ( 5.755583771691213713, 61.49277301068458712, -0.3564435257124553558 ) ) ;
#1139 = CARTESIAN_POINT ( 'NONE',  ( -5.320892994196344539, 61.66050514935013638, -1.082513929231711414 ) ) ;
#1140 = ORIENTED_EDGE ( 'NONE', *, *, #426, .T. ) ;
#1141 = CARTESIAN_POINT ( 'NONE',  ( 5.634404368535919083, 58.89292085975682767, 3.139424694402755733 ) ) ;
#1142 = VERTEX_POINT ( 'NONE', #104 ) ;
#1143 = B_SPLINE_CURVE_WITH_KNOTS ( 'NONE', 3,
 ( #1415, #1923, #1650, #737, #2878, #2617 ),
 .UNSPECIFIED., .F., .F.,
 ( 4, 2, 4 ),
 ( 0.4841751554948611758, 0.5074404330025906740, 0.5307057105103201167 ),
 .UNSPECIFIED. ) ;
#1144 = CARTESIAN_POINT ( 'NONE',  ( 0.000000000000000000, 0.8000000000000000444, 0.000000000000000000 ) ) ;
#1145 = CARTESIAN_POINT ( 'NONE',  ( 0.5816337110786419240, 61.62505397907401061, 5.418875143133289107 ) ) ;
#1146 = CARTESIAN_POINT ( 'NONE',  ( -0.6891988738129629644, 61.64019552355576081, -5.406246841602309061 ) ) ;
#1147 = CARTESIAN_POINT ( 'NONE',  ( -0.8674663014376866599, 59.38890235205469281, 6.392183415996685270 ) ) ;
#1148 = CARTESIAN_POINT ( 'NONE',  ( -6.907007947191072769E-15, 57.45000000000000995, 0.000000000000000000 ) ) ;
#1149 = CARTESIAN_POINT ( 'NONE',  ( 5.425096084733948665, 61.62502283012390336, -0.5204209665670935792 ) ) ;
#1150 = AXIS2_PLACEMENT_3D ( 'NONE', #597, #378, #1067 ) ;
#1151 = CARTESIAN_POINT ( 'NONE',  ( -6.938893903907228378E-15, 57.37272116324168536, 0.000000000000000000 ) ) ;
#1152 = FACE_BOUND ( 'NONE', #2812, .T. ) ;
#1153 = ADVANCED_FACE ( 'NONE', ( #1503 ), #1277, .F. ) ;
#1154 = DIRECTION ( 'NONE',  ( 0.000000000000000000, 0.000000000000000000, -1.000000000000000000 ) ) ;
#1155 = ORIENTED_EDGE ( 'NONE', *, *, #2092, .T. ) ;
#1156 = CIRCLE ( 'NONE', #711, 6.450000000000004619 ) ;
#1157 = CARTESIAN_POINT ( 'NONE',  ( 6.009036051200518536, 59.77542726563083164, 2.351498984562121031 ) ) ;
#1158 = AXIS2_PLACEMENT_3D ( 'NONE', #875, #1556, #1832 ) ;
#1159 = ORIENTED_EDGE ( 'NONE', *, *, #2334, .F. ) ;
#1160 = ORIENTED_EDGE ( 'NONE', *, *, #46, .T. ) ;
#1161 = CARTESIAN_POINT ( 'NONE',  ( 5.372501219331916822, 61.94998309909264123, -0.9160505201143879228 ) ) ;
#1162 = CARTESIAN_POINT ( 'NONE',  ( -5.428268245645488932, 61.65000000000001279, 0.4962646633934648110 ) ) ;
#1163 = CARTESIAN_POINT ( 'NONE',  ( -0.6929024738503225533, 61.63715472173998933, -5.405774699458305577 ) ) ;
#1164 = CARTESIAN_POINT ( 'NONE',  ( 5.223017913440778592, 60.21605497447490762, 2.038203691656865324 ) ) ;
#1165 = FACE_OUTER_BOUND ( 'NONE', #2975, .T. ) ;
#1166 = CARTESIAN_POINT ( 'NONE',  ( 2.533482497558039004, 59.14145330505888865, -5.934326748453765177 ) ) ;
#1167 = CARTESIAN_POINT ( 'NONE',  ( -5.923128439220485042, 59.20883142032528212, -2.558950922204687117 ) ) ;
#1168 = CARTESIAN_POINT ( 'NONE',  ( -1.138603296962870992, 61.95011024264005783, 4.236781143507175607 ) ) ;
#1169 = CARTESIAN_POINT ( 'NONE',  ( -5.577841113561325948, 61.41912688325702163, -1.260932027733563165 ) ) ;
#1170 = EDGE_CURVE ( 'NONE', #2042, #247, #2703, .T. ) ;
#1171 = CARTESIAN_POINT ( 'NONE',  ( 5.551548443465421201, 61.41785634925145843, 1.383669405473984426 ) ) ;
#1172 = CARTESIAN_POINT ( 'NONE',  ( 5.804028638418296637, 59.62185158481772618, 2.477234186369009272 ) ) ;
#1173 = ORIENTED_EDGE ( 'NONE', *, *, #718, .T. ) ;
#1174 = ADVANCED_FACE ( 'NONE', ( #2720 ), #356, .T. ) ;
#1175 = CARTESIAN_POINT ( 'NONE',  ( 5.642919973573303771, 61.48704444435342964, 1.234046321307399552 ) ) ;
#1176 = CARTESIAN_POINT ( 'NONE',  ( -5.412354642765982327, 61.61119322976793455, 0.6394672786678755605 ) ) ;
#1177 = CARTESIAN_POINT ( 'NONE',  ( -0.4003820321706458851, 61.14006635914374499, -6.437562643639037852 ) ) ;
#1178 = CARTESIAN_POINT ( 'NONE',  ( -6.443168252661001461, 61.14356546216153276, 0.2967875804366574277 ) ) ;
#1179 = CARTESIAN_POINT ( 'NONE',  ( -6.443584828859395763, 61.14806020818773646, 0.2876438415718765573 ) ) ;
#1180 = CARTESIAN_POINT ( 'NONE',  ( 1.784617899040200850, 60.11062453884846946, -6.198574557153830433 ) ) ;
#1181 = CARTESIAN_POINT ( 'NONE',  ( -6.100886457538623908, 59.72958822953714275, -2.097925640064611574 ) ) ;
#1182 = B_SPLINE_CURVE_WITH_KNOTS ( 'NONE', 3,
 ( #1823, #1564, #1355, #867, #118, #2774, #1851 ),
 .UNSPECIFIED., .F., .F.,
 ( 4, 3, 4 ),
 ( 0.000000000000000000, 1.510261243674824926E-05, 2.256456336557027161E-05 ),
 .UNSPECIFIED. ) ;
#1183 = CARTESIAN_POINT ( 'NONE',  ( -1.657325705752120015, 60.82183142472658233, 5.196897876535480520 ) ) ;
#1184 = LINE ( 'NONE', #3099, #1812 ) ;
#1185 = CARTESIAN_POINT ( 'NONE',  ( -5.618311052286745877, 59.08906550392001833, -2.974950860167757227 ) ) ;
#1186 = CARTESIAN_POINT ( 'NONE',  ( 6.115076523074514547, 61.26644854061350998, 1.464137298682247845 ) ) ;
#1187 = EDGE_CURVE ( 'NONE', #669, #2022, #1338, .T. ) ;
#1188 = ORIENTED_EDGE ( 'NONE', *, *, #1766, .F. ) ;
#1189 = B_SPLINE_CURVE_WITH_KNOTS ( 'NONE', 3,
 ( #2520, #1346, #1378, #386 ),
 .UNSPECIFIED., .F., .F.,
 ( 4, 4 ),
 ( 0.0004190673390195036774, 0.001730102019865570632 ),
 .UNSPECIFIED. ) ;
#1190 = CARTESIAN_POINT ( 'NONE',  ( -4.350000000000011191, 61.95054617238513828, 0.000000000000000000 ) ) ;
#1191 = ADVANCED_FACE ( 'NONE', ( #136 ), #2873, .T. ) ;
#1192 = CARTESIAN_POINT ( 'NONE',  ( -5.413886736728519722, 61.56678902697453992, 0.6263628356432792144 ) ) ;
#1193 = EDGE_CURVE ( 'NONE', #2301, #264, #1358, .T. ) ;
#1194 = CARTESIAN_POINT ( 'NONE',  ( -0.4211633222593615389, 61.11569372716165560, -6.420884578997559267 ) ) ;
#1195 = CARTESIAN_POINT ( 'NONE',  ( -6.447806597774147441, 60.24646056566396624, -0.2121411360573375038 ) ) ;
#1196 = CARTESIAN_POINT ( 'NONE',  ( 1.285879139104745877E-16, 0.000000000000000000, 0.000000000000000000 ) ) ;
#1197 = PLANE ( 'NONE',  #551 ) ;
#1198 = CARTESIAN_POINT ( 'NONE',  ( -6.186185772585173659, 60.12054010193254072, -1.831178076016497736 ) ) ;
#1199 = DIRECTION ( 'NONE',  ( -1.224646799147353454E-16, 1.000000000000000000, -0.000000000000000000 ) ) ;
#1200 = VECTOR ( 'NONE', #1089, 1000.000000000000000 ) ;
#1201 = FACE_OUTER_BOUND ( 'NONE', #994, .T. ) ;
#1202 = CARTESIAN_POINT ( 'NONE',  ( -6.218311904323445383, 58.95000000000000995, -1.713212497196242357 ) ) ;
#1203 = AXIS2_PLACEMENT_3D ( 'NONE', #1712, #741, #1699 ) ;
#1204 = CARTESIAN_POINT ( 'NONE',  ( 5.428848514577516049, 61.65000000000001279, -0.4796913651186822114 ) ) ;
#1205 = AXIS2_PLACEMENT_3D ( 'NONE', #2709, #560, #2408 ) ;
#1206 = ORIENTED_EDGE ( 'NONE', *, *, #444, .T. ) ;
#1207 = CIRCLE ( 'NONE', #1056, 9.000000000000007105 ) ;
#1208 = CARTESIAN_POINT ( 'NONE',  ( 0.5659806437707094462, 61.64333697891530761, 5.420533381558263031 ) ) ;
#1209 = CARTESIAN_POINT ( 'NONE',  ( -0.6806833949634694125, 61.64594608547891852, -5.407327761948829803 ) ) ;
#1210 = ORIENTED_EDGE ( 'NONE', *, *, #2615, .T. ) ;
#1211 = EDGE_CURVE ( 'NONE', #1815, #669, #1420, .T. ) ;
#1212 = CARTESIAN_POINT ( 'NONE',  ( -0.3599566583542800902, 60.00008728416153758, 6.389314004051380280 ) ) ;
#1213 = CARTESIAN_POINT ( 'NONE',  ( 1.141297918831600589, 61.46301782597220154, -5.483640860254479499 ) ) ;
#1214 = CARTESIAN_POINT ( 'NONE',  ( -0.7236943811759174450, 59.61781178707527573, 6.409893625133659789 ) ) ;
#1215 = EDGE_CURVE ( 'NONE', #3087, #2262, #1896, .T. ) ;
#1216 = ORIENTED_EDGE ( 'NONE', *, *, #1369, .F. ) ;
#1217 = CARTESIAN_POINT ( 'NONE',  ( 2.826621642223081210, 58.95000000000001705, -5.797646944383214596 ) ) ;
#1218 = DIRECTION ( 'NONE',  ( -1.000000000000000000, -1.224646799147353454E-16, 0.000000000000000000 ) ) ;
#1219 = CARTESIAN_POINT ( 'NONE',  ( -0.2660787772799498296, 60.93031882678128142, -6.445825535129960926 ) ) ;
#1220 = CARTESIAN_POINT ( 'NONE',  ( -6.443168252661001461, 61.14356546216153276, 0.2967875804366574277 ) ) ;
#1221 = VERTEX_POINT ( 'NONE', #2060 ) ;
#1222 = ORIENTED_EDGE ( 'NONE', *, *, #2935, .F. ) ;
#1223 = CARTESIAN_POINT ( 'NONE',  ( -5.350000000000013856, 57.37272116324168536, 0.000000000000000000 ) ) ;
#1224 = FACE_OUTER_BOUND ( 'NONE', #740, .T. ) ;
#1225 = VERTEX_POINT ( 'NONE', #634 ) ;
#1226 = SURFACE_STYLE_FILL_AREA ( #1058 ) ;
#1227 = CARTESIAN_POINT ( 'NONE',  ( -7.458165893633704163E-15, 61.95054617238513828, 0.000000000000000000 ) ) ;
#1228 = CARTESIAN_POINT ( 'NONE',  ( 1.153808652816367575, 59.06958759413777216, -6.347201318817834448 ) ) ;
#1229 = CARTESIAN_POINT ( 'NONE',  ( 1.517424422950932827, 60.83384267127819101, -6.272047185495901900 ) ) ;
#1230 = EDGE_CURVE ( 'NONE', #2036, #758, #2544, .T. ) ;
#1231 = CARTESIAN_POINT ( 'NONE',  ( 6.401145270065496717, 60.68654660040385096, -0.01289078537032540758 ) ) ;
#1232 = DIRECTION ( 'NONE',  ( 0.000000000000000000, 0.000000000000000000, -1.000000000000000000 ) ) ;
#1233 = EDGE_CURVE ( 'NONE', #1846, #2323, #2956, .T. ) ;
#1234 = CARTESIAN_POINT ( 'NONE',  ( -3.015076971958504437, 58.95000000000010232, 5.702030706123321302 ) ) ;
#1235 = CARTESIAN_POINT ( 'NONE',  ( 5.934705712266723054, 61.32250275326428834, 1.436255148569149487 ) ) ;
#1236 = DIRECTION ( 'NONE',  ( 0.000000000000000000, 0.000000000000000000, -1.000000000000000000 ) ) ;
#1237 = ORIENTED_EDGE ( 'NONE', *, *, #215, .F. ) ;
#1238 = CARTESIAN_POINT ( 'NONE',  ( -9.000000000000017764, 61.95054617238513828, 0.000000000000000000 ) ) ;
#1239 = CARTESIAN_POINT ( 'NONE',  ( -2.343750548530484146, 59.48397712334602261, 6.012055639790669481 ) ) ;
#1240 = ORIENTED_EDGE ( 'NONE', *, *, #422, .T. ) ;
#1241 = FACE_OUTER_BOUND ( 'NONE', #231, .T. ) ;
#1242 = CARTESIAN_POINT ( 'NONE',  ( 1.484466073807740427, 58.95740864668157144, -6.277237417828031241 ) ) ;
#1243 = CARTESIAN_POINT ( 'NONE',  ( 8.098702826374029988E-32, 57.45000000000000995, 0.000000000000000000 ) ) ;
#1244 = CARTESIAN_POINT ( 'NONE',  ( -6.326285926186721476, 59.26218813559980703, -0.9497398020564892240 ) ) ;
#1245 = CARTESIAN_POINT ( 'NONE',  ( -6.417928033841650226, 59.61824200702792353, -0.6616076023196594269 ) ) ;
#1246 = CARTESIAN_POINT ( 'NONE',  ( -2.911456244485372213, 59.17352303174427419, 5.588007698573987270 ) ) ;
#1247 = EDGE_CURVE ( 'NONE', #79, #1557, #1050, .T. ) ;
#1248 = ORIENTED_EDGE ( 'NONE', *, *, #1568, .F. ) ;
#1249 = B_SPLINE_SURFACE_WITH_KNOTS ( 'NONE', 3, 1, ( 
 ( #1777, #2230 ),
 ( #2920, #1037 ),
 ( #1520, #2242 ),
 ( #1306, #100 ),
 ( #2012, #2671 ),
 ( #1994, #2730 ) ),
 .UNSPECIFIED., .F., .F., .F.,
 ( 4, 1, 1, 4 ),
 ( 2, 2 ),
 ( 0.1231245042847890492, 0.3534904854566037757, 0.5654841885706992644, 0.8753341243750943912 ),
 ( 0.000000000000000000, 1.000000000000000000 ),
 .UNSPECIFIED. ) ;
#1250 = CARTESIAN_POINT ( 'NONE',  ( 6.403782608808246124, 61.09889485871589443, -0.2197832984727966510 ) ) ;
#1251 = CARTESIAN_POINT ( 'NONE',  ( -4.350000000000012967, 56.59330874734161654, 0.000000000000000000 ) ) ;
#1252 = VERTEX_POINT ( 'NONE', #840 ) ;
#1253 = VECTOR ( 'NONE', #1442, 1000.000000000000227 ) ;
#1254 = CYLINDRICAL_SURFACE ( 'NONE', #706, 4.350000000000003197 ) ;
#1255 = CARTESIAN_POINT ( 'NONE',  ( -1.909837258992805431, 60.08505435584599752, 6.162565118842802114 ) ) ;
#1256 = AXIS2_PLACEMENT_3D ( 'NONE', #318, #1565, #2775 ) ;
#1257 = CARTESIAN_POINT ( 'NONE',  ( -0.3918526408366071467, 61.14562664292974858, -6.438087407056794831 ) ) ;
#1258 = PRESENTATION_STYLE_ASSIGNMENT (( #2464 ) ) ;
#1259 = DIRECTION ( 'NONE',  ( 0.000000000000000000, -1.000000000000000000, 0.000000000000000000 ) ) ;
#1260 =( GEOMETRIC_REPRESENTATION_CONTEXT ( 3 ) GLOBAL_UNCERTAINTY_ASSIGNED_CONTEXT ( ( #2361 ) ) GLOBAL_UNIT_ASSIGNED_CONTEXT ( ( #92, #2500, #2997 ) ) REPRESENTATION_CONTEXT ( 'NONE', 'WORKASPACE' ) );
#1261 = CARTESIAN_POINT ( 'NONE',  ( 2.939944242655562867, 59.02517269128622246, -5.684656931189526752 ) ) ;
#1262 = CARTESIAN_POINT ( 'NONE',  ( -6.447863835365698293, 60.91024956674944235, 0.2161304699845856270 ) ) ;
#1263 = B_SPLINE_CURVE_WITH_KNOTS ( 'NONE', 3,
 ( #474, #1903, #2623, #1889 ),
 .UNSPECIFIED., .F., .F.,
 ( 4, 4 ),
 ( 8.940560153363745023E-19, 0.0009470997311993543943 ),
 .UNSPECIFIED. ) ;
#1264 = CARTESIAN_POINT ( 'NONE',  ( 0.5462905212779389785, 59.57066924563817167, -6.375078287114669173 ) ) ;
#1265 = VERTEX_POINT ( 'NONE', #650 ) ;
#1266 = DIRECTION ( 'NONE',  ( -1.224646799147353454E-16, 1.000000000000000000, -0.000000000000000000 ) ) ;
#1267 = CARTESIAN_POINT ( 'NONE',  ( 6.231619792565176397, 58.95000000000001705, 1.664965942098023843 ) ) ;
#1268 = EDGE_CURVE ( 'NONE', #2600, #116, #2944, .T. ) ;
#1269 = ORIENTED_EDGE ( 'NONE', *, *, #1073, .F. ) ;
#1270 = DIRECTION ( 'NONE',  ( -1.000000000000000000, 0.000000000000000000, 0.000000000000000000 ) ) ;
#1271 = CARTESIAN_POINT ( 'NONE',  ( -2.192281099261349286, 59.67758191393220812, 6.067832461566205815 ) ) ;
#1272 = ADVANCED_FACE ( 'NONE', ( #2983 ), #1410, .T. ) ;
#1273 = DIRECTION ( 'NONE',  ( -1.224646799147353454E-16, 1.000000000000000000, -0.000000000000000000 ) ) ;
#1274 = CARTESIAN_POINT ( 'NONE',  ( -7.458165893633704163E-15, 61.95054617238513828, 0.000000000000000000 ) ) ;
#1275 = CARTESIAN_POINT ( 'NONE',  ( -1.267662650758523135, 61.32124889453151440, 5.974558013998918504 ) ) ;
#1276 = CARTESIAN_POINT ( 'NONE',  ( 2.753807038509045402, 59.17728800121663113, -5.664567936840793294 ) ) ;
#1277 = PLANE ( 'NONE',  #2608 ) ;
#1278 = CARTESIAN_POINT ( 'NONE',  ( -6.137791363652322474, 61.27012857383073907, -1.349180641109830603 ) ) ;
#1279 = ORIENTED_EDGE ( 'NONE', *, *, #1230, .F. ) ;
#1280 = CARTESIAN_POINT ( 'NONE',  ( 6.449999999999989519, 58.95000000000001705, 0.000000000000000000 ) ) ;
#1281 = CARTESIAN_POINT ( 'NONE',  ( 0.2697706119012503456, 61.09405233734759122, 6.395990900731510997 ) ) ;
#1282 = ORIENTED_EDGE ( 'NONE', *, *, #2225, .T. ) ;
#1283 = CARTESIAN_POINT ( 'NONE',  ( 6.321523450161212310, 59.17985573462787130, 1.285427470690797547 ) ) ;
#1284 = CARTESIAN_POINT ( 'NONE',  ( -0.6978354980004364272, 61.57331403652923996, -5.405138815768792959 ) ) ;
#1285 = ORIENTED_EDGE ( 'NONE', *, *, #2130, .F. ) ;
#1286 = EDGE_CURVE ( 'NONE', #2076, #3097, #1534, .T. ) ;
#1287 = CARTESIAN_POINT ( 'NONE',  ( 6.076238356045629452, 60.93832082534956385, 1.645545636202892181 ) ) ;
#1288 = CARTESIAN_POINT ( 'NONE',  ( -0.3034444105401661873, 60.89825612767951668, -6.396251882566248881 ) ) ;
#1289 = FACE_OUTER_BOUND ( 'NONE', #407, .T. ) ;
#1290 = CARTESIAN_POINT ( 'NONE',  ( 6.270126753281948240, 59.13026846696028826, 1.259210573299982316 ) ) ;
#1291 = CARTESIAN_POINT ( 'NONE',  ( 1.285879139104745877E-16, 0.000000000000000000, 0.000000000000000000 ) ) ;
#1292 = CARTESIAN_POINT ( 'NONE',  ( 0.2254934809572284315, 61.14969945945892249, 6.446057861164600666 ) ) ;
#1293 = EDGE_LOOP ( 'NONE', ( #1116, #308, #588, #2009 ) ) ;
#1294 = CARTESIAN_POINT ( 'NONE',  ( 6.397632603605906354, 61.09560884960350791, -0.2181994696287171409 ) ) ;
#1295 = CARTESIAN_POINT ( 'NONE',  ( -5.413886736728519722, 61.56678902697453992, 0.6263628356432792144 ) ) ;
#1296 = CARTESIAN_POINT ( 'NONE',  ( 1.264276722800584896, 61.24381226541822087, -5.918963212700218079 ) ) ;
#1297 = VERTEX_POINT ( 'NONE', #489 ) ;
#1298 = ORIENTED_EDGE ( 'NONE', *, *, #538, .F. ) ;
#1299 = CARTESIAN_POINT ( 'NONE',  ( -4.236781143507183600, 61.95011024264007915, -1.138603296962868772 ) ) ;
#1300 = B_SPLINE_CURVE_WITH_KNOTS ( 'NONE', 3,
 ( #2494, #2992, #2559, #2525, #2303 ),
 .UNSPECIFIED., .F., .F.,
 ( 4, 1, 4 ),
 ( 0.2359735466111296531, 0.2429867733055648127, 0.2500000000000000000 ),
 .UNSPECIFIED. ) ;
#1301 = AXIS2_PLACEMENT_3D ( 'NONE', #1144, #2097, #2438 ) ;
#1302 = B_SPLINE_CURVE_WITH_KNOTS ( 'NONE', 3,
 ( #2716, #2193, #1963, #567, #2918, #1702, #1287, #1036 ),
 .UNSPECIFIED., .F., .F.,
 ( 4, 2, 2, 4 ),
 ( 8.673617379884035472E-19, 0.001279800292907242506, 0.001919700439360871782, 0.002559600585814501058 ),
 .UNSPECIFIED. ) ;
#1303 = CARTESIAN_POINT ( 'NONE',  ( 0.7897610994092419956, 59.39985288875433866, -6.401884019088866395 ) ) ;
#1304 = AXIS2_PLACEMENT_3D ( 'NONE', #2173, #2695, #1270 ) ;
#1305 = CARTESIAN_POINT ( 'NONE',  ( 2.381582591512685809, 59.29711641235805786, -5.994770735375917425 ) ) ;
#1306 = CARTESIAN_POINT ( 'NONE',  ( -6.127098560431091023, 60.62331223284054715, -1.703058850831682847 ) ) ;
#1307 = EDGE_CURVE ( 'NONE', #2770, #1367, #1263, .T. ) ;
#1308 = CIRCLE ( 'NONE', #1566, 1.699999999999998401 ) ;
#1309 = CARTESIAN_POINT ( 'NONE',  ( -2.153640740756746830, 59.73008620764088761, 6.081437477547720682 ) ) ;
#1310 = CARTESIAN_POINT ( 'NONE',  ( 5.426066845603972233, 61.56549250604481927, -0.5101946560257736296 ) ) ;
#1311 = CIRCLE ( 'NONE', #2862, 6.450000000000004619 ) ;
#1312 = ADVANCED_FACE ( 'NONE', ( #2871 ), #2336, .T. ) ;
#1313 = DIRECTION ( 'NONE',  ( -1.224646799147353454E-16, 1.000000000000000000, -0.000000000000000000 ) ) ;
#1314 = ORIENTED_EDGE ( 'NONE', *, *, #1622, .T. ) ;
#1315 = CARTESIAN_POINT ( 'NONE',  ( 6.408652154403921664, 61.10184269133073798, -0.2203886573707702357 ) ) ;
#1316 = CARTESIAN_POINT ( 'NONE',  ( -7.458165893633704163E-15, 61.95054617238513828, 0.000000000000000000 ) ) ;
#1317 = CARTESIAN_POINT ( 'NONE',  ( -0.4109490142529740320, 61.07618922925209404, -6.423140580980780001 ) ) ;
#1318 = ORIENTED_EDGE ( 'NONE', *, *, #2894, .F. ) ;
#1319 = CARTESIAN_POINT ( 'NONE',  ( -1.426446786956651946, 61.17099057199512657, 6.247637009334746416 ) ) ;
#1320 =( BOUNDED_SURFACE ( )  B_SPLINE_SURFACE ( 3, 2, ( 
 ( #1818, #1544, #2021 ),
 ( #2265, #1333, #1296 ),
 ( #1785, #2736, #844 ),
 ( #2280, #2843, #936 ) ),
 .UNSPECIFIED., .F., .F., .F. ) 
 B_SPLINE_SURFACE_WITH_KNOTS ( ( 4, 4 ),
 ( 3, 3 ),
 ( 0.002389385527138383238, 0.003507963906876728887 ),
 ( 0.000000000000000000, 1.000000000000000000 ),
 .UNSPECIFIED. ) 
 GEOMETRIC_REPRESENTATION_ITEM ( )  RATIONAL_B_SPLINE_SURFACE ( (
 ( 1.000000000000000000, 0.8767782494768397994, 1.000000000000000000),
 ( 1.000000000000000000, 0.8732864408699761993, 1.000000000000000000),
 ( 1.000000000000000000, 0.8676726964669264630, 1.000000000000000000),
 ( 1.000000000000000000, 0.8600673583017391932, 1.000000000000000000) ) ) 
 REPRESENTATION_ITEM ( '' )  SURFACE ( )  );
#1321 = CARTESIAN_POINT ( 'NONE',  ( -6.700144094876690094E-15, 55.76082845716489800, 0.000000000000000000 ) ) ;
#1322 = DIRECTION ( 'NONE',  ( -1.000000000000000000, 0.000000000000000000, 0.000000000000000000 ) ) ;
#1323 = CARTESIAN_POINT ( 'NONE',  ( -0.5436589824251205627, 59.69280894309807195, 6.409752121817017922 ) ) ;
#1324 = CARTESIAN_POINT ( 'NONE',  ( 6.279908875310690419, 61.15621194566693219, 1.416026367222708915 ) ) ;
#1325 = CARTESIAN_POINT ( 'NONE',  ( -6.326840609921484671, 59.12632273424347318, -1.259902877336115390 ) ) ;
#1326 = PRODUCT_DEFINITION ( 'UNKNOWN', '', #66, #1394 ) ;
#1327 = APPLICATION_PROTOCOL_DEFINITION ( 'draft international standard', 'automotive_design', 1998, #1770 ) ;
#1328 = ORIENTED_EDGE ( 'NONE', *, *, #1349, .T. ) ;
#1329 = ADVANCED_FACE ( 'NONE', ( #1165 ), #1677, .T. ) ;
#1330 = CARTESIAN_POINT ( 'NONE',  ( -1.210399036751609758, 61.56003236314136728, 5.313890681208149225 ) ) ;
#1331 = EDGE_CURVE ( 'NONE', #1434, #1142, #362, .T. ) ;
#1332 = CARTESIAN_POINT ( 'NONE',  ( 1.808086567856360016, 58.95000000000000995, -6.191391036199972220 ) ) ;
#1333 = CARTESIAN_POINT ( 'NONE',  ( 1.215235041490875245, 61.32670670084959852, -5.975357682298755080 ) ) ;
#1334 = ORIENTED_EDGE ( 'NONE', *, *, #467, .F. ) ;
#1335 = VERTEX_POINT ( 'NONE', #237 ) ;
#1336 = CARTESIAN_POINT ( 'NONE',  ( 6.103968780154924723, 61.57908555870059786, 1.255417332644858774 ) ) ;
#1337 = ORIENTED_EDGE ( 'NONE', *, *, #2146, .T. ) ;
#1338 = B_SPLINE_CURVE_WITH_KNOTS ( 'NONE', 3,
 ( #2810, #3016, #1613, #177, #2581, #2516, #1827, #2565, #1135, #3044 ),
 .UNSPECIFIED., .F., .F.,
 ( 4, 2, 2, 2, 4 ),
 ( 0.000000000000000000, 0.0007231037841209024368, 0.001446207568241804874, 0.002169311352362707310, 0.002892415136483609747 ),
 .UNSPECIFIED. ) ;
#1339 = CARTESIAN_POINT ( 'NONE',  ( -1.003160479645954339, 59.26135218556737527, 6.317767411892226903 ) ) ;
#1340 = CARTESIAN_POINT ( 'NONE',  ( 6.168272930701231616, 59.21963773150733346, 1.132250063383321903 ) ) ;
#1341 = DIRECTION ( 'NONE',  ( -1.000000000000000000, 0.000000000000000000, 0.000000000000000000 ) ) ;
#1342 = CARTESIAN_POINT ( 'NONE',  ( 1.124072388445259696, 61.15000000000001279, -6.351296030381118563 ) ) ;
#1343 = CARTESIAN_POINT ( 'NONE',  ( -6.352841454496676477, 59.14570711015608850, -1.120999845655842764 ) ) ;
#1344 = CARTESIAN_POINT ( 'NONE',  ( 0.2223752741304735325, 61.15000000000001990, 6.446166215037543168 ) ) ;
#1345 = EDGE_LOOP ( 'NONE', ( #892, #692, #3033, #2237, #513, #1925, #2067, #1588, #1748 ) ) ;
#1346 = CARTESIAN_POINT ( 'NONE',  ( -0.4925015469199449103, 61.18813821834464761, -5.431648647410977304 ) ) ;
#1347 = DIRECTION ( 'NONE',  ( -1.000000000000000000, 0.000000000000000000, 0.000000000000000000 ) ) ;
#1348 = ORIENTED_EDGE ( 'NONE', *, *, #2055, .T. ) ;
#1349 = EDGE_CURVE ( 'NONE', #2123, #2184, #1952, .T. ) ;
#1350 = CARTESIAN_POINT ( 'NONE',  ( -6.218311904323445383, 58.95000000000000995, -1.713212497196242357 ) ) ;
#1351 = VERTEX_POINT ( 'NONE', #698 ) ;
#1352 = EDGE_CURVE ( 'NONE', #225, #801, #781, .T. ) ;
#1353 = AXIS2_PLACEMENT_3D ( 'NONE', #2289, #1359, #2982 ) ;
#1354 = CARTESIAN_POINT ( 'NONE',  ( 5.449999999999991296, 61.94994392097251534, -2.342759920043044762E-09 ) ) ;
#1355 = CARTESIAN_POINT ( 'NONE',  ( 6.447495638756616465, 61.14858476820949562, -0.1797906400929402682 ) ) ;
#1356 = CIRCLE ( 'NONE', #1, 5.350000000000007638 ) ;
#1357 = CARTESIAN_POINT ( 'NONE',  ( -1.165470994684668415, 61.48688288715548822, 5.657742245169147033 ) ) ;
#1358 = CIRCLE ( 'NONE', #1708, 5.776436781609202598 ) ;
#1359 = DIRECTION ( 'NONE',  ( 1.224646799147353454E-16, -1.000000000000000000, 0.000000000000000000 ) ) ;
#1360 = DIRECTION ( 'NONE',  ( -1.224646799147353454E-16, 1.000000000000000000, -0.000000000000000000 ) ) ;
#1361 = AXIS2_PLACEMENT_3D ( 'NONE', #74, #284, #1069 ) ;
#1362 = CARTESIAN_POINT ( 'NONE',  ( -5.407944216773096002, 61.25514337764900574, 0.3952895441487588868 ) ) ;
#1363 = ORIENTED_EDGE ( 'NONE', *, *, #1488, .T. ) ;
#1364 =( GEOMETRIC_REPRESENTATION_CONTEXT ( 3 ) GLOBAL_UNCERTAINTY_ASSIGNED_CONTEXT ( ( #2587 ) ) GLOBAL_UNIT_ASSIGNED_CONTEXT ( ( #268, #2793, #2089 ) ) REPRESENTATION_CONTEXT ( 'NONE', 'WORKASPACE' ) );
#1365 = CARTESIAN_POINT ( 'NONE',  ( -7.458165893633704163E-15, 61.95054617238513828, 0.000000000000000000 ) ) ;
#1366 = CARTESIAN_POINT ( 'NONE',  ( -0.02269058370663134400, 60.45000000000000284, -5.449952764695424889 ) ) ;
#1367 = VERTEX_POINT ( 'NONE', #731 ) ;
#1368 = CARTESIAN_POINT ( 'NONE',  ( 4.349999999999994316, 61.95011024264007204, -0.5694136684631524448 ) ) ;
#1369 = EDGE_CURVE ( 'NONE', #2115, #421, #146, .T. ) ;
#1370 = ORIENTED_EDGE ( 'NONE', *, *, #2209, .F. ) ;
#1371 = FACE_OUTER_BOUND ( 'NONE', #1788, .T. ) ;
#1372 = CARTESIAN_POINT ( 'NONE',  ( 1.378492994277827899, 60.74668043289683084, -6.302373816656547945 ) ) ;
#1373 = EDGE_CURVE ( 'NONE', #322, #1480, #350, .T. ) ;
#1374 = DIRECTION ( 'NONE',  ( -1.000000000000000000, -1.239088197126290817E-16, 0.000000000000000000 ) ) ;
#1375 = CARTESIAN_POINT ( 'NONE',  ( -5.615093962193865806, 59.17476892288581070, -2.857037078378091177 ) ) ;
#1376 = CARTESIAN_POINT ( 'NONE',  ( -6.165428916580606433, 58.89695002734636375, -1.701248344611962393 ) ) ;
#1377 = ORIENTED_EDGE ( 'NONE', *, *, #777, .F. ) ;
#1378 = CARTESIAN_POINT ( 'NONE',  ( -0.2504425073817282410, 60.82355883168006727, -5.449004531873648638 ) ) ;
#1379 = CARTESIAN_POINT ( 'NONE',  ( -6.306239513935408603, 61.15456857320925366, -1.309983775291474473 ) ) ;
#1380 = ORIENTED_EDGE ( 'NONE', *, *, #2055, .F. ) ;
#1381 = CARTESIAN_POINT ( 'NONE',  ( 5.270016778495667964, 61.39592378127323968, 1.395375876286410133 ) ) ;
#1382 = ORIENTED_EDGE ( 'NONE', *, *, #577, .F. ) ;
#1383 = EDGE_LOOP ( 'NONE', ( #1590, #2163, #371, #2034 ) ) ;
#1384 = DIRECTION ( 'NONE',  ( -1.000000000000000000, -1.224646799147353454E-16, 0.000000000000000000 ) ) ;
#1385 = CARTESIAN_POINT ( 'NONE',  ( -5.413070229895264873, 61.62900196279687748, 0.6333803645691035156 ) ) ;
#1386 = CARTESIAN_POINT ( 'NONE',  ( -1.044955901867207881, 61.65000000000001279, 5.348884665344067812 ) ) ;
#1387 = CARTESIAN_POINT ( 'NONE',  ( -1.871445735240016228, 60.45000000000001705, 5.118612200592262518 ) ) ;
#1388 = CARTESIAN_POINT ( 'NONE',  ( 6.308813736642552961, 61.15000000000001279, 1.342150973754498544 ) ) ;
#1389 = CARTESIAN_POINT ( 'NONE',  ( 6.447829803822331840, 61.15000000000001279, -0.1673045753719406559 ) ) ;
#1390 = EDGE_LOOP ( 'NONE', ( #2141, #2096, #818, #2063 ) ) ;
#1391 = CARTESIAN_POINT ( 'NONE',  ( -1.171764773990515041, 61.61375784222852303, 5.322690800974591241 ) ) ;
#1392 = CARTESIAN_POINT ( 'NONE',  ( -7.000000000000007994, -8.572527594031484037E-16, 0.000000000000000000 ) ) ;
#1393 = VERTEX_POINT ( 'NONE', #746 ) ;
#1394 = PRODUCT_DEFINITION_CONTEXT ( 'detailed design', #2404, 'design' ) ;
#1395 = CARTESIAN_POINT ( 'NONE',  ( 5.799685559101162013, 59.27399540394586097, 2.829685757752840480 ) ) ;
#1396 = EDGE_LOOP ( 'NONE', ( #502, #63, #2190, #2453 ) ) ;
#1397 = ORIENTED_EDGE ( 'NONE', *, *, #1561, .T. ) ;
#1398 = CARTESIAN_POINT ( 'NONE',  ( 2.753807038509045402, 59.17728800121663113, -5.664567936840793294 ) ) ;
#1399 = CARTESIAN_POINT ( 'NONE',  ( -5.416848506209129610, 61.65000000000001990, 0.6002328936808974946 ) ) ;
#1400 = CARTESIAN_POINT ( 'NONE',  ( 1.271643563197051741, 61.17222508545822279, -6.278446486744670985 ) ) ;
#1401 = MANIFOLD_SOLID_BREP ( 'Bruto-Flaconete 10ml original-1', #2549 ) ;
#1402 = CARTESIAN_POINT ( 'NONE',  ( 6.397632603605906354, 61.09560884960350791, -0.2181994696287171409 ) ) ;
#1403 = AXIS2_PLACEMENT_3D ( 'NONE', #9, #1888, #2368 ) ;
#1404 = CARTESIAN_POINT ( 'NONE',  ( -2.911456244485372213, 59.17352303174427419, 5.588007698573987270 ) ) ;
#1405 = CARTESIAN_POINT ( 'NONE',  ( 1.253074722633070293, 61.26600363260822490, -6.155929140645374886 ) ) ;
#1406 = EDGE_CURVE ( 'NONE', #1393, #2036, #453, .T. ) ;
#1407 = AXIS2_PLACEMENT_3D ( 'NONE', #470, #1868, #2619 ) ;
#1408 = CARTESIAN_POINT ( 'NONE',  ( -6.332353968136571254, 61.15000000000001279, -1.226292470100473153 ) ) ;
#1409 = DIRECTION ( 'NONE',  ( 0.000000000000000000, 0.000000000000000000, -1.000000000000000000 ) ) ;
#1410 = CONICAL_SURFACE ( 'NONE', #2507, 6.449999999999997513, 0.5880026035475675039 ) ;
#1411 = ADVANCED_FACE ( 'NONE', ( #2698 ), #568, .T. ) ;
#1412 = CARTESIAN_POINT ( 'NONE',  ( -1.776183180958283536, 58.95000000000000995, 6.200618784257012628 ) ) ;
#1413 = ORIENTED_EDGE ( 'NONE', *, *, #1286, .T. ) ;
#1414 = AXIS2_PLACEMENT_3D ( 'NONE', #2902, #2950, #2215 ) ;
#1415 = CARTESIAN_POINT ( 'NONE',  ( 0.5410033866104100309, 61.65000000000001279, 5.423081719435552728 ) ) ;
#1416 = CARTESIAN_POINT ( 'NONE',  ( 0.2174967106879665824, 61.14692955070353264, 6.452476306297080022 ) ) ;
#1417 = VECTOR ( 'NONE', #1313, 1000.000000000000000 ) ;
#1418 = ORIENTED_EDGE ( 'NONE', *, *, #214, .F. ) ;
#1419 = DIRECTION ( 'NONE',  ( 0.000000000000000000, -1.000000000000000000, 0.000000000000000000 ) ) ;
#1420 = B_SPLINE_CURVE_WITH_KNOTS ( 'NONE', 3,
 ( #1582, #1811, #855, #1388 ),
 .UNSPECIFIED., .F., .F.,
 ( 4, 4 ),
 ( 0.000000000000000000, 7.957168489900028074E-05 ),
 .UNSPECIFIED. ) ;
#1421 = CARTESIAN_POINT ( 'NONE',  ( -5.412798124493559015, 61.62501044007196072, 0.6357058639558282875 ) ) ;
#1422 = CARTESIAN_POINT ( 'NONE',  ( 5.374535447883222794, 61.65000000000001990, 0.9226059459911526428 ) ) ;
#1423 = B_SPLINE_CURVE_WITH_KNOTS ( 'NONE', 3,
 ( #531, #2933, #791, #1739, #1562, #615, #1049, #1339, #392, #1822 ),
 .UNSPECIFIED., .F., .F.,
 ( 4, 2, 2, 2, 4 ),
 ( 0.000000000000000000, 0.0006744491670662912820, 0.001348898334132582564, 0.002023347501198874063, 0.002697796668265164694 ),
 .UNSPECIFIED. ) ;
#1424 = CARTESIAN_POINT ( 'NONE',  ( -6.449167452558901559, 60.92102750487804030, 0.1665467722915220106 ) ) ;
#1425 = CARTESIAN_POINT ( 'NONE',  ( -5.568921618060507228, 61.49367111511180894, 0.5727848107058151061 ) ) ;
#1426 = CARTESIAN_POINT ( 'NONE',  ( 2.806913185734751348, 59.12349166735901207, -5.811752038718917213 ) ) ;
#1427 =( BOUNDED_SURFACE ( )  B_SPLINE_SURFACE ( 3, 2, ( 
 ( #2660, #1478, #2423 ),
 ( #2629, #1235, #3070 ),
 ( #243, #2157, #1171 ),
 ( #1668, #480, #968 ) ),
 .UNSPECIFIED., .F., .F., .T. ) 
 B_SPLINE_SURFACE_WITH_KNOTS ( ( 4, 4 ),
 ( 3, 3 ),
 ( 0.002031644414617889052, 0.003156379910959273248 ),
 ( 0.000000000000000000, 1.000000000000000000 ),
 .UNSPECIFIED. ) 
 GEOMETRIC_REPRESENTATION_ITEM ( )  RATIONAL_B_SPLINE_SURFACE ( (
 ( 1.000000000000000000, 0.8683139576823272199, 1.000000000000000000),
 ( 1.000000000000000000, 0.8729527483002769150, 1.000000000000000000),
 ( 1.000000000000000000, 0.8839051585332358130, 1.000000000000000000),
 ( 1.000000000000000000, 0.9019970807612859298, 1.000000000000000000) ) ) 
 REPRESENTATION_ITEM ( '' )  SURFACE ( )  );
#1428 = ORIENTED_EDGE ( 'NONE', *, *, #2320, .F. ) ;
#1429 = CARTESIAN_POINT ( 'NONE',  ( 4.349999999999996092, 61.95011024264007915, 0.5694136684631470047 ) ) ;
#1430 = CARTESIAN_POINT ( 'NONE',  ( -6.300533276269088212, 61.15753720122427950, -1.308261396151392919 ) ) ;
#1431 = ADVANCED_FACE ( 'NONE', ( #2011 ), #317, .F. ) ;
#1432 = CARTESIAN_POINT ( 'NONE',  ( -6.235973669517578699, 58.95000000000000995, -1.649106984927479091 ) ) ;
#1433 = CARTESIAN_POINT ( 'NONE',  ( 6.221933022477660558, 60.80002010623284292, 1.710341664422598607 ) ) ;
#1434 = VERTEX_POINT ( 'NONE', #2241 ) ;
#1435 = DIRECTION ( 'NONE',  ( -1.224646799147353454E-16, 1.000000000000000000, -0.000000000000000000 ) ) ;
#1436 = CARTESIAN_POINT ( 'NONE',  ( 5.350000000000000533, 52.29999999999999716, 6.551860375438348570E-16 ) ) ;
#1437 = ORIENTED_EDGE ( 'NONE', *, *, #1369, .T. ) ;
#1438 = CARTESIAN_POINT ( 'NONE',  ( 2.090368255754022631, 59.90604720730190991, -5.948130633366455200 ) ) ;
#1439 = CARTESIAN_POINT ( 'NONE',  ( -5.413886736728519722, 61.56678902697453992, 0.6263628356432792144 ) ) ;
#1440 = CARTESIAN_POINT ( 'NONE',  ( 2.939183755774060103, 58.89140995676103074, -5.741402167571659554 ) ) ;
#1441 = ORIENTED_EDGE ( 'NONE', *, *, #235, .T. ) ;
#1442 = DIRECTION ( 'NONE',  ( 0.9999999949786037012, -0.0001002137340107680846, 0.000000000000000000 ) ) ;
#1443 = DIRECTION ( 'NONE',  ( -1.224646799147353454E-16, 1.000000000000000000, -0.000000000000000000 ) ) ;
#1444 = CARTESIAN_POINT ( 'NONE',  ( 5.428848514577516049, 61.65000000000001279, -0.4796913651186822114 ) ) ;
#1445 = CARTESIAN_POINT ( 'NONE',  ( 0.2945405229235388278, 61.13708890700951315, 6.469571818696727483 ) ) ;
#1446 = ADVANCED_FACE ( 'NONE', ( #88 ), #681, .T. ) ;
#1447 = ORIENTED_EDGE ( 'NONE', *, *, #596, .F. ) ;
#1448 = DIRECTION ( 'NONE',  ( 1.224646799147353454E-16, -1.000000000000000000, 0.000000000000000000 ) ) ;
#1449 = CARTESIAN_POINT ( 'NONE',  ( 0.9263155178061062145, 61.65000000000001279, -5.370701961705901084 ) ) ;
#1450 = ORIENTED_EDGE ( 'NONE', *, *, #1001, .F. ) ;
#1451 = EDGE_CURVE ( 'NONE', #2443, #2046, #1182, .T. ) ;
#1452 = B_SPLINE_CURVE_WITH_KNOTS ( 'NONE', 3,
 ( #2100, #5, #1400, #1687 ),
 .UNSPECIFIED., .F., .F.,
 ( 4, 4 ),
 ( -2.974247564620250886E-06, 0.0002246116668435113942 ),
 .UNSPECIFIED. ) ;
#1453 = CARTESIAN_POINT ( 'NONE',  ( -0.2651293555652394773, 60.25063119484302376, 6.445878868515428906 ) ) ;
#1454 = CARTESIAN_POINT ( 'NONE',  ( 1.333980421189245424, 61.12977236820011484, -6.140884639808597889 ) ) ;
#1455 = FACE_OUTER_BOUND ( 'NONE', #1585, .T. ) ;
#1456 = ORIENTED_EDGE ( 'NONE', *, *, #2142, .F. ) ;
#1457 = LINE ( 'NONE', #477, #1253 ) ;
#1458 = B_SPLINE_CURVE_WITH_KNOTS ( 'NONE', 3,
 ( #2117, #2804, #3056, #3089 ),
 .UNSPECIFIED., .F., .F.,
 ( 4, 4 ),
 ( 0.000000000000000000, 0.001297511402459574671 ),
 .UNSPECIFIED. ) ;
#1459 = CIRCLE ( 'NONE', #102, 6.450000000000004619 ) ;
#1460 = CARTESIAN_POINT ( 'NONE',  ( -5.852014890689831716, 59.26230371638955319, -2.719646797726610998 ) ) ;
#1461 = B_SPLINE_CURVE_WITH_KNOTS ( 'NONE', 3,
 ( #2515, #395, #3030, #165 ),
 .UNSPECIFIED., .F., .F.,
 ( 4, 4 ),
 ( 0.000000000000000000, 0.0001912523557843937450 ),
 .UNSPECIFIED. ) ;
#1462 = CARTESIAN_POINT ( 'NONE',  ( -5.615069561735567483, 59.15424500069764946, -2.887257054357691199 ) ) ;
#1463 = AXIS2_PLACEMENT_3D ( 'NONE', #223, #442, #2610 ) ;
#1464 = AXIS2_PLACEMENT_3D ( 'NONE', #699, #25, #490 ) ;
#1465 = ORIENTED_EDGE ( 'NONE', *, *, #2798, .T. ) ;
#1466 = ADVANCED_FACE ( 'NONE', ( #1579 ), #1592, .T. ) ;
#1467 = AXIS2_PLACEMENT_3D ( 'NONE', #3083, #432, #1648 ) ;
#1468 = DIRECTION ( 'NONE',  ( 0.000000000000000000, -0.4472135954999582053, -0.8944271909999156334 ) ) ;
#1469 = CARTESIAN_POINT ( 'NONE',  ( -0.4212554110254146389, 61.09308334240000704, -6.388794502681871101 ) ) ;
#1470 = VERTEX_POINT ( 'NONE', #2271 ) ;
#1471 = EDGE_CURVE ( 'NONE', #2770, #2152, #1932, .T. ) ;
#1472 = CARTESIAN_POINT ( 'NONE',  ( 6.397632603605906354, 61.09560884960350791, -0.2181994696287171409 ) ) ;
#1473 = CARTESIAN_POINT ( 'NONE',  ( -0.1551554992392564503, 60.66781440518536073, -6.400590999910417800 ) ) ;
#1474 = CARTESIAN_POINT ( 'NONE',  ( -1.657560466409322197, 58.98747580222780584, 6.234598565596970232 ) ) ;
#1475 = CARTESIAN_POINT ( 'NONE',  ( 2.860306832658751741, 58.95000000000003126, -5.781223852528665219 ) ) ;
#1476 = DIRECTION ( 'NONE',  ( 0.000000000000000000, 0.000000000000000000, -1.000000000000000000 ) ) ;
#1477 = CARTESIAN_POINT ( 'NONE',  ( -5.988580159388337876, 60.19145090554759037, -1.965097350803611809 ) ) ;
#1478 = CARTESIAN_POINT ( 'NONE',  ( 6.256268138140528734, 61.15542494747644042, 1.528002483938470935 ) ) ;
#1479 = CARTESIAN_POINT ( 'NONE',  ( -7.274401986935279791E-15, 60.45000000000001705, 0.000000000000000000 ) ) ;
#1480 = VERTEX_POINT ( 'NONE', #2993 ) ;
#1481 = VERTEX_POINT ( 'NONE', #1608 ) ;
#1482 = CARTESIAN_POINT ( 'NONE',  ( 5.575886038654049415, 59.02088583531280364, 3.147164454011189161 ) ) ;
#1483 = CARTESIAN_POINT ( 'NONE',  ( -5.449882268695146692, 60.45000000000001705, -0.03582258173683675745 ) ) ;
#1484 = ORIENTED_EDGE ( 'NONE', *, *, #563, .T. ) ;
#1485 = CARTESIAN_POINT ( 'NONE',  ( -1.660890552924154662, 58.92985122671824172, 6.233700408118693304 ) ) ;
#1486 = CARTESIAN_POINT ( 'NONE',  ( 1.495987632304230042, 59.00882579502320624, -6.274466863127409866 ) ) ;
#1487 = DIRECTION ( 'NONE',  ( -1.000000000000000000, -1.224646799147353454E-16, 0.000000000000000000 ) ) ;
#1488 = EDGE_CURVE ( 'NONE', #1557, #2912, #604, .T. ) ;
#1489 = FACE_OUTER_BOUND ( 'NONE', #1512, .T. ) ;
#1490 = CARTESIAN_POINT ( 'NONE',  ( 0.4208676801457393868, 61.34368996412590747, 5.884850511557206509 ) ) ;
#1491 = CARTESIAN_POINT ( 'NONE',  ( -3.029436680566326867, 59.08818611695072320, 5.589787294704409604 ) ) ;
#1492 = ORIENTED_EDGE ( 'NONE', *, *, #422, .F. ) ;
#1493 = CARTESIAN_POINT ( 'NONE',  ( -2.672678729287765620, 59.33156079510091985, 6.115805015269286216 ) ) ;
#1494 = DIRECTION ( 'NONE',  ( -1.000000000000000000, -1.224646799147353454E-16, 0.000000000000000000 ) ) ;
#1495 = ORIENTED_EDGE ( 'NONE', *, *, #2435, .T. ) ;
#1496 = ORIENTED_EDGE ( 'NONE', *, *, #1641, .T. ) ;
#1497 = CARTESIAN_POINT ( 'NONE',  ( -1.388303804727372581, 59.03195557213490474, 6.242858306292361270 ) ) ;
#1498 = CARTESIAN_POINT ( 'NONE',  ( -0.7057746746113605640, 61.60558230637910526, -5.404107898641144381 ) ) ;
#1499 = ORIENTED_EDGE ( 'NONE', *, *, #46, .F. ) ;
#1500 = CARTESIAN_POINT ( 'NONE',  ( -1.673501689295786354, 58.98243958200510662, 6.230363136786838396 ) ) ;
#1501 = CARTESIAN_POINT ( 'NONE',  ( -1.266519500898099615, 61.49188271267745165, 5.626723542023765567 ) ) ;
#1502 = CARTESIAN_POINT ( 'NONE',  ( 6.446905486340006597, 60.24301137264330919, 0.2410487538250718209 ) ) ;
#1503 = FACE_OUTER_BOUND ( 'NONE', #2328, .T. ) ;
#1504 = EDGE_CURVE ( 'NONE', #2372, #2600, #2753, .T. ) ;
#1505 = CARTESIAN_POINT ( 'NONE',  ( -3.086541331972029845, 58.96931075209128892, 5.648906774309135237 ) ) ;
#1506 = AXIS2_PLACEMENT_3D ( 'NONE', #2719, #2688, #2244 ) ;
#1507 = ORIENTED_EDGE ( 'NONE', *, *, #2334, .T. ) ;
#1508 = CARTESIAN_POINT ( 'NONE',  ( -5.728061748961236432, 61.41891634519495113, 0.5167552096495519054 ) ) ;
#1509 = EDGE_CURVE ( 'NONE', #956, #3087, #1742, .T. ) ;
#1510 = AXIS2_PLACEMENT_3D ( 'NONE', #1623, #2849, #1384 ) ;
#1511 = LINE ( 'NONE', #1030, #858 ) ;
#1512 = EDGE_LOOP ( 'NONE', ( #2726, #1064, #1988, #924 ) ) ;
#1513 = COLOUR_RGB ( '',0.8823529411764705621, 0.8823529411764705621, 0.8549019607843136859 ) ;
#1514 = DIRECTION ( 'NONE',  ( -1.000000000000000000, -1.224646799147353454E-16, 0.000000000000000000 ) ) ;
#1515 = CIRCLE ( 'NONE', #3057, 1.699999999999999289 ) ;
#1516 = CARTESIAN_POINT ( 'NONE',  ( -2.960574492438990291, 59.12539057562943867, 5.734982566549740923 ) ) ;
#1517 = AXIS2_PLACEMENT_3D ( 'NONE', #1780, #2029, #1597 ) ;
#1518 = CARTESIAN_POINT ( 'NONE',  ( -0.3786380477795869837, 61.14960151345641037, -6.438877662969066940 ) ) ;
#1519 = SURFACE_STYLE_FILL_AREA ( #2949 ) ;
#1520 = CARTESIAN_POINT ( 'NONE',  ( -6.127098560431091023, 59.77290431036637131, -2.221082133710003514 ) ) ;
#1521 = CIRCLE ( 'NONE', #2710, 9.000000000000007105 ) ;
#1522 = CARTESIAN_POINT ( 'NONE',  ( -5.450000000000007283, 61.95005515219010306, 4.887679583242962016E-09 ) ) ;
#1523 = CARTESIAN_POINT ( 'NONE',  ( -5.845821676377139120, 59.61109367152150185, -2.373163898110195902 ) ) ;
#1524 = EDGE_LOOP ( 'NONE', ( #2675, #1735, #1048, #2575 ) ) ;
#1525 = CARTESIAN_POINT ( 'NONE',  ( 6.444564965390050304, 61.13605718915124498, -0.2015091910675764764 ) ) ;
#1526 = CARTESIAN_POINT ( 'NONE',  ( 0.2714122327938331414, 61.09717180793463598, 6.401946007665946681 ) ) ;
#1527 = B_SPLINE_CURVE_WITH_KNOTS ( 'NONE', 3,
 ( #1386, #1357, #1580, #1084 ),
 .UNSPECIFIED., .F., .F.,
 ( 4, 4 ),
 ( 0.000000000000000000, 0.001108134602240566429 ),
 .UNSPECIFIED. ) ;
#1528 = ORIENTED_EDGE ( 'NONE', *, *, #2573, .T. ) ;
#1529 = EDGE_CURVE ( 'NONE', #116, #1014, #664, .T. ) ;
#1530 = ORIENTED_EDGE ( 'NONE', *, *, #1373, .F. ) ;
#1531 = ADVANCED_FACE ( 'NONE', ( #2512 ), #881, .T. ) ;
#1532 = CARTESIAN_POINT ( 'NONE',  ( -0.4085398946205257009, 59.91969419636828320, 5.792177805864739959 ) ) ;
#1533 = CARTESIAN_POINT ( 'NONE',  ( -0.7052055619620550830, 61.59435630735553246, -5.404182196167489849 ) ) ;
#1534 = B_SPLINE_CURVE_WITH_KNOTS ( 'NONE', 3,
 ( #1439, #1425, #1703, #683, #2370, #2653, #716 ),
 .UNSPECIFIED., .F., .F.,
 ( 4, 3, 4 ),
 ( 5.520920984475500288E-18, 0.0005387706691987977688, 0.001129415376750938973 ),
 .UNSPECIFIED. ) ;
#1535 = CARTESIAN_POINT ( 'NONE',  ( -1.647021089599030041, 58.93426715973822638, 6.181584838992724151 ) ) ;
#1536 = DIRECTION ( 'NONE',  ( -1.224646799147353454E-16, 1.000000000000000000, -0.000000000000000000 ) ) ;
#1537 = CARTESIAN_POINT ( 'NONE',  ( -8.200000000000008171, -1.004210375300830858E-15, 0.000000000000000000 ) ) ;
#1538 = CARTESIAN_POINT ( 'NONE',  ( 6.290087642847999483, 59.20512255097727206, 1.154870013894598646 ) ) ;
#1539 = CARTESIAN_POINT ( 'NONE',  ( 0.5725102959295229610, 61.56669354576798270, 5.419846119684089913 ) ) ;
#1540 = CARTESIAN_POINT ( 'NONE',  ( -5.350000000000014744, 52.29999999999999716, 0.000000000000000000 ) ) ;
#1541 = ORIENTED_EDGE ( 'NONE', *, *, #869, .F. ) ;
#1542 = CARTESIAN_POINT ( 'NONE',  ( -5.426203189118288250, 61.64088632709257354, 0.6811956897915421028 ) ) ;
#1543 = CARTESIAN_POINT ( 'NONE',  ( 0.2639828139922201777, 61.12466787197280382, 6.435844928248040553 ) ) ;
#1544 = CARTESIAN_POINT ( 'NONE',  ( 1.315201869296346748, 61.16031842365008941, -6.294350845536667016 ) ) ;
#1545 = ORIENTED_EDGE ( 'NONE', *, *, #2578, .T. ) ;
#1546 = CARTESIAN_POINT ( 'NONE',  ( -3.800970789341032496, 61.95011024264006494, -2.190742564613413101 ) ) ;
#1547 = ADVANCED_FACE ( 'NONE', ( #2850 ), #2253, .T. ) ;
#1548 = CARTESIAN_POINT ( 'NONE',  ( -5.449961213063386545, 60.47092127288231467, -0.02381234987108900303 ) ) ;
#1549 = CARTESIAN_POINT ( 'NONE',  ( 1.112262152658585856, 61.31639347376202664, -6.015270577429605581 ) ) ;
#1550 = CARTESIAN_POINT ( 'NONE',  ( -5.450000000000006395, 60.51287812698708990, 5.351227206035029382E-12 ) ) ;
#1551 = CARTESIAN_POINT ( 'NONE',  ( -1.888076408030409992, 60.12052230756449944, 6.169053226469052298 ) ) ;
#1552 = CARTESIAN_POINT ( 'NONE',  ( -7.090704967063177069E-15, 58.95000000000001705, 0.000000000000000000 ) ) ;
#1553 = ORIENTED_EDGE ( 'NONE', *, *, #557, .T. ) ;
#1554 = CARTESIAN_POINT ( 'NONE',  ( 1.808086567856360016, 58.95000000000000995, -6.191391036199972220 ) ) ;
#1555 = DIRECTION ( 'NONE',  ( -1.224646799147353454E-16, 1.000000000000000000, -0.000000000000000000 ) ) ;
#1556 = DIRECTION ( 'NONE',  ( -1.224646799147353454E-16, 1.000000000000000000, -0.000000000000000000 ) ) ;
#1557 = VERTEX_POINT ( 'NONE', #1885 ) ;
#1558 = AXIS2_PLACEMENT_3D ( 'NONE', #733, #2625, #948 ) ;
#1559 = CARTESIAN_POINT ( 'NONE',  ( -1.362986499027622589, 61.15745046504527949, 6.289099128096791169 ) ) ;
#1560 = VERTEX_POINT ( 'NONE', #2118 ) ;
#1561 = EDGE_CURVE ( 'NONE', #2412, #2042, #1665, .T. ) ;
#1562 = CARTESIAN_POINT ( 'NONE',  ( -0.2865747015738052683, 60.11688551607681319, 6.392823618439864575 ) ) ;
#1563 = AXIS2_PLACEMENT_3D ( 'NONE', #2366, #1913, #2144 ) ;
#1564 = CARTESIAN_POINT ( 'NONE',  ( 6.447356668714174788, 61.14690935124122717, -0.1846927006186418196 ) ) ;
#1565 = DIRECTION ( 'NONE',  ( -1.224646799147353454E-16, 1.000000000000000000, -0.000000000000000000 ) ) ;
#1566 = AXIS2_PLACEMENT_3D ( 'NONE', #3002, #338, #2044 ) ;
#1567 = EDGE_CURVE ( 'NONE', #1221, #2076, #438, .T. ) ;
#1568 = EDGE_CURVE ( 'NONE', #1221, #1652, #2492, .T. ) ;
#1569 = CARTESIAN_POINT ( 'NONE',  ( 6.167494396701951764, 61.15290636570436078, 1.528747931013808126 ) ) ;
#1570 = CARTESIAN_POINT ( 'NONE',  ( 2.549896864868356428, 59.31301824623957231, -6.146776165803791159 ) ) ;
#1571 = VECTOR ( 'NONE', #2436, 1000.000000000000000 ) ;
#1572 = VERTEX_POINT ( 'NONE', #958 ) ;
#1573 = CARTESIAN_POINT ( 'NONE',  ( -6.077326604215053329, 60.76581755207928381, -1.638299854719069248 ) ) ;
#1574 = CARTESIAN_POINT ( 'NONE',  ( 5.449999999999993072, 57.45000000000000995, 6.674325055353075238E-16 ) ) ;
#1575 = DIRECTION ( 'NONE',  ( -1.000000000000000000, 0.000000000000000000, 0.000000000000000000 ) ) ;
#1576 = ORIENTED_EDGE ( 'NONE', *, *, #2072, .F. ) ;
#1577 = CARTESIAN_POINT ( 'NONE',  ( -1.138603296962877875, 61.95011024264006494, -4.236781143507174718 ) ) ;
#1578 = CARTESIAN_POINT ( 'NONE',  ( 5.380218029904307642, 61.94996355870499372, 0.8696283983943887685 ) ) ;
#1579 = FACE_OUTER_BOUND ( 'NONE', #3026, .T. ) ;
#1580 = CARTESIAN_POINT ( 'NONE',  ( -1.267011754066905027, 61.32223623733169404, 5.972676502569242096 ) ) ;
#1581 = CARTESIAN_POINT ( 'NONE',  ( -6.280039808014934444, 59.02544636297644587, -1.475431250501143099 ) ) ;
#1582 = CARTESIAN_POINT ( 'NONE',  ( 6.279908875310690419, 61.15621194566693219, 1.416026367222708915 ) ) ;
#1583 = EDGE_CURVE ( 'NONE', #129, #2301, #2053, .T. ) ;
#1584 = CARTESIAN_POINT ( 'NONE',  ( 6.217811564411719338, 58.95000000000000995, 1.715027506912872202 ) ) ;
#1585 = EDGE_LOOP ( 'NONE', ( #2116, #2881, #628, #517, #1108 ) ) ;
#1586 = CARTESIAN_POINT ( 'NONE',  ( -5.883715639165910005, 59.71238678597497795, -2.282095522606152560 ) ) ;
#1587 = CARTESIAN_POINT ( 'NONE',  ( 1.256273091210669657, 59.03060209557636284, -6.271681378991868172 ) ) ;
#1588 = ORIENTED_EDGE ( 'NONE', *, *, #1906, .F. ) ;
#1589 = CARTESIAN_POINT ( 'NONE',  ( 0.4633513772550711951, 61.41859070619845085, 5.732805215829166023 ) ) ;
#1590 = ORIENTED_EDGE ( 'NONE', *, *, #1488, .F. ) ;
#1591 = CARTESIAN_POINT ( 'NONE',  ( 1.124461724510112948, 59.14980016511963612, -6.351934561521342282 ) ) ;
#1592 = CYLINDRICAL_SURFACE ( 'NONE', #301, 5.450000000000000178 ) ;
#1593 = CARTESIAN_POINT ( 'NONE',  ( 5.420217850156952899, 61.29036221088947656, -0.2955339760993929699 ) ) ;
#1594 = CARTESIAN_POINT ( 'NONE',  ( -2.911456244485372213, 59.17352303174427419, 5.588007698573987270 ) ) ;
#1595 = B_SPLINE_CURVE_WITH_KNOTS ( 'NONE', 3,
 ( #2291, #122, #2062, #383, #1292, #1344, #152 ),
 .UNSPECIFIED., .F., .F.,
 ( 4, 3, 4 ),
 ( 0.000000000000000000, 1.511819743151627679E-05, 2.434029670454301549E-05 ),
 .UNSPECIFIED. ) ;
#1596 = CARTESIAN_POINT ( 'NONE',  ( -6.276830975466659801, 59.02004497995510235, -1.489181073306316661 ) ) ;
#1597 = DIRECTION ( 'NONE',  ( -1.000000000000000000, 0.000000000000000000, 0.000000000000000000 ) ) ;
#1598 = VERTEX_POINT ( 'NONE', #2806 ) ;
#1599 = CYLINDRICAL_SURFACE ( 'NONE', #2398, 5.449999999999998401 ) ;
#1600 = FACE_OUTER_BOUND ( 'NONE', #530, .T. ) ;
#1601 = VERTEX_POINT ( 'NONE', #2393 ) ;
#1602 = ADVANCED_FACE ( 'NONE', ( #942 ), #3091, .F. ) ;
#1603 = CARTESIAN_POINT ( 'NONE',  ( 5.350000000000000533, 52.29999999999999716, 6.551860375438348570E-16 ) ) ;
#1604 = VERTEX_POINT ( 'NONE', #1686 ) ;
#1605 = ORIENTED_EDGE ( 'NONE', *, *, #1861, .F. ) ;
#1606 = CARTESIAN_POINT ( 'NONE',  ( 1.310650992385775204, 59.06284766282092136, -6.316144458441066867 ) ) ;
#1607 = B_SPLINE_CURVE_WITH_KNOTS ( 'NONE', 3,
 ( #219, #3074, #2, #200 ),
 .UNSPECIFIED., .F., .F.,
 ( 4, 4 ),
 ( 0.000000000000000000, 1.000000000000000000 ),
 .UNSPECIFIED. ) ;
#1608 = CARTESIAN_POINT ( 'NONE',  ( 0.2192731294874072090, 61.15000000000001279, 6.446271736025779298 ) ) ;
#1609 = TOROIDAL_SURFACE ( 'NONE', #1407, 7.050000000000006040, 1.699999999999997513 ) ;
#1610 = CARTESIAN_POINT ( 'NONE',  ( -0.5277906379835703987, 61.41150428279586038, -5.903445138730964992 ) ) ;
#1611 = AXIS2_PLACEMENT_3D ( 'NONE', #24, #975, #2886 ) ;
#1612 = DIRECTION ( 'NONE',  ( 1.000000000000000000, 0.000000000000000000, 0.000000000000000000 ) ) ;
#1613 = CARTESIAN_POINT ( 'NONE',  ( 6.256792379419025885, 60.72888316972497336, 1.571474646916600992 ) ) ;
#1614 = AXIS2_PLACEMENT_3D ( 'NONE', #3042, #1120, #2562 ) ;
#1615 = ORIENTED_EDGE ( 'NONE', *, *, #2914, .T. ) ;
#1616 = AXIS2_PLACEMENT_3D ( 'NONE', #2531, #1813, #2016 ) ;
#1617 = CARTESIAN_POINT ( 'NONE',  ( 5.416274261559289371, 61.65605314763917733, -0.4844182773408900466 ) ) ;
#1618 = CARTESIAN_POINT ( 'NONE',  ( -5.265813000543239752, 61.59292252208177132, -1.132468567004810467 ) ) ;
#1619 = ORIENTED_EDGE ( 'NONE', *, *, #1583, .F. ) ;
#1620 = CARTESIAN_POINT ( 'NONE',  ( -0.02269058370663134400, 60.45000000000000284, -5.449952764695424889 ) ) ;
#1621 = VERTEX_POINT ( 'NONE', #2868 ) ;
#1622 = EDGE_CURVE ( 'NONE', #1225, #1124, #1787, .T. ) ;
#1623 = CARTESIAN_POINT ( 'NONE',  ( -6.938893903907228378E-15, 52.29999999999999716, 0.000000000000000000 ) ) ;
#1624 = CARTESIAN_POINT ( 'NONE',  ( -5.415149939748751251, 61.64590569900770589, 0.6153664698794307775 ) ) ;
#1625 = CARTESIAN_POINT ( 'NONE',  ( 6.406748415554138099, 59.23757463876950169, 1.053765990858320789 ) ) ;
#1626 = CARTESIAN_POINT ( 'NONE',  ( 6.400869523513297743, 60.69565340395713804, -0.01628412058259656736 ) ) ;
#1627 = CARTESIAN_POINT ( 'NONE',  ( -6.281360899142929277, 58.96911289081131002, -1.470345841568401202 ) ) ;
#1628 = CARTESIAN_POINT ( 'NONE',  ( 6.449999999999990408, 58.95000000000001705, 0.000000000000000000 ) ) ;
#1629 = EDGE_LOOP ( 'NONE', ( #2832, #2545, #1173, #1942 ) ) ;
#1630 = CARTESIAN_POINT ( 'NONE',  ( 0.3171690337141281346, 61.95000000753210401, -5.473687437495330599 ) ) ;
#1631 = CARTESIAN_POINT ( 'NONE',  ( -1.515550658314607446, 58.98581740228885906, 6.245187717084189849 ) ) ;
#1632 = VERTEX_POINT ( 'NONE', #1990 ) ;
#1633 = CARTESIAN_POINT ( 'NONE',  ( 6.256601180236470938, 60.72573318544947085, 1.572693729106696026 ) ) ;
#1634 = ORIENTED_EDGE ( 'NONE', *, *, #389, .F. ) ;
#1635 = VERTEX_POINT ( 'NONE', #1736 ) ;
#1636 = EDGE_CURVE ( 'NONE', #3045, #2443, #704, .T. ) ;
#1637 = DIRECTION ( 'NONE',  ( -1.224646799147353207E-16, -1.499759782661857882E-32, 1.000000000000000000 ) ) ;
#1638 = CARTESIAN_POINT ( 'NONE',  ( -5.415707289905246746, 61.64756175201684130, 0.6104216166447816727 ) ) ;
#1639 = CARTESIAN_POINT ( 'NONE',  ( -0.4144167524719400419, 61.12660126436563957, -6.430559072885165151 ) ) ;
#1640 = B_SPLINE_CURVE_WITH_KNOTS ( 'NONE', 3,
 ( #724, #1381, #1879, #2618, #1669, #229 ),
 .UNSPECIFIED., .F., .F.,
 ( 4, 2, 4 ),
 ( 0.0005575321939142195487, 0.001199829051959954915, 0.001842125910005690606 ),
 .UNSPECIFIED. ) ;
#1641 = EDGE_CURVE ( 'NONE', #754, #1014, #2151, .T. ) ;
#1642 = CARTESIAN_POINT ( 'NONE',  ( -1.212160443022445522, 59.18667614181288883, 6.335968116925773330 ) ) ;
#1643 = DIRECTION ( 'NONE',  ( 1.224646799147353454E-16, -1.000000000000000000, 0.000000000000000000 ) ) ;
#1644 = CARTESIAN_POINT ( 'NONE',  ( 2.290573081255570909, 59.61340788939614299, -5.878036151115271224 ) ) ;
#1645 =( BOUNDED_SURFACE ( )  B_SPLINE_SURFACE ( 3, 2, ( 
 ( #2445, #1728, #56 ),
 ( #2496, #1501, #569 ),
 ( #825, #300, #1275 ),
 ( #1010, #2481, #2700 ) ),
 .UNSPECIFIED., .F., .F., .F. ) 
 B_SPLINE_SURFACE_WITH_KNOTS ( ( 4, 4 ),
 ( 3, 3 ),
 ( 0.001315515729475477593, 0.002433515737688563257 ),
 ( 0.000000000000000000, 1.000000000000000000 ),
 .UNSPECIFIED. ) 
 GEOMETRIC_REPRESENTATION_ITEM ( )  RATIONAL_B_SPLINE_SURFACE ( (
 ( 1.000000000000000000, 0.8940130902874126040, 1.000000000000000000),
 ( 1.000000000000000000, 0.8847176554372214730, 1.000000000000000000),
 ( 1.000000000000000000, 0.8782359542783148010, 1.000000000000000000),
 ( 1.000000000000000000, 0.8748110392891770282, 1.000000000000000000) ) ) 
 REPRESENTATION_ITEM ( '' )  SURFACE ( )  );
#1646 = CARTESIAN_POINT ( 'NONE',  ( -6.938893903907228378E-15, 52.29999999999999716, 0.000000000000000000 ) ) ;
#1647 = CYLINDRICAL_SURFACE ( 'NONE', #2099, 6.449999999999998401 ) ;
#1648 = DIRECTION ( 'NONE',  ( -1.000000000000000000, 0.000000000000000000, 0.000000000000000000 ) ) ;
#1649 = ORIENTED_EDGE ( 'NONE', *, *, #1567, .F. ) ;
#1650 = CARTESIAN_POINT ( 'NONE',  ( 0.01057765322696034918, 61.65000000000001990, 5.456455850819901698 ) ) ;
#1651 = CARTESIAN_POINT ( 'NONE',  ( -6.395168805037156901, 61.09481302852680784, 0.3240244114712017010 ) ) ;
#1652 = VERTEX_POINT ( 'NONE', #564 ) ;
#1653 = CARTESIAN_POINT ( 'NONE',  ( -6.300533276269088212, 61.15753720122427950, -1.308261396151392919 ) ) ;
#1654 = CARTESIAN_POINT ( 'NONE',  ( -5.412358574237263298, 61.60112293163619768, 0.6394330800642382684 ) ) ;
#1655 = CARTESIAN_POINT ( 'NONE',  ( 5.449999999999993072, 61.65000000000001279, 1.668581263838266344E-16 ) ) ;
#1656 = PRODUCT ( 'Frasco_Cimed_PE_Natural_Blender stp', 'Frasco_Cimed_PE_Natural_Blender stp', '', ( #2339 ) ) ;
#1657 = ADVANCED_FACE ( 'NONE', ( #69 ), #1254, .F. ) ;
#1658 = CARTESIAN_POINT ( 'NONE',  ( 0.2937311281517477890, 61.13519990335839083, 6.443443265978077150 ) ) ;
#1659 = DIRECTION ( 'NONE',  ( -1.224646799147353454E-16, 1.000000000000000000, -0.000000000000000000 ) ) ;
#1660 = CARTESIAN_POINT ( 'NONE',  ( -0.9008209049136020052, 59.43312678692843321, 6.387408828323531296 ) ) ;
#1661 = ADVANCED_FACE ( 'NONE', ( #314 ), #1102, .T. ) ;
#1662 = CIRCLE ( 'NONE', #298, 7.000000000000007994 ) ;
#1663 = ORIENTED_EDGE ( 'NONE', *, *, #816, .T. ) ;
#1664 = LINE ( 'NONE', #2614, #1803 ) ;
#1665 = CIRCLE ( 'NONE', #400, 5.449999999999997513 ) ;
#1666 = DIRECTION ( 'NONE',  ( -1.000000000000000000, 0.000000000000000000, 0.000000000000000000 ) ) ;
#1667 = AXIS2_PLACEMENT_3D ( 'NONE', #3024, #2554, #2035 ) ;
#1668 = CARTESIAN_POINT ( 'NONE',  ( 5.331522485621149166, 61.65291775181461986, 1.101723671734533117 ) ) ;
#1669 = CARTESIAN_POINT ( 'NONE',  ( 5.146543887697584196, 60.63473725302105066, 1.796804684297383492 ) ) ;
#1670 = AXIS2_PLACEMENT_3D ( 'NONE', #2374, #1443, #1666 ) ;
#1671 = VERTEX_POINT ( 'NONE', #528 ) ;
#1672 = B_SPLINE_CURVE_WITH_KNOTS ( 'NONE', 3,
 ( #2201, #60, #1732, #1013, #2451, #305, #1264, #2939, #797, #2704, #1087, #2484 ),
 .UNSPECIFIED., .F., .F.,
 ( 4, 2, 2, 2, 2, 4 ),
 ( 9.215718466126787689E-19, 0.0006760829952481930451, 0.001352165990496385006, 0.002028248985744576967, 0.002366290483368680211, 0.002704331980992783456 ),
 .UNSPECIFIED. ) ;
#1673 = FACE_OUTER_BOUND ( 'NONE', #626, .T. ) ;
#1674 = CARTESIAN_POINT ( 'NONE',  ( -5.414146110825780234, 61.63997592545796067, 0.6241168885955156176 ) ) ;
#1675 = CARTESIAN_POINT ( 'NONE',  ( 1.440721098753427132, 60.95299559638771569, -6.120339586294638146 ) ) ;
#1676 = CARTESIAN_POINT ( 'NONE',  ( 5.450452747462202652, 59.66247704977203625, 2.448948651003585386 ) ) ;
#1677 = CYLINDRICAL_SURFACE ( 'NONE', #1463, 6.449999999999998401 ) ;
#1678 = CARTESIAN_POINT ( 'NONE',  ( 0.1114936310002089259, 60.92042656913233145, 6.450371151417948035 ) ) ;
#1679 = ORIENTED_EDGE ( 'NONE', *, *, #2460, .F. ) ;
#1680 = CARTESIAN_POINT ( 'NONE',  ( 0.5694136684631485590, 61.95011024264005783, 4.350000000000003197 ) ) ;
#1681 = CARTESIAN_POINT ( 'NONE',  ( -5.985582581361409638, 61.32138437526163699, -1.213237548785337294 ) ) ;
#1682 = CARTESIAN_POINT ( 'NONE',  ( 5.449999999999990408, 61.95054617238513828, 6.674325055353073266E-16 ) ) ;
#1683 = EDGE_CURVE ( 'NONE', #2829, #2737, #2450, .T. ) ;
#1684 = LINE ( 'NONE', #2572, #2657 ) ;
#1685 = ORIENTED_EDGE ( 'NONE', *, *, #1193, .T. ) ;
#1686 = CARTESIAN_POINT ( 'NONE',  ( 1.757155131129271908, 60.45000000000000995, -5.158963640610978452 ) ) ;
#1687 = CARTESIAN_POINT ( 'NONE',  ( 1.208213122140055162, 61.15806729118254026, -6.319402286904529653 ) ) ;
#1688 = CARTESIAN_POINT ( 'NONE',  ( 5.326712698470559282, 59.98893503809967598, 2.188475464664797254 ) ) ;
#1689 = CARTESIAN_POINT ( 'NONE',  ( -6.443168252661001461, 61.14356546216153276, 0.2967875804366574277 ) ) ;
#1690 = CARTESIAN_POINT ( 'NONE',  ( -1.202848039403560998, 59.19282032370626467, 6.337711969816874458 ) ) ;
#1691 = VERTEX_POINT ( 'NONE', #2461 ) ;
#1692 = CARTESIAN_POINT ( 'NONE',  ( -1.362986499027622589, 61.15745046504527949, 6.289099128096791169 ) ) ;
#1693 = CARTESIAN_POINT ( 'NONE',  ( -6.278318519035541279, 61.03816784067291934, -1.491535310653770985 ) ) ;
#1694 = EDGE_CURVE ( 'NONE', #195, #1335, #2211, .T. ) ;
#1695 = DIRECTION ( 'NONE',  ( -1.224646799147353454E-16, 1.000000000000000000, -0.000000000000000000 ) ) ;
#1696 = DIRECTION ( 'NONE',  ( -1.224646799147353454E-16, 1.000000000000000000, -0.000000000000000000 ) ) ;
#1697 = ORIENTED_EDGE ( 'NONE', *, *, #2644, .F. ) ;
#1698 = EDGE_CURVE ( 'NONE', #359, #2017, #819, .T. ) ;
#1699 = DIRECTION ( 'NONE',  ( -1.000000000000000000, 0.000000000000000000, 0.000000000000000000 ) ) ;
#1700 = CARTESIAN_POINT ( 'NONE',  ( -0.4236590371819366485, 61.10823781325012050, -6.412439350606010890 ) ) ;
#1701 = EDGE_LOOP ( 'NONE', ( #645, #1328, #2943, #218 ) ) ;
#1702 = CARTESIAN_POINT ( 'NONE',  ( 6.053463570408602834, 60.74993423940902204, 1.736985110713741065 ) ) ;
#1703 = CARTESIAN_POINT ( 'NONE',  ( -5.724523931675525645, 61.41927656143212033, 0.5225404411548899564 ) ) ;
#1704 = CARTESIAN_POINT ( 'NONE',  ( -1.537346895608170616, 59.02326663102061133, 6.265185062011440209 ) ) ;
#1705 = CARTESIAN_POINT ( 'NONE',  ( -6.307549364713393558, 60.94761337633282494, -1.354378985140333391 ) ) ;
#1706 = CARTESIAN_POINT ( 'NONE',  ( 6.454037386107814633, 61.14691836105514966, -0.1656674062531608982 ) ) ;
#1707 = CARTESIAN_POINT ( 'NONE',  ( -6.032887966519130174, 59.48326242436635169, -2.289410032248799798 ) ) ;
#1708 = AXIS2_PLACEMENT_3D ( 'NONE', #1123, #428, #1104 ) ;
#1709 = CARTESIAN_POINT ( 'NONE',  ( 5.426575382185069074, 61.64332305104547061, -0.5047731451002938075 ) ) ;
#1710 = CIRCLE ( 'NONE', #2154, 6.449999999999998401 ) ;
#1711 = ORIENTED_EDGE ( 'NONE', *, *, #2378, .F. ) ;
#1712 = CARTESIAN_POINT ( 'NONE',  ( -7.090704967063177069E-15, 58.95000000000001705, 0.000000000000000000 ) ) ;
#1713 = EDGE_CURVE ( 'NONE', #725, #2313, #2556, .T. ) ;
#1714 = CARTESIAN_POINT ( 'NONE',  ( -2.738171102122611611, 59.29212190798524773, 5.683175077044685608 ) ) ;
#1715 = CARTESIAN_POINT ( 'NONE',  ( -0.7069869442466174547, 61.59054079554420014, -5.399125948268607367 ) ) ;
#1716 = CARTESIAN_POINT ( 'NONE',  ( 1.301655436366293772, 59.06339047158846967, -6.318690273699350435 ) ) ;
#1717 = CARTESIAN_POINT ( 'NONE',  ( 5.449999999999991296, 60.67295487547522015, -2.645453300864630819E-13 ) ) ;
#1718 = CARTESIAN_POINT ( 'NONE',  ( 6.440727484150206905, 60.03036423377498210, 0.3817661132922489098 ) ) ;
#1719 = CARTESIAN_POINT ( 'NONE',  ( -6.451095086991577965, 60.70477528360196828, 0.05303985064974224561 ) ) ;
#1720 = DIRECTION ( 'NONE',  ( -1.224646799147353454E-16, 1.000000000000000000, -0.000000000000000000 ) ) ;
#1721 = ORIENTED_EDGE ( 'NONE', *, *, #1509, .T. ) ;
#1722 = DIRECTION ( 'NONE',  ( 0.000000000000000000, 0.000000000000000000, -1.000000000000000000 ) ) ;
#1723 = CARTESIAN_POINT ( 'NONE',  ( -6.430351958429333159, 61.12092319978957988, 0.3207103578428699420 ) ) ;
#1724 = ORIENTED_EDGE ( 'NONE', *, *, #85, .T. ) ;
#1725 = DIRECTION ( 'NONE',  ( 1.224646799147353454E-16, -1.000000000000000000, 0.000000000000000000 ) ) ;
#1726 = CARTESIAN_POINT ( 'NONE',  ( -2.021275199629268826, 60.18967251797567286, 5.971477829882366528 ) ) ;
#1727 = DIRECTION ( 'NONE',  ( -1.000000000000000000, 0.000000000000000000, 0.000000000000000000 ) ) ;
#1728 = CARTESIAN_POINT ( 'NONE',  ( -1.137212036845558050, 61.66001712643123511, 5.310468151263696868 ) ) ;
#1729 = EDGE_CURVE ( 'NONE', #1621, #123, #1926, .T. ) ;
#1730 = CARTESIAN_POINT ( 'NONE',  ( 6.451154216105059902, 60.70956215131990774, 0.03179336142855752889 ) ) ;
#1731 = CARTESIAN_POINT ( 'NONE',  ( -6.404104523325897524, 59.38580429280416695, -0.7990893761588799826 ) ) ;
#1732 = CARTESIAN_POINT ( 'NONE',  ( -0.1829948565337977395, 60.71075091580565442, -6.399547570038891742 ) ) ;
#1733 = ORIENTED_EDGE ( 'NONE', *, *, #175, .T. ) ;
#1734 = CARTESIAN_POINT ( 'NONE',  ( -1.200061257241619161, 61.57434211376737210, 6.115805015269286216 ) ) ;
#1735 = ORIENTED_EDGE ( 'NONE', *, *, #618, .F. ) ;
#1736 = CARTESIAN_POINT ( 'NONE',  ( 9.000000000000005329, 52.29999999999999716, 1.102182119232619292E-15 ) ) ;
#1737 = CARTESIAN_POINT ( 'NONE',  ( -2.885752491029425659, 58.99444246593834151, 5.773138628079624191 ) ) ;
#1738 = VERTEX_POINT ( 'NONE', #1223 ) ;
#1739 = CARTESIAN_POINT ( 'NONE',  ( -0.1704074631631209702, 60.30962732506279167, 6.397393759315203710 ) ) ;
#1740 =( NAMED_UNIT ( * ) PLANE_ANGLE_UNIT ( ) SI_UNIT ( $, .RADIAN. ) );
#1741 = DIRECTION ( 'NONE',  ( -1.224646799147353454E-16, 1.000000000000000000, -0.000000000000000000 ) ) ;
#1742 = B_SPLINE_CURVE_WITH_KNOTS ( 'NONE', 3,
 ( #631, #1792, #1340, #2256, #2287, #1119, #1099, #2054 ),
 .UNSPECIFIED., .F., .F.,
 ( 4, 2, 2, 4 ),
 ( 0.0001810208416100956858, 0.0007058952966289909047, 0.001230769751647885690, 0.002280518661685675477 ),
 .UNSPECIFIED. ) ;
#1743 = CYLINDRICAL_SURFACE ( 'NONE', #1506, 7.000000000000003553 ) ;
#1744 = DIRECTION ( 'NONE',  ( -1.000000000000000000, 0.000000000000000000, 0.000000000000000000 ) ) ;
#1745 = EDGE_CURVE ( 'NONE', #2022, #862, #2683, .T. ) ;
#1746 = EDGE_CURVE ( 'NONE', #801, #2297, #211, .T. ) ;
#1747 = CARTESIAN_POINT ( 'NONE',  ( -5.890845275264458003, 59.14277851293633148, -2.633453522511302047 ) ) ;
#1748 = ORIENTED_EDGE ( 'NONE', *, *, #2283, .T. ) ;
#1749 = CARTESIAN_POINT ( 'NONE',  ( 6.413306505361289211, 61.10501136048360138, -0.2203100972717865480 ) ) ;
#1750 = TOROIDAL_SURFACE ( 'NONE', #2802, 5.350000000000007638, 2.650000000000006128 ) ;
#1751 = DIRECTION ( 'NONE',  ( 0.000000000000000000, -1.000000000000000000, 0.000000000000000000 ) ) ;
#1752 = ORIENTED_EDGE ( 'NONE', *, *, #1095, .F. ) ;
#1753 = ORIENTED_EDGE ( 'NONE', *, *, #483, .F. ) ;
#1754 = AXIS2_PLACEMENT_3D ( 'NONE', #549, #1536, #2178 ) ;
#1755 = CARTESIAN_POINT ( 'NONE',  ( -0.7139975424625597533, 59.54555022179460622, 6.011439704197790057 ) ) ;
#1756 = AXIS2_PLACEMENT_3D ( 'NONE', #262, #2390, #998 ) ;
#1757 = CARTESIAN_POINT ( 'NONE',  ( -6.237213273780445988, 59.10754932996863431, -1.174381259912794517 ) ) ;
#1758 = ORIENTED_EDGE ( 'NONE', *, *, #2517, .T. ) ;
#1759 = AXIS2_PLACEMENT_3D ( 'NONE', #2681, #529, #2830 ) ;
#1760 = CARTESIAN_POINT ( 'NONE',  ( 0.4524297909934675288, 59.63837272278954060, -5.399125948268607367 ) ) ;
#1761 = CARTESIAN_POINT ( 'NONE',  ( -0.4062644743048240414, 61.15954212151108038, -6.437192647180747684 ) ) ;
#1762 = DIRECTION ( 'NONE',  ( -1.224646799147353454E-16, 1.000000000000000000, 0.000000000000000000 ) ) ;
#1763 = CARTESIAN_POINT ( 'NONE',  ( 6.400664354501400588, 60.91699107027098847, -0.1213626854569380686 ) ) ;
#1764 = DIRECTION ( 'NONE',  ( -1.000000000000000000, 0.000000000000000000, 0.000000000000000000 ) ) ;
#1765 = CARTESIAN_POINT ( 'NONE',  ( 4.349999999999998757, 56.59330874734161654, 5.327213576290994130E-16 ) ) ;
#1766 = EDGE_CURVE ( 'NONE', #1635, #2803, #2560, .T. ) ;
#1767 = VERTEX_POINT ( 'NONE', #1350 ) ;
#1768 = FACE_OUTER_BOUND ( 'NONE', #2030, .T. ) ;
#1769 = CARTESIAN_POINT ( 'NONE',  ( 1.256273091210669657, 59.03060209557636284, -6.271681378991868172 ) ) ;
#1770 = APPLICATION_CONTEXT ( 'automotive_design' ) ;
#1771 = ORIENTED_EDGE ( 'NONE', *, *, #2359, .T. ) ;
#1772 = EDGE_CURVE ( 'NONE', #2740, #566, #2906, .T. ) ;
#1773 = CARTESIAN_POINT ( 'NONE',  ( -1.471324781849543850, 61.15699430247507706, 6.177967417101915437 ) ) ;
#1774 = ORIENTED_EDGE ( 'NONE', *, *, #101, .T. ) ;
#1775 = CARTESIAN_POINT ( 'NONE',  ( -0.4718239364425996230, 61.17608311997306458, -6.220013602040623368 ) ) ;
#1776 = CARTESIAN_POINT ( 'NONE',  ( 0.6374099870992597783, 59.54522129003775177, -6.420505532191130627 ) ) ;
#1777 = CARTESIAN_POINT ( 'NONE',  ( -6.127098560431091023, 59.16485916144564072, -2.871779355675581513 ) ) ;
#1778 = CARTESIAN_POINT ( 'NONE',  ( -1.488506616468791899, 61.12777755501375054, 6.109857543213548681 ) ) ;
#1779 = CARTESIAN_POINT ( 'NONE',  ( -6.392786334511951551, 61.13432445274229110, 0.3469632395799746583 ) ) ;
#1780 = CARTESIAN_POINT ( 'NONE',  ( -7.458099007729797570E-15, 61.95000000753210401, 0.000000000000000000 ) ) ;
#1781 = ORIENTED_EDGE ( 'NONE', *, *, #2283, .F. ) ;
#1782 = CARTESIAN_POINT ( 'NONE',  ( 6.434912828335323631, 61.12292588938027649, -0.2139489461205143772 ) ) ;
#1783 = CARTESIAN_POINT ( 'NONE',  ( 5.424699629930064049, 61.60609000076155439, -0.5245322166326961133 ) ) ;
#1784 = ADVANCED_FACE ( 'NONE', ( #376 ), #728, .F. ) ;
#1785 = CARTESIAN_POINT ( 'NONE',  ( 1.011440301142696674, 61.48691322365840506, -5.687012587466578672 ) ) ;
#1786 = EDGE_LOOP ( 'NONE', ( #172, #3065, #573, #1240 ) ) ;
#1787 = B_SPLINE_CURVE_WITH_KNOTS ( 'NONE', 3,
 ( #1898, #248, #928, #186, #2349, #1208, #2591, #439, #20, #662, #1145, #3058, #2820, #912, #3075, #83, #2441, #2713, #50, #327, #2928, #265 ),
 .UNSPECIFIED., .F., .F.,
 ( 4, 3, 3, 3, 3, 3, 3, 4 ),
 ( 0.000000000000000000, 1.560068644796211513E-05, 3.131093042530233155E-05, 4.572204827550609732E-05, 5.964806396424645186E-05, 7.469156577037623429E-05, 9.209332011227453841E-05, 0.0001117425290089372027 ),
 .UNSPECIFIED. ) ;
#1788 = EDGE_LOOP ( 'NONE', ( #2801, #2551, #108, #999 ) ) ;
#1789 = CARTESIAN_POINT ( 'NONE',  ( 0.3172974753195594300, 61.31950215784819136, 6.103771039489269690 ) ) ;
#1790 = ORIENTED_EDGE ( 'NONE', *, *, #1286, .F. ) ;
#1791 = CARTESIAN_POINT ( 'NONE',  ( 1.407238628570667283, 59.03012697109910789, -6.295453447097617783 ) ) ;
#1792 = CARTESIAN_POINT ( 'NONE',  ( 6.210313223149403150, 59.11899963467541141, 1.270436133656437150 ) ) ;
#1793 = FACE_OUTER_BOUND ( 'NONE', #2722, .T. ) ;
#1794 = CARTESIAN_POINT ( 'NONE',  ( -6.218311904323445383, 58.95000000000000995, -1.713212497196242357 ) ) ;
#1795 = CARTESIAN_POINT ( 'NONE',  ( 1.208213122140055162, 61.15806729118254026, -6.319402286904529653 ) ) ;
#1796 = ORIENTED_EDGE ( 'NONE', *, *, #2612, .T. ) ;
#1797 = CARTESIAN_POINT ( 'NONE',  ( -6.467202938157941894, 61.13693756919132483, 0.3481859040806773442 ) ) ;
#1798 = CARTESIAN_POINT ( 'NONE',  ( 1.333980421189245424, 61.12977236820011484, -6.140884639808597889 ) ) ;
#1799 = CARTESIAN_POINT ( 'NONE',  ( 0.6907224919291072851, 59.41479258782099038, -6.102321050124389856 ) ) ;
#1800 = ORIENTED_EDGE ( 'NONE', *, *, #538, .T. ) ;
#1801 = AXIS2_PLACEMENT_3D ( 'NONE', #2214, #1273, #2697 ) ;
#1802 = CARTESIAN_POINT ( 'NONE',  ( 2.190742564613405996, 61.95011024264007204, -3.800970789341024947 ) ) ;
#1803 = VECTOR ( 'NONE', #2483, 1000.000000000000000 ) ;
#1804 = ADVANCED_FACE ( 'NONE', ( #1114, #2049 ), #877, .F. ) ;
#1805 = CARTESIAN_POINT ( 'NONE',  ( 0.1104391285038494736, 60.32987565526686069, -6.450000000000001066 ) ) ;
#1806 = AXIS2_PLACEMENT_3D ( 'NONE', #1196, #2103, #2823 ) ;
#1807 = CARTESIAN_POINT ( 'NONE',  ( 0.9706706895502099641, 61.56513950925089063, -5.535278672829737623 ) ) ;
#1808 = CARTESIAN_POINT ( 'NONE',  ( 5.420217850156952899, 59.02366837050657011, 1.438861347379198241 ) ) ;
#1809 = TOROIDAL_SURFACE ( 'NONE', #2403, 7.200000000000001066, 0.8000000000000003775 ) ;
#1810 = CARTESIAN_POINT ( 'NONE',  ( -1.404296774422332250, 61.27097167346311579, 5.841143380326235146 ) ) ;
#1811 = CARTESIAN_POINT ( 'NONE',  ( 6.293970415059298773, 61.15185000198866305, 1.393325872238553309 ) ) ;
#1812 = VECTOR ( 'NONE', #1845, 1000.000000000000000 ) ;
#1813 = DIRECTION ( 'NONE',  ( -1.224646799147353454E-16, 1.000000000000000000, -0.000000000000000000 ) ) ;
#1814 = B_SPLINE_CURVE_WITH_KNOTS ( 'NONE', 3,
 ( #1910, #2844, #1219, #981 ),
 .UNSPECIFIED., .F., .F.,
 ( 4, 4 ),
 ( 0.002535296868501547406, 0.003286814353211449987 ),
 .UNSPECIFIED. ) ;
#1815 = VERTEX_POINT ( 'NONE', #1046 ) ;
#1816 = CARTESIAN_POINT ( 'NONE',  ( -5.254482251354168909, 60.21958293479540458, -1.948931417202987904 ) ) ;
#1817 = CARTESIAN_POINT ( 'NONE',  ( 5.424897475171502670, 61.58955972298404902, -0.5224857807914536911 ) ) ;
#1818 = CARTESIAN_POINT ( 'NONE',  ( 1.210021134649704067, 61.15511811440363488, -6.325061761158401907 ) ) ;
#1819 = ORIENTED_EDGE ( 'NONE', *, *, #2015, .F. ) ;
#1820 = ORIENTED_EDGE ( 'NONE', *, *, #1349, .F. ) ;
#1821 = CARTESIAN_POINT ( 'NONE',  ( 0.6272421781787678174, 61.64106961188086586, 5.432342382469668607 ) ) ;
#1822 = CARTESIAN_POINT ( 'NONE',  ( -1.388303804727372581, 59.03195557213490474, 6.242858306292361270 ) ) ;
#1823 = CARTESIAN_POINT ( 'NONE',  ( 6.447227515478438420, 61.14447297316221608, -0.1890961756869492527 ) ) ;
#1824 = CARTESIAN_POINT ( 'NONE',  ( 6.406748415554138099, 59.02366837050657011, 1.438861347379198241 ) ) ;
#1825 = EDGE_CURVE ( 'NONE', #2916, #1598, #2080, .T. ) ;
#1826 = CARTESIAN_POINT ( 'NONE',  ( -6.417863091744308690, 59.61837859385609306, -0.6617690910268692051 ) ) ;
#1827 = CARTESIAN_POINT ( 'NONE',  ( 6.007144950311539056, 59.54253172804512673, 2.355311810934411554 ) ) ;
#1828 = ADVANCED_FACE ( 'NONE', ( #2977 ), #556, .T. ) ;
#1829 = CARTESIAN_POINT ( 'NONE',  ( -6.410249249254292181, 59.69645478904903513, -0.4868382380571054657 ) ) ;
#1830 = ORIENTED_EDGE ( 'NONE', *, *, #2229, .F. ) ;
#1831 = DIRECTION ( 'NONE',  ( 0.000000000000000000, -0.000000000000000000, -1.000000000000000000 ) ) ;
#1832 = DIRECTION ( 'NONE',  ( -1.000000000000000000, -1.224646799147353454E-16, 0.000000000000000000 ) ) ;
#1833 = ORIENTED_EDGE ( 'NONE', *, *, #1880, .F. ) ;
#1834 = CARTESIAN_POINT ( 'NONE',  ( 5.100899255216676309, 59.82063092536861149, 2.287311221852189380 ) ) ;
#1835 = ORIENTED_EDGE ( 'NONE', *, *, #444, .F. ) ;
#1836 = CARTESIAN_POINT ( 'NONE',  ( 5.449999999999990408, 60.45000000000001705, 0.000000000000000000 ) ) ;
#1837 = CARTESIAN_POINT ( 'NONE',  ( 1.541300480367802317, 58.94756919992172328, -6.209661215675306600 ) ) ;
#1838 = CARTESIAN_POINT ( 'NONE',  ( 5.557695053228960624, 61.41561298055727036, 1.380340171160292284 ) ) ;
#1839 = CARTESIAN_POINT ( 'NONE',  ( -7.458165893633704163E-15, 61.95054617238513828, 0.000000000000000000 ) ) ;
#1840 = CARTESIAN_POINT ( 'NONE',  ( 1.094774951748466840, 61.55145331213610405, -5.153072114614732691 ) ) ;
#1841 = PRESENTATION_STYLE_ASSIGNMENT (( #2413 ) ) ;
#1842 = ORIENTED_EDGE ( 'NONE', *, *, #888, .F. ) ;
#1843 = CARTESIAN_POINT ( 'NONE',  ( 1.139818898001038394E-31, -9.307327621275167769E-16, 0.000000000000000000 ) ) ;
#1844 = EDGE_CURVE ( 'NONE', #829, #1635, #1684, .T. ) ;
#1845 = DIRECTION ( 'NONE',  ( -1.224646799147353454E-16, 1.000000000000000000, -0.000000000000000000 ) ) ;
#1846 = VERTEX_POINT ( 'NONE', #1620 ) ;
#1847 = CARTESIAN_POINT ( 'NONE',  ( -7.458165893633704163E-15, 61.95054617238513828, 0.000000000000000000 ) ) ;
#1848 = EDGE_LOOP ( 'NONE', ( #415, #2440, #1835, #1530, #2787, #1970, #2712, #462, #1248, #1115, #250, #1318, #562, #2748, #1866, #3086, #1314, #1447, #2682, #1833, #326 ) ) ;
#1849 = ORIENTED_EDGE ( 'NONE', *, *, #2783, .F. ) ;
#1850 = CARTESIAN_POINT ( 'NONE',  ( 2.529479808413890751, 59.35479243773603741, -5.639251500803299955 ) ) ;
#1851 = CARTESIAN_POINT ( 'NONE',  ( 6.447829803822331840, 61.15000000000001279, -0.1673045753719406559 ) ) ;
#1852 = CIRCLE ( 'NONE', #2503, 6.509813084112153980 ) ;
#1853 = CARTESIAN_POINT ( 'NONE',  ( 5.420217850156952899, 61.58058482366381270, -0.5218550667253006869 ) ) ;
#1854 = CARTESIAN_POINT ( 'NONE',  ( -0.5999790124771715583, 59.68185742614838318, 6.422673021552172123 ) ) ;
#1855 = CARTESIAN_POINT ( 'NONE',  ( 1.094774951748466840, 61.55145331213610405, -6.146776165803792047 ) ) ;
#1856 = ORIENTED_EDGE ( 'NONE', *, *, #1117, .F. ) ;
#1857 = AXIS2_PLACEMENT_3D ( 'NONE', #17, #2376, #228 ) ;
#1858 = CARTESIAN_POINT ( 'NONE',  ( -5.787354408030338959, 59.39095443235193983, -2.538719709832110816 ) ) ;
#1859 = DIRECTION ( 'NONE',  ( 0.000000000000000000, 0.000000000000000000, -1.000000000000000000 ) ) ;
#1860 = ORIENTED_EDGE ( 'NONE', *, *, #342, .F. ) ;
#1861 = EDGE_CURVE ( 'NONE', #2046, #669, #1156, .T. ) ;
#1862 = B_SPLINE_CURVE_WITH_KNOTS ( 'NONE', 3,
 ( #372, #1630, #2568, #2813 ),
 .UNSPECIFIED., .F., .F.,
 ( 4, 4 ),
 ( 0.000000000000000000, 1.000000000000000000 ),
 .UNSPECIFIED. ) ;
#1863 = CARTESIAN_POINT ( 'NONE',  ( -6.393857542552725981, 61.09412793640267836, 0.3236498235010905056 ) ) ;
#1864 = EDGE_LOOP ( 'NONE', ( #709, #1711, #3025, #2957 ) ) ;
#1865 = B_SPLINE_CURVE_WITH_KNOTS ( 'NONE', 3,
 ( #1522, #2420, #2952, #1011 ),
 .UNSPECIFIED., .F., .F.,
 ( 4, 4 ),
 ( 0.4620904417270417230, 1.000000000000000000 ),
 .UNSPECIFIED. ) ;
#1866 = ORIENTED_EDGE ( 'NONE', *, *, #796, .T. ) ;
#1867 = ADVANCED_FACE ( 'NONE', ( #2800 ), #1809, .F. ) ;
#1868 = DIRECTION ( 'NONE',  ( -1.224646799147353454E-16, 1.000000000000000000, -0.000000000000000000 ) ) ;
#1869 = CARTESIAN_POINT ( 'NONE',  ( -5.412406468258403436, 61.59535831941798278, 0.6390276903150167165 ) ) ;
#1870 = CARTESIAN_POINT ( 'NONE',  ( 1.333980421189245424, 61.12977236820011484, -6.140884639808597889 ) ) ;
#1871 = CARTESIAN_POINT ( 'NONE',  ( -0.9672932691951238171, 59.29865118550277003, 6.378092171768424024 ) ) ;
#1872 = FILL_AREA_STYLE_COLOUR ( '', #1513 ) ;
#1873 = CARTESIAN_POINT ( 'NONE',  ( 0.2614638620197538565, 61.12806383429961699, 6.438671889798825987 ) ) ;
#1874 = CARTESIAN_POINT ( 'NONE',  ( 7.049999999999998934, 57.37272116324168536, 8.633759933988847864E-16 ) ) ;
#1875 = DIRECTION ( 'NONE',  ( -1.224646799147353454E-16, 1.000000000000000000, -0.000000000000000000 ) ) ;
#1876 = CARTESIAN_POINT ( 'NONE',  ( -1.388303804727372581, 59.03195557213490474, 6.242858306292361270 ) ) ;
#1877 = EDGE_LOOP ( 'NONE', ( #1619, #2485, #2927, #1337 ) ) ;
#1878 = CARTESIAN_POINT ( 'NONE',  ( 5.764070613970386781, 61.48856700155158705, -0.3540891182660177994 ) ) ;
#1879 = CARTESIAN_POINT ( 'NONE',  ( 5.240035731299884425, 61.20688160357162388, 1.501814205066699381 ) ) ;
#1880 = EDGE_CURVE ( 'NONE', #1252, #889, #1640, .T. ) ;
#1881 = VERTEX_POINT ( 'NONE', #3071 ) ;
#1882 = ORIENTED_EDGE ( 'NONE', *, *, #696, .T. ) ;
#1883 = DIRECTION ( 'NONE',  ( -1.224646799147353454E-16, 1.000000000000000000, -0.000000000000000000 ) ) ;
#1884 = ADVANCED_FACE ( 'NONE', ( #217 ), #2274, .T. ) ;
#1885 = CARTESIAN_POINT ( 'NONE',  ( 7.200000000000001066, 2.075409162179534750, 9.307315673519885459E-16 ) ) ;
#1886 = ADVANCED_FACE ( 'NONE', ( #2114 ), #890, .T. ) ;
#1887 = CARTESIAN_POINT ( 'NONE',  ( -0.6986157933366183848, 61.62930815492567405, -5.405038017747945567 ) ) ;
#1888 = DIRECTION ( 'NONE',  ( -1.224646799147353454E-16, 1.000000000000000000, -0.000000000000000000 ) ) ;
#1889 = CARTESIAN_POINT ( 'NONE',  ( -5.325806534531938752, 61.55956693937413604, -1.156842580793502107 ) ) ;
#1890 = CARTESIAN_POINT ( 'NONE',  ( 0.2426212679970490282, 61.14362285198733105, 6.445435200226240724 ) ) ;
#1891 = CARTESIAN_POINT ( 'NONE',  ( 6.396993794659369570, 61.13645592668584783, -0.2401138409662458006 ) ) ;
#1892 = DIRECTION ( 'NONE',  ( 0.000000000000000000, -1.000000000000000000, 0.000000000000000000 ) ) ;
#1893 = CARTESIAN_POINT ( 'NONE',  ( -5.897930644239898434, 61.24586412509376032, -1.366708809381954604 ) ) ;
#1894 = CARTESIAN_POINT ( 'NONE',  ( -5.677847585070168179, 58.96965297724106847, -3.032489579951533898 ) ) ;
#1895 = CARTESIAN_POINT ( 'NONE',  ( 6.152885933115537220, 60.37258161021974701, 1.943408510446060777 ) ) ;
#1896 = B_SPLINE_CURVE_WITH_KNOTS ( 'NONE', 3,
 ( #121, #2996, #2529, #382 ),
 .UNSPECIFIED., .F., .F.,
 ( 4, 4 ),
 ( 0.000000000000000000, 0.0002543440771419255408 ),
 .UNSPECIFIED. ) ;
#1897 = CARTESIAN_POINT ( 'NONE',  ( -5.450000000000008171, 61.95054617238513828, 0.000000000000000000 ) ) ;
#1898 = CARTESIAN_POINT ( 'NONE',  ( 0.5410033866104100309, 61.65000000000001279, 5.423081719435552728 ) ) ;
#1899 = CARTESIAN_POINT ( 'NONE',  ( 5.449999999999990408, 61.95054617238513828, 6.674325055353073266E-16 ) ) ;
#1900 = EDGE_CURVE ( 'NONE', #3097, #1434, #434, .T. ) ;
#1901 = CARTESIAN_POINT ( 'NONE',  ( 0.1612592123375883590, 60.90914031811036722, 6.449491834516555500 ) ) ;
#1902 = AXIS2_PLACEMENT_3D ( 'NONE', #1843, #624, #1110 ) ;
#1903 = CARTESIAN_POINT ( 'NONE',  ( -5.852564945960202714, 61.27062678440854171, -1.350970825295346955 ) ) ;
#1904 = CARTESIAN_POINT ( 'NONE',  ( 2.997162354211901469, 59.04114275999015149, -5.711721307437255923 ) ) ;
#1905 = AXIS2_PLACEMENT_3D ( 'NONE', #1274, #2228, #1993 ) ;
#1906 = EDGE_CURVE ( 'NONE', #3045, #754, #1710, .T. ) ;
#1907 = ORIENTED_EDGE ( 'NONE', *, *, #2302, .F. ) ;
#1908 = CARTESIAN_POINT ( 'NONE',  ( -4.350000000000011191, 61.95011024264007204, -1.232254710238436557E-15 ) ) ;
#1909 = CARTESIAN_POINT ( 'NONE',  ( 6.509813084112145987, 55.76082845716489800, 7.972221756505506801E-16 ) ) ;
#1910 = CARTESIAN_POINT ( 'NONE',  ( -8.513469491877736620E-15, 60.50875302419269275, -6.449999999999998401 ) ) ;
#1911 = CARTESIAN_POINT ( 'NONE',  ( 6.150187553240442639, 60.07879811760073352, 1.949810580155802553 ) ) ;
#1912 = EDGE_LOOP ( 'NONE', ( #1528, #336, #1989, #1031 ) ) ;
#1913 = DIRECTION ( 'NONE',  ( -1.224646799147353454E-16, 1.000000000000000000, -0.000000000000000000 ) ) ;
#1914 = CARTESIAN_POINT ( 'NONE',  ( -0.4215243214739644584, 61.09353622943892503, -6.389672054604803364 ) ) ;
#1915 = ORIENTED_EDGE ( 'NONE', *, *, #2015, .T. ) ;
#1916 = CARTESIAN_POINT ( 'NONE',  ( -0.2202933052364530742, 60.22472419477345085, 6.395910814480762596 ) ) ;
#1917 = CARTESIAN_POINT ( 'NONE',  ( -1.488506616468791899, 61.12777755501375054, 6.109857543213548681 ) ) ;
#1918 = CARTESIAN_POINT ( 'NONE',  ( 1.114864023648173941, 61.16527117491165910, -6.352918873146026435 ) ) ;
#1919 = ORIENTED_EDGE ( 'NONE', *, *, #2668, .F. ) ;
#1920 = CYLINDRICAL_SURFACE ( 'NONE', #3051, 6.449999999999998401 ) ;
#1921 = ADVANCED_FACE ( 'NONE', ( #292 ), #353, .T. ) ;
#1922 = CARTESIAN_POINT ( 'NONE',  ( -5.899204897028600847, 59.79707988737355606, -2.230688674350246536 ) ) ;
#1923 = CARTESIAN_POINT ( 'NONE',  ( 0.2767546013309545305, 61.65000000000000568, 5.449443020101841562 ) ) ;
#1924 = CARTESIAN_POINT ( 'NONE',  ( -6.408451822133770293, 61.10277141611846474, 0.3260567567913662534 ) ) ;
#1925 = ORIENTED_EDGE ( 'NONE', *, *, #2260, .T. ) ;
#1926 = LINE ( 'NONE', #2882, #2401 ) ;
#1927 = CARTESIAN_POINT ( 'NONE',  ( 5.431084659370773338, 61.65000000000001279, 0.5558750806826063817 ) ) ;
#1928 = ORIENTED_EDGE ( 'NONE', *, *, #2573, .F. ) ;
#1929 = CARTESIAN_POINT ( 'NONE',  ( 0.9017588077873663899, 61.95002400849901392, 5.374907184142392325 ) ) ;
#1930 = CARTESIAN_POINT ( 'NONE',  ( -7.090704967063177069E-15, 58.95000000000001705, 0.000000000000000000 ) ) ;
#1931 = CARTESIAN_POINT ( 'NONE',  ( -5.214030205906975191, 60.82160974848245871, -1.602449657464016575 ) ) ;
#1932 = B_SPLINE_CURVE_WITH_KNOTS ( 'NONE', 3,
 ( #894, #2025, #2760, #583 ),
 .UNSPECIFIED., .F., .F.,
 ( 4, 4 ),
 ( -3.008495806821004372E-06, 0.0002260105222598458429 ),
 .UNSPECIFIED. ) ;
#1933 = CARTESIAN_POINT ( 'NONE',  ( -6.281302893408166277, 60.73841798748561871, -1.470658523167649889 ) ) ;
#1934 = CARTESIAN_POINT ( 'NONE',  ( 2.673278231890879209, 61.95011024264007915, 3.478550764432084108 ) ) ;
#1935 = DIRECTION ( 'NONE',  ( -1.224646799147353454E-16, 1.000000000000000000, -0.000000000000000000 ) ) ;
#1936 = EDGE_CURVE ( 'NONE', #956, #3045, #3088, .T. ) ;
#1937 = DIRECTION ( 'NONE',  ( -1.224646799147353454E-16, 1.000000000000000000, -0.000000000000000000 ) ) ;
#1938 = CARTESIAN_POINT ( 'NONE',  ( 5.427014882889699798, 61.64590801620666838, -0.5000341582425406051 ) ) ;
#1939 = ORIENTED_EDGE ( 'NONE', *, *, #850, .T. ) ;
#1940 = CARTESIAN_POINT ( 'NONE',  ( 5.618840575918463642, 58.96949165961577677, 3.140687729925488725 ) ) ;
#1941 = CARTESIAN_POINT ( 'NONE',  ( -2.285697466342297535, 59.79599204132831147, 5.879682616250391014 ) ) ;
#1942 = ORIENTED_EDGE ( 'NONE', *, *, #1636, .F. ) ;
#1943 = CARTESIAN_POINT ( 'NONE',  ( -0.3870583998069759835, 61.14764056008609572, -6.438377904307627908 ) ) ;
#1944 = CARTESIAN_POINT ( 'NONE',  ( 1.178076427190551279, 59.11833466222457645, -6.342617076028922440 ) ) ;
#1945 = CARTESIAN_POINT ( 'NONE',  ( 1.963478779324536072, 60.10935190048530075, -5.987724622517613504 ) ) ;
#1946 = B_SPLINE_SURFACE_WITH_KNOTS ( 'NONE', 3, 1, ( 
 ( #1824, #1808 ),
 ( #1625, #2288 ),
 ( #2807, #632 ),
 ( #187, #174 ),
 ( #2790, #1593 ),
 ( #2761, #1853 ) ),
 .UNSPECIFIED., .F., .F., .F.,
 ( 4, 1, 1, 4 ),
 ( 2, 2 ),
 ( 0.03995558149273142207, 0.3675899823596752158, 0.5801946360068768183, 0.8626105314789075384 ),
 ( 0.000000000000000000, 1.000000000000000000 ),
 .UNSPECIFIED. ) ;
#1947 = AXIS2_PLACEMENT_3D ( 'NONE', #730, #473, #2102 ) ;
#1948 = CARTESIAN_POINT ( 'NONE',  ( -6.297204771675196433, 59.12720282192402266, -1.132864738449480102 ) ) ;
#1949 = CARTESIAN_POINT ( 'NONE',  ( -6.401086598765947322, 60.68096532852943881, 0.09661256737974573128 ) ) ;
#1950 = CARTESIAN_POINT ( 'NONE',  ( -6.024155920764192373, 60.39970821235129961, -1.843183359433170354 ) ) ;
#1951 = EDGE_LOOP ( 'NONE', ( #878, #1733, #482, #2884, #739, #2597 ) ) ;
#1952 = CIRCLE ( 'NONE', #1806, 8.200000000000008171 ) ;
#1953 = CARTESIAN_POINT ( 'NONE',  ( 1.757155131129271908, 60.45000000000000995, -5.158963640610978452 ) ) ;
#1954 = CARTESIAN_POINT ( 'NONE',  ( 5.426198395300405153, 61.63998685629894680, -0.5087936466183533568 ) ) ;
#1955 = EDGE_CURVE ( 'NONE', #2017, #889, #760, .T. ) ;
#1956 = AXIS2_PLACEMENT_3D ( 'NONE', #1316, #1555, #3064 ) ;
#1957 = VERTEX_POINT ( 'NONE', #1251 ) ;
#1958 = AXIS2_PLACEMENT_3D ( 'NONE', #2585, #687, #1859 ) ;
#1959 = CARTESIAN_POINT ( 'NONE',  ( 6.389832211961357089, 59.48835708572160286, 0.8997712672731574823 ) ) ;
#1960 = FACE_OUTER_BOUND ( 'NONE', #2893, .T. ) ;
#1961 = ORIENTED_EDGE ( 'NONE', *, *, #7, .T. ) ;
#1962 = ADVANCED_FACE ( 'NONE', ( #2926 ), #2509, .T. ) ;
#1963 = CARTESIAN_POINT ( 'NONE',  ( 5.838716091820492338, 59.69784250908939072, 2.400179706984154837 ) ) ;
#1964 = CARTESIAN_POINT ( 'NONE',  ( 1.562833662332373974, 58.99667416559411492, -6.258174194029739290 ) ) ;
#1965 = DIRECTION ( 'NONE',  ( 0.000000000000000000, 0.000000000000000000, -1.000000000000000000 ) ) ;
#1966 = CARTESIAN_POINT ( 'NONE',  ( 2.904825314808490155, 59.06700340352024625, -5.671386581015253725 ) ) ;
#1967 = B_SPLINE_CURVE_WITH_KNOTS ( 'NONE', 3,
 ( #2086, #2306, #663, #1610, #2039, #617, #3029 ),
 .UNSPECIFIED., .F., .F.,
 ( 4, 3, 4 ),
 ( 0.000000000000000000, 0.0006164215103236543461, 0.001180619140993178877 ),
 .UNSPECIFIED. ) ;
#1968 = CARTESIAN_POINT ( 'NONE',  ( -6.444920294778158976, 60.00228919975293707, -0.3039510459043129886 ) ) ;
#1969 = CARTESIAN_POINT ( 'NONE',  ( -6.307033509132102367, 61.25559840122069488, -1.358149210613790681 ) ) ;
#1970 = ORIENTED_EDGE ( 'NONE', *, *, #3069, .F. ) ;
#1971 = CARTESIAN_POINT ( 'NONE',  ( 5.449999999999993960, 58.95000000000000995, 6.674325055353077210E-16 ) ) ;
#1972 = DIRECTION ( 'NONE',  ( -1.224646799147353454E-16, 1.000000000000000000, -0.000000000000000000 ) ) ;
#1973 = EDGE_LOOP ( 'NONE', ( #1397, #2586, #1074 ) ) ;
#1974 = CARTESIAN_POINT ( 'NONE',  ( -0.2441558029843367561, 60.18328622426707852, 5.624517330728200371 ) ) ;
#1975 = B_SPLINE_CURVE_WITH_KNOTS ( 'NONE', 3,
 ( #1794, #854, #1581, #2528, #381, #1103, #1826, #2776, #1195, #3077, #1424, #1178 ),
 .UNSPECIFIED., .F., .F.,
 ( 4, 2, 2, 2, 2, 4 ),
 ( 2.742838647325547832E-18, 0.0003810427896747567932, 0.0007620855793495107675, 0.001524171158699006790, 0.002286256738048502487, 0.003048342317397998401 ),
 .UNSPECIFIED. ) ;
#1976 = CARTESIAN_POINT ( 'NONE',  ( -2.775659165430480968, 59.25902411581832752, 5.825710970866968097 ) ) ;
#1977 = B_SPLINE_SURFACE_WITH_KNOTS ( 'NONE', 3, 1, ( 
 ( #1734, #541 ),
 ( #2031, #2248 ),
 ( #323, #842 ),
 ( #2502, #2925 ),
 ( #1493, #2707 ),
 ( #1015, #2455 ) ),
 .UNSPECIFIED., .F., .F., .F.,
 ( 4, 1, 1, 4 ),
 ( 2, 2 ),
 ( 0.1237551500043118924, 0.4354275615271078204, 0.6473660141921226963, 0.8762916510620064603 ),
 ( 0.000000000000000000, 1.000000000000000000 ),
 .UNSPECIFIED. ) ;
#1978 = EDGE_CURVE ( 'NONE', #1598, #3072, #1511, .T. ) ;
#1979 = ADVANCED_FACE ( 'NONE', ( #2661 ), #800, .T. ) ;
#1980 = CARTESIAN_POINT ( 'NONE',  ( 5.426066845603972233, 61.56549250604481927, -0.5101946560257736296 ) ) ;
#1981 = DIRECTION ( 'NONE',  ( -1.000000000000000000, 0.000000000000000000, 0.000000000000000000 ) ) ;
#1982 = CARTESIAN_POINT ( 'NONE',  ( 6.319112117019514585, 59.17172184053666939, 1.297349622100401501 ) ) ;
#1983 = DIRECTION ( 'NONE',  ( -1.224646799147353454E-16, 1.000000000000000000, -0.000000000000000000 ) ) ;
#1984 = CARTESIAN_POINT ( 'NONE',  ( -2.941676296867696827, 59.15308295757466084, 5.587627843832443375 ) ) ;
#1985 = ORIENTED_EDGE ( 'NONE', *, *, #2890, .F. ) ;
#1986 = DIRECTION ( 'NONE',  ( 0.000000000000000000, -1.000000000000000000, 0.000000000000000000 ) ) ;
#1987 = CARTESIAN_POINT ( 'NONE',  ( -7.090704967063177069E-15, 62.15000000000001279, 0.000000000000000000 ) ) ;
#1988 = ORIENTED_EDGE ( 'NONE', *, *, #2935, .T. ) ;
#1989 = ORIENTED_EDGE ( 'NONE', *, *, #2185, .F. ) ;
#1990 = CARTESIAN_POINT ( 'NONE',  ( -5.450000000000006395, 60.51287812698708990, 5.351227206035029382E-12 ) ) ;
#1991 = CARTESIAN_POINT ( 'NONE',  ( -1.908900231382345325, 60.38153008268734823, 6.163805723354228938 ) ) ;
#1992 = CYLINDRICAL_SURFACE ( 'NONE', #2249, 8.000000000000007105 ) ;
#1993 = DIRECTION ( 'NONE',  ( -1.000000000000000000, 0.000000000000000000, 0.000000000000000000 ) ) ;
#1994 = CARTESIAN_POINT ( 'NONE',  ( -6.127098560431091023, 61.57383801181050131, -1.146482210145003178 ) ) ;
#1995 = ADVANCED_FACE ( 'NONE', ( #983 ), #1007, .T. ) ;
#1996 = CARTESIAN_POINT ( 'NONE',  ( 6.244193986956184439, 58.99373478637836854, 1.620388937013873543 ) ) ;
#1997 = DIRECTION ( 'NONE',  ( -1.000000000000000000, 0.000000000000000000, 0.000000000000000000 ) ) ;
#1998 = ADVANCED_FACE ( 'NONE', ( #2892 ), #512, .T. ) ;
#1999 = ORIENTED_EDGE ( 'NONE', *, *, #1001, .T. ) ;
#2000 = LINE ( 'NONE', #337, #1100 ) ;
#2001 = AXIS2_PLACEMENT_3D ( 'NONE', #309, #1266, #80 ) ;
#2002 = CARTESIAN_POINT ( 'NONE',  ( 0.2686794833459395515, 61.11744701588447271, 6.429274335746072211 ) ) ;
#2003 = EDGE_LOOP ( 'NONE', ( #1140, #409, #1044, #263 ) ) ;
#2004 = ORIENTED_EDGE ( 'NONE', *, *, #1233, .T. ) ;
#2005 =( GEOMETRIC_REPRESENTATION_CONTEXT ( 3 ) GLOBAL_UNCERTAINTY_ASSIGNED_CONTEXT ( ( #260 ) ) GLOBAL_UNIT_ASSIGNED_CONTEXT ( ( #807, #1740, #299 ) ) REPRESENTATION_CONTEXT ( 'NONE', 'WORKASPACE' ) );
#2006 = CARTESIAN_POINT ( 'NONE',  ( 3.800970789341015621, 61.95011024264005783, -2.190742564613413990 ) ) ;
#2007 = AXIS2_PLACEMENT_3D ( 'NONE', #1479, #1972, #2439 ) ;
#2008 = AXIS2_PLACEMENT_3D ( 'NONE', #501, #2836, #2869 ) ;
#2009 = ORIENTED_EDGE ( 'NONE', *, *, #346, .T. ) ;
#2010 = CARTESIAN_POINT ( 'NONE',  ( 5.426622563381823916, 61.95000000753210401, 0.5822582304023257160 ) ) ;
#2011 = FACE_OUTER_BOUND ( 'NONE', #2345, .T. ) ;
#2012 = CARTESIAN_POINT ( 'NONE',  ( -6.127098560431091023, 61.24388469835829341, -1.387178541085084538 ) ) ;
#2013 = CARTESIAN_POINT ( 'NONE',  ( 6.165293807001535953, 58.89741997371587701, 1.696200024306023568 ) ) ;
#2014 = CARTESIAN_POINT ( 'NONE',  ( 0.3682925291088232078, 61.26129863906307804, 6.054962067638432366 ) ) ;
#2015 = EDGE_CURVE ( 'NONE', #2047, #2583, #2895, .T. ) ;
#2016 = DIRECTION ( 'NONE',  ( -1.000000000000000000, 0.000000000000000000, 0.000000000000000000 ) ) ;
#2017 = VERTEX_POINT ( 'NONE', #2735 ) ;
#2018 = CARTESIAN_POINT ( 'NONE',  ( -6.114936358313952880, 61.31011491324441920, 0.4491812070710623495 ) ) ;
#2019 = EDGE_CURVE ( 'NONE', #1738, #691, #1308, .T. ) ;
#2020 = CARTESIAN_POINT ( 'NONE',  ( 5.424932985054786272, 61.62059261215378569, -0.5221140988297061636 ) ) ;
#2021 = CARTESIAN_POINT ( 'NONE',  ( 1.363961258132697640, 61.08037542934665254, -6.237212153238915313 ) ) ;
#2022 = VERTEX_POINT ( 'NONE', #373 ) ;
#2023 = CARTESIAN_POINT ( 'NONE',  ( 5.100899255216676309, 60.66618251177615662, 1.756545428895854855 ) ) ;
#2024 = CARTESIAN_POINT ( 'NONE',  ( 1.102842237652371882, 61.53607286233960849, -5.337250134559009318 ) ) ;
#2025 = CARTESIAN_POINT ( 'NONE',  ( -6.189447325511555853, 61.15703816855481989, -1.417543666721929885 ) ) ;
#2026 = CARTESIAN_POINT ( 'NONE',  ( 0.9263155178061062145, 61.65000000000001279, -5.370701961705901084 ) ) ;
#2027 = CARTESIAN_POINT ( 'NONE',  ( -2.791124680582189654, 59.06137566804022043, 5.818826999218599916 ) ) ;
#2028 = DIRECTION ( 'NONE',  ( -1.000000000000000000, -1.204669080539449097E-16, 0.000000000000000000 ) ) ;
#2029 = DIRECTION ( 'NONE',  ( -1.224646799147353454E-16, 1.000000000000000000, -0.000000000000000000 ) ) ;
#2030 = EDGE_LOOP ( 'NONE', ( #857, #614, #436, #1790, #1649 ) ) ;
#2031 = CARTESIAN_POINT ( 'NONE',  ( -1.441512556716604498, 61.24166568421966872, 6.115805015269286216 ) ) ;
#2032 = CARTESIAN_POINT ( 'NONE',  ( 0.2666444488675468460, 61.12107954958192835, 6.432857836974755550 ) ) ;
#2033 = CARTESIAN_POINT ( 'NONE',  ( -0.7051733562361818253, 61.58711725169470697, -5.376646399726512371 ) ) ;
#2034 = ORIENTED_EDGE ( 'NONE', *, *, #445, .T. ) ;
#2035 = DIRECTION ( 'NONE',  ( -1.000000000000000000, 0.000000000000000000, 0.000000000000000000 ) ) ;
#2036 = VERTEX_POINT ( 'NONE', #1574 ) ;
#2037 = CARTESIAN_POINT ( 'NONE',  ( -5.350000000000015632, 61.95054617238513828, 0.000000000000000000 ) ) ;
#2038 = DIRECTION ( 'NONE',  ( -1.224646799147353454E-16, 1.000000000000000000, -0.000000000000000000 ) ) ;
#2039 = CARTESIAN_POINT ( 'NONE',  ( -0.5739538449587987534, 61.49112526509236432, -5.739440858882602470 ) ) ;
#2040 = CARTESIAN_POINT ( 'NONE',  ( -2.478638657801104372, 59.55817417901506872, 5.513533208719537448 ) ) ;
#2041 = CARTESIAN_POINT ( 'NONE',  ( -6.332178881375172708, 59.07806147525937490, -1.233481690727572966 ) ) ;
#2042 = VERTEX_POINT ( 'NONE', #2811 ) ;
#2043 = CARTESIAN_POINT ( 'NONE',  ( -0.6978354980004364272, 61.57331403652923996, -5.405138815768792959 ) ) ;
#2044 = DIRECTION ( 'NONE',  ( -1.000000000000000000, 0.000000000000000000, 0.000000000000000000 ) ) ;
#2045 = CARTESIAN_POINT ( 'NONE',  ( 0.5830249077392920531, 59.53698059946739818, -6.031250698993612325 ) ) ;
#2046 = VERTEX_POINT ( 'NONE', #1389 ) ;
#2047 = VERTEX_POINT ( 'NONE', #355 ) ;
#2048 = VECTOR ( 'NONE', #1883, 1000.000000000000000 ) ;
#2049 = FACE_OUTER_BOUND ( 'NONE', #1345, .T. ) ;
#2050 = ADVANCED_FACE ( 'NONE', ( #190 ), #2104, .T. ) ;
#2051 = VECTOR ( 'NONE', #1875, 1000.000000000000000 ) ;
#2052 = CARTESIAN_POINT ( 'NONE',  ( -0.6567187410594583774, 61.49618514291650229, -5.564311901296265184 ) ) ;
#2053 = CIRCLE ( 'NONE', #708, 2.650000000000006573 ) ;
#2054 = CARTESIAN_POINT ( 'NONE',  ( 5.448621807222782998, 60.45000000000001705, 0.1225577490664165325 ) ) ;
#2055 = EDGE_CURVE ( 'NONE', #1470, #725, #2488, .T. ) ;
#2056 = CARTESIAN_POINT ( 'NONE',  ( -0.5436589824251205627, 59.69280894309807195, 5.413942107742939491 ) ) ;
#2057 = AXIS2_PLACEMENT_3D ( 'NONE', #149, #2994, #1341 ) ;
#2058 = CARTESIAN_POINT ( 'NONE',  ( -7.090704967063177069E-15, 58.95000000000001705, 0.000000000000000000 ) ) ;
#2059 =( BOUNDED_SURFACE ( )  B_SPLINE_SURFACE ( 3, 2, ( 
 ( #2522, #832, #2033 ),
 ( #128, #641, #339 ),
 ( #578, #2973, #112 ),
 ( #2725, #2751, #1317 ) ),
 .UNSPECIFIED., .F., .F., .T. ) 
 B_SPLINE_SURFACE_WITH_KNOTS ( ( 4, 4 ),
 ( 3, 3 ),
 ( 0.003556417247585471307, 0.004756028960685316706 ),
 ( 0.000000000000000000, 1.000000000000000000 ),
 .UNSPECIFIED. ) 
 GEOMETRIC_REPRESENTATION_ITEM ( )  RATIONAL_B_SPLINE_SURFACE ( (
 ( 1.000000000000000000, 0.5609320921440944518, 1.000000000000000000),
 ( 1.000000000000000000, 0.5461870980293349609, 1.000000000000000000),
 ( 1.000000000000000000, 0.5347002997790261114, 1.000000000000000000),
 ( 1.000000000000000000, 0.5270657209383932118, 1.000000000000000000) ) ) 
 REPRESENTATION_ITEM ( '' )  SURFACE ( )  );
#2060 = CARTESIAN_POINT ( 'NONE',  ( -5.417418619504342558, 61.65000000000001279, 0.5950424363419505314 ) ) ;
#2061 = MECHANICAL_DESIGN_GEOMETRIC_PRESENTATION_REPRESENTATION (  '', ( #2108 ), #1364 ) ;
#2062 = CARTESIAN_POINT ( 'NONE',  ( 0.2334717522578915461, 61.14809287010776728, 6.445774999794354088 ) ) ;
#2063 = ORIENTED_EDGE ( 'NONE', *, *, #635, .F. ) ;
#2064 = CARTESIAN_POINT ( 'NONE',  ( -7.458165893633704163E-15, 61.65000000000001279, 0.000000000000000000 ) ) ;
#2065 = ORIENTED_EDGE ( 'NONE', *, *, #86, .F. ) ;
#2066 = CARTESIAN_POINT ( 'NONE',  ( 6.103968780154924723, 59.15909458469406701, 2.996969827252764507 ) ) ;
#2067 = ORIENTED_EDGE ( 'NONE', *, *, #1641, .F. ) ;
#2068 = ORIENTED_EDGE ( 'NONE', *, *, #1352, .T. ) ;
#2069 = CARTESIAN_POINT ( 'NONE',  ( -8.513469491877736620E-15, 60.50875302419269275, -6.449999999999998401 ) ) ;
#2070 = CARTESIAN_POINT ( 'NONE',  ( 2.729570951906853615, 59.00520382543700748, -5.844963654812844744 ) ) ;
#2071 = CARTESIAN_POINT ( 'NONE',  ( 6.098021727635527967, 61.12200652214477259, 1.545566542428601808 ) ) ;
#2072 = EDGE_CURVE ( 'NONE', #525, #754, #1043, .T. ) ;
#2073 = CARTESIAN_POINT ( 'NONE',  ( -2.390688596258571774, 59.66499650269163624, 5.474370863455332525 ) ) ;
#2074 = DIRECTION ( 'NONE',  ( -1.000000000000000000, 0.000000000000000000, 0.000000000000000000 ) ) ;
#2075 = B_SPLINE_CURVE_WITH_KNOTS ( 'NONE', 3,
 ( #943, #2607, #2395, #472, #1438, #972, #2381, #913, #1675, #1870 ),
 .UNSPECIFIED., .F., .F.,
 ( 4, 2, 2, 2, 4 ),
 ( 6.121663164877216003E-17, 0.0006310720638383462760, 0.001262144127676631186, 0.001893216191514916205, 0.002524288255353201223 ),
 .UNSPECIFIED. ) ;
#2076 = VERTEX_POINT ( 'NONE', #1295 ) ;
#2077 = CARTESIAN_POINT ( 'NONE',  ( -5.499016048380576116, 59.66118461364178671, -2.339974149566581563 ) ) ;
#2078 = CARTESIAN_POINT ( 'NONE',  ( -5.417418619504342558, 61.65000000000001279, 0.5950424363419505314 ) ) ;
#2079 = ORIENTED_EDGE ( 'NONE', *, *, #979, .T. ) ;
#2080 = B_SPLINE_CURVE_WITH_KNOTS ( 'NONE', 3,
 ( #2786, #1368, #643, #2006, #2771, #2963, #1802, #820, #613, #2727, #1577, #3007, #580, #864, #1546, #1299, #2538, #2491 ),
 .UNSPECIFIED., .F., .F.,
 ( 4, 2, 2, 2, 2, 2, 2, 2, 4 ),
 ( 0.4645902040636450958, 0.5270902040636450403, 0.5895902040636450403, 0.6520902040636450403, 0.7145902040636450403, 0.7770902040636450403, 0.8395902040636450403, 0.9020902040636450403, 0.9645902040636450403 ),
 .UNSPECIFIED. ) ;
#2081 = EDGE_LOOP ( 'NONE', ( #1919, #2343, #1685, #2090 ) ) ;
#2082 = ORIENTED_EDGE ( 'NONE', *, *, #2783, .T. ) ;
#2083 = B_SPLINE_CURVE_WITH_KNOTS ( 'NONE', 3,
 ( #348, #619, #585, #2995, #2763 ),
 .UNSPECIFIED., .F., .F.,
 ( 4, 1, 4 ),
 ( 0.7500000000000000000, 0.7645367228075836685, 0.7790734456151672260 ),
 .UNSPECIFIED. ) ;
#2084 = CARTESIAN_POINT ( 'NONE',  ( 2.257519968702731195, 59.66803709660825206, -5.528385773542195736 ) ) ;
#2085 = CARTESIAN_POINT ( 'NONE',  ( -7.458165893633704163E-15, 61.95054617238513828, 0.000000000000000000 ) ) ;
#2086 = CARTESIAN_POINT ( 'NONE',  ( -0.3714149696079047658, 61.15000000000001279, -6.439297393376951284 ) ) ;
#2087 = CARTESIAN_POINT ( 'NONE',  ( 6.999999999999999112, 1.075409162179533862, 8.572527594031474176E-16 ) ) ;
#2088 = CARTESIAN_POINT ( 'NONE',  ( -6.298253675139957153, 59.15036218190831363, -1.114037110344386017 ) ) ;
#2089 =( NAMED_UNIT ( * ) SI_UNIT ( $, .STERADIAN. ) SOLID_ANGLE_UNIT ( ) );
#2090 = ORIENTED_EDGE ( 'NONE', *, *, #3073, .F. ) ;
#2091 = CARTESIAN_POINT ( 'NONE',  ( 5.553663932425146221, 59.16936811060613621, 2.982304292582584004 ) ) ;
#2092 = EDGE_CURVE ( 'NONE', #1957, #264, #503, .T. ) ;
#2093 = CARTESIAN_POINT ( 'NONE',  ( -1.710744473815338784, 58.95000000000000995, 6.219363870038788100 ) ) ;
#2094 = ORIENTED_EDGE ( 'NONE', *, *, #1073, .T. ) ;
#2095 = CARTESIAN_POINT ( 'NONE',  ( 5.989757551799185897, 59.49049303373144681, 2.400169560523949919 ) ) ;
#2096 = ORIENTED_EDGE ( 'NONE', *, *, #1057, .T. ) ;
#2097 = DIRECTION ( 'NONE',  ( -1.224646799147353454E-16, 1.000000000000000000, -0.000000000000000000 ) ) ;
#2098 = CARTESIAN_POINT ( 'NONE',  ( -5.413722425277962103, 61.63691718625567262, 0.6277923146300399271 ) ) ;
#2099 = AXIS2_PLACEMENT_3D ( 'NONE', #447, #1892, #1409 ) ;
#2100 = CARTESIAN_POINT ( 'NONE',  ( 1.333980421189245424, 61.12977236820011484, -6.140884639808597889 ) ) ;
#2101 = AXIS2_PLACEMENT_3D ( 'NONE', #2134, #1659, #2595 ) ;
#2102 = DIRECTION ( 'NONE',  ( -1.000000000000000000, -1.204669080539449097E-16, 0.000000000000000000 ) ) ;
#2103 = DIRECTION ( 'NONE',  ( -1.224646799147353454E-16, 1.000000000000000000, -0.000000000000000000 ) ) ;
#2104 = CYLINDRICAL_SURFACE ( 'NONE', #1956, 5.449999999999998401 ) ;
#2105 = AXIS2_PLACEMENT_3D ( 'NONE', #526, #1696, #1494 ) ;
#2106 = DIRECTION ( 'NONE',  ( 0.000000000000000000, 0.000000000000000000, 1.000000000000000000 ) ) ;
#2107 = ORIENTED_EDGE ( 'NONE', *, *, #2072, .T. ) ;
#2108 = STYLED_ITEM ( 'NONE', ( #1841 ), #2446 ) ;
#2109 = B_SPLINE_CURVE_WITH_KNOTS ( 'NONE', 3,
 ( #2407, #2139, #466, #2601, #1432, #1202 ),
 .UNSPECIFIED., .F., .F.,
 ( 4, 2, 4 ),
 ( 1.094150704735891057E-15, 0.0001974782462018417732, 0.0003949564924025894238 ),
 .UNSPECIFIED. ) ;
#2110 = FACE_OUTER_BOUND ( 'NONE', #1524, .T. ) ;
#2111 = ORIENTED_EDGE ( 'NONE', *, *, #2142, .T. ) ;
#2112 = EDGE_CURVE ( 'NONE', #2649, #2989, #321, .T. ) ;
#2113 = EDGE_CURVE ( 'NONE', #2738, #1560, #2236, .T. ) ;
#2114 = FACE_OUTER_BOUND ( 'NONE', #1912, .T. ) ;
#2115 = VERTEX_POINT ( 'NONE', #1798 ) ;
#2116 = ORIENTED_EDGE ( 'NONE', *, *, #1529, .F. ) ;
#2117 = CARTESIAN_POINT ( 'NONE',  ( -0.09097207395146056363, 60.45000000000001705, 5.449240688551107326 ) ) ;
#2118 = CARTESIAN_POINT ( 'NONE',  ( -8.000000000000021316, 52.29999999999999716, 0.000000000000000000 ) ) ;
#2119 = CARTESIAN_POINT ( 'NONE',  ( -0.4235864690951429146, 61.09841226686643978, -6.398397488294353508 ) ) ;
#2120 = CARTESIAN_POINT ( 'NONE',  ( 0.2932481368942068678, 61.13437547635694358, 6.395111157709957972 ) ) ;
#2121 = CARTESIAN_POINT ( 'NONE',  ( 1.296342874026174874, 61.19210515702081210, -6.019152713227712503 ) ) ;
#2122 = CARTESIAN_POINT ( 'NONE',  ( 2.757411175561969685, 59.15830697836184271, -5.667823489168227091 ) ) ;
#2123 = VERTEX_POINT ( 'NONE', #609 ) ;
#2124 = DIRECTION ( 'NONE',  ( 0.000000000000000000, -1.000000000000000000, 0.000000000000000000 ) ) ;
#2125 = B_SPLINE_CURVE_WITH_KNOTS ( 'NONE', 3,
 ( #2258, #2321, #633, #2073, #2040, #2564, #2543, #1594 ),
 .UNSPECIFIED., .F., .F.,
 ( 4, 2, 2, 4 ),
 ( 2.005335003966163541E-15, 0.0008607838470722566863, 0.001291175770607390274, 0.001721567694142524078 ),
 .UNSPECIFIED. ) ;
#2126 = CYLINDRICAL_SURFACE ( 'NONE', #2908, 9.000000000000010658 ) ;
#2127 = CARTESIAN_POINT ( 'NONE',  ( 6.105604060676968814, 61.31988413706451979, -0.2576068167911936824 ) ) ;
#2128 = CARTESIAN_POINT ( 'NONE',  ( 5.959484064795608660, 60.18725068132150113, 2.057630858405245622 ) ) ;
#2129 = VERTEX_POINT ( 'NONE', #717 ) ;
#2130 = EDGE_CURVE ( 'NONE', #2323, #1367, #2825, .T. ) ;
#2131 = CARTESIAN_POINT ( 'NONE',  ( -5.417418619504342558, 61.65000000000001279, 0.5950424363419505314 ) ) ;
#2132 = CARTESIAN_POINT ( 'NONE',  ( 5.449999999999995737, 61.65000000000001279, 0.1852916947182479956 ) ) ;
#2133 = CARTESIAN_POINT ( 'NONE',  ( 6.355381506419695903, 59.58630253974335744, 0.7336439753608379188 ) ) ;
#2134 = CARTESIAN_POINT ( 'NONE',  ( -7.458165893633704163E-15, 61.95054617238513828, 0.000000000000000000 ) ) ;
#2135 = CARTESIAN_POINT ( 'NONE',  ( 1.850248174644261168, 60.00493187391708716, -6.179331809821894339 ) ) ;
#2136 = ORIENTED_EDGE ( 'NONE', *, *, #2533, .T. ) ;
#2137 = CARTESIAN_POINT ( 'NONE',  ( 2.190742564613411769, 61.95011024264007204, 3.800970789341022282 ) ) ;
#2138 = CARTESIAN_POINT ( 'NONE',  ( 4.349999999999995204, 61.95011024264007204, -1.232254710238436557E-15 ) ) ;
#2139 = CARTESIAN_POINT ( 'NONE',  ( -6.261230990043035405, 59.00356079033339540, -1.394049217522828288 ) ) ;
#2140 = CARTESIAN_POINT ( 'NONE',  ( 5.658349709189445242, 59.30730289899131691, 2.791917628929364348 ) ) ;
#2141 = ORIENTED_EDGE ( 'NONE', *, *, #2612, .F. ) ;
#2142 = EDGE_CURVE ( 'NONE', #496, #2649, #957, .T. ) ;
#2143 = CARTESIAN_POINT ( 'NONE',  ( -5.387145511320870384, 61.95004849556622162, -0.8257370352211591547 ) ) ;
#2144 = DIRECTION ( 'NONE',  ( -1.000000000000000000, 0.000000000000000000, 0.000000000000000000 ) ) ;
#2145 = CARTESIAN_POINT ( 'NONE',  ( -0.4192987688085874076, 61.11941281490596367, -6.424560461916585474 ) ) ;
#2146 = EDGE_CURVE ( 'NONE', #264, #2301, #2756, .T. ) ;
#2147 = CARTESIAN_POINT ( 'NONE',  ( 6.400515128423418965, 60.89787522106914253, -0.1129714151899496311 ) ) ;
#2148 = CIRCLE ( 'NONE', #55, 6.449999999999998401 ) ;
#2149 = CARTESIAN_POINT ( 'NONE',  ( -2.752763246301610511, 59.28085893613190649, 5.676163420413800509 ) ) ;
#2150 = CARTESIAN_POINT ( 'NONE',  ( -5.138431641500281977, 60.45000000000008811, -1.816320529430215602 ) ) ;
#2151 = CIRCLE ( 'NONE', #1304, 6.449999999999998401 ) ;
#2152 = VERTEX_POINT ( 'NONE', #255 ) ;
#2153 = CARTESIAN_POINT ( 'NONE',  ( -4.236781143507183600, 61.95011024264007204, 1.138603296962874767 ) ) ;
#2154 = AXIS2_PLACEMENT_3D ( 'NONE', #2456, #18, #81 ) ;
#2155 = DIRECTION ( 'NONE',  ( 1.224646799147353454E-16, -1.000000000000000000, 0.000000000000000000 ) ) ;
#2156 = CIRCLE ( 'NONE', #1467, 4.350000000000005862 ) ;
#2157 = CARTESIAN_POINT ( 'NONE',  ( 5.613814435295972238, 61.49028046273405579, 1.337198647367550786 ) ) ;
#2158 = CARTESIAN_POINT ( 'NONE',  ( -6.426738586406053777, 61.11727831415718271, 0.3227158744944322311 ) ) ;
#2159 = ORIENTED_EDGE ( 'NONE', *, *, #2392, .T. ) ;
#2160 = B_SPLINE_CURVE_WITH_KNOTS ( 'NONE', 3,
 ( #1125, #1858, #1586, #639, #608, #1573, #431, #139 ),
 .UNSPECIFIED., .F., .F.,
 ( 4, 2, 2, 4 ),
 ( 6.809894472982692834E-17, 0.001264518839568664005, 0.001896778259352953399, 0.002529037679137243009 ),
 .UNSPECIFIED. ) ;
#2161 = CARTESIAN_POINT ( 'NONE',  ( -7.090704967063177069E-15, 58.95000000000001705, 0.000000000000000000 ) ) ;
#2162 = CARTESIAN_POINT ( 'NONE',  ( -0.4223378983984727442, 61.11218469714523138, -6.416909940841442506 ) ) ;
#2163 = ORIENTED_EDGE ( 'NONE', *, *, #1247, .F. ) ;
#2164 = CARTESIAN_POINT ( 'NONE',  ( -0.6415255261941366083, 59.71626012834637720, 6.418505821893797147 ) ) ;
#2165 = CARTESIAN_POINT ( 'NONE',  ( 1.102842237652371882, 61.53607286233960849, -5.337250134559009318 ) ) ;
#2166 = CARTESIAN_POINT ( 'NONE',  ( -5.270954051293279541, 61.21004284069400825, -1.409369345037759569 ) ) ;
#2167 = ADVANCED_FACE ( 'NONE', ( #1455 ), #2937, .T. ) ;
#2168 = CARTESIAN_POINT ( 'NONE',  ( -7.458165893633704163E-15, 61.15000000000001279, 0.000000000000000000 ) ) ;
#2169 = CARTESIAN_POINT ( 'NONE',  ( -6.180817802787368365, 60.38237757717940468, -1.853108613898048374 ) ) ;
#2170 = FACE_OUTER_BOUND ( 'NONE', #1864, .T. ) ;
#2171 = CARTESIAN_POINT ( 'NONE',  ( 5.428389463298735507, 61.64999999999999858, -0.4848866219736492345 ) ) ;
#2172 = ORIENTED_EDGE ( 'NONE', *, *, #635, .T. ) ;
#2173 = CARTESIAN_POINT ( 'NONE',  ( -7.090704967063177069E-15, 58.95000000000001705, 0.000000000000000000 ) ) ;
#2174 = CARTESIAN_POINT ( 'NONE',  ( -1.529527729874734066, 60.73374311274668003, 6.267366420120004555 ) ) ;
#2175 = EDGE_LOOP ( 'NONE', ( #2430, #2909, #2555, #1017, #543, #1066 ) ) ;
#2176 = APPLICATION_PROTOCOL_DEFINITION ( 'draft international standard', 'automotive_design', 1998, #2404 ) ;
#2177 = CARTESIAN_POINT ( 'NONE',  ( -1.522487968334149233, 58.97072394709031329, 6.213095347454257400 ) ) ;
#2178 = DIRECTION ( 'NONE',  ( -1.000000000000000000, 0.000000000000000000, 0.000000000000000000 ) ) ;
#2179 = CARTESIAN_POINT ( 'NONE',  ( -0.6415992391015120644, 59.71625259697801624, 6.418486021436926592 ) ) ;
#2180 = CARTESIAN_POINT ( 'NONE',  ( 6.339723425548952740, 59.44749877475926070, 0.8622166863754984201 ) ) ;
#2181 = CARTESIAN_POINT ( 'NONE',  ( 6.999999999999995559, 61.95054617238513828, 8.572527594031476148E-16 ) ) ;
#2182 = ADVANCED_FACE ( 'NONE', ( #2385, #238 ), #1197, .F. ) ;
#2183 = FACE_OUTER_BOUND ( 'NONE', #623, .T. ) ;
#2184 = VERTEX_POINT ( 'NONE', #1537 ) ;
#2185 = EDGE_CURVE ( 'NONE', #1335, #1635, #809, .T. ) ;
#2186 = CARTESIAN_POINT ( 'NONE',  ( -6.418402506198412460, 61.10991914012910087, 0.3255285432277840174 ) ) ;
#2187 = ORIENTED_EDGE ( 'NONE', *, *, #2876, .T. ) ;
#2188 = CARTESIAN_POINT ( 'NONE',  ( 6.437812462543768710, 60.06045323199068520, 0.4252603911853411467 ) ) ;
#2189 = CARTESIAN_POINT ( 'NONE',  ( -6.195770577723410888, 59.20539353324026166, -1.030384587557959586 ) ) ;
#2190 = ORIENTED_EDGE ( 'NONE', *, *, #1694, .T. ) ;
#2191 =( BOUNDED_SURFACE ( )  B_SPLINE_SURFACE ( 3, 2, ( 
 ( #295, #2915, #1034 ),
 ( #2929, #565, #789 ),
 ( #1020, #986, #2174 ),
 ( #38, #1991, #2226 ),
 ( #1726, #51, #1255 ),
 ( #1941, #757, #1271 ),
 ( #2476, #515, #1239 ),
 ( #1714, #1976, #2429 ),
 ( #2212, #1516, #1737 ),
 ( #2696, #545, #2665 ) ),
 .UNSPECIFIED., .F., .F., .T. ) 
 B_SPLINE_SURFACE_WITH_KNOTS ( ( 4, 2, 2, 2, 4 ),
 ( 3, 3 ),
 ( 0.001538307676367111233, 0.002291608971633420089, 0.003044910266899728511, 0.003798211562166037367, 0.004551512857432346223 ),
 ( 0.000000000000000000, 1.000000000000000000 ),
 .UNSPECIFIED. ) 
 GEOMETRIC_REPRESENTATION_ITEM ( )  RATIONAL_B_SPLINE_SURFACE ( (
 ( 1.000000000000000000, 0.7641163738633096614, 1.000000000000000000),
 ( 1.000000000000000000, 0.7712847163615542678, 1.000000000000000000),
 ( 1.000000000000000000, 0.7772228940439321887, 1.000000000000000000),
 ( 1.000000000000000000, 0.7872863102150645664, 1.000000000000000000),
 ( 1.000000000000000000, 0.7915768687162486605, 1.000000000000000000),
 ( 1.000000000000000000, 0.7983765320685943800, 1.000000000000000000),
 ( 1.000000000000000000, 0.8010639744437985099, 1.000000000000000000),
 ( 1.000000000000000000, 0.7983912336316639768, 1.000000000000000000),
 ( 1.000000000000000000, 0.7928225158054752475, 1.000000000000000000),
 ( 1.000000000000000000, 0.7811988531483220477, 1.000000000000000000) ) ) 
 REPRESENTATION_ITEM ( '' )  SURFACE ( )  );
#2192 = B_SPLINE_CURVE_WITH_KNOTS ( 'NONE', 3,
 ( #2341, #154, #168, #192, #2077, #859, #1816, #3046 ),
 .UNSPECIFIED., .F., .F.,
 ( 4, 2, 2, 4 ),
 ( 0.0005287291341386281826, 0.0009618542478884504858, 0.001394979361638272897, 0.002261229589137916419 ),
 .UNSPECIFIED. ) ;
#2193 = CARTESIAN_POINT ( 'NONE',  ( 5.731065486780583029, 59.39317082389096925, 2.665384453614457971 ) ) ;
#2194 = CARTESIAN_POINT ( 'NONE',  ( -0.1540436930240412783, 60.66598985236899466, -6.449836705544075954 ) ) ;
#2195 = CARTESIAN_POINT ( 'NONE',  ( -5.441657477566088197, 61.23921630456479903, 0.3863300033389281407 ) ) ;
#2196 = B_SPLINE_CURVE_WITH_KNOTS ( 'NONE', 3,
 ( #363, #582, #2270, #1098, #2978 ),
 .UNSPECIFIED., .F., .F.,
 ( 4, 1, 4 ),
 ( 0.9806517443571072246, 0.9903258721785536123, 1.000000000000000000 ),
 .UNSPECIFIED. ) ;
#2197 = CIRCLE ( 'NONE', #851, 1.699999999999998401 ) ;
#2198 = CARTESIAN_POINT ( 'NONE',  ( 2.950232697919544567, 59.00867486498865588, -5.691713079016015087 ) ) ;
#2199 = DIRECTION ( 'NONE',  ( -1.224646799147353454E-16, 1.000000000000000000, 0.000000000000000000 ) ) ;
#2200 = TOROIDAL_SURFACE ( 'NONE', #1510, 5.350000000000007638, 2.650000000000006128 ) ;
#2201 = CARTESIAN_POINT ( 'NONE',  ( -0.4212554110254146389, 61.09308334240000704, -6.388794502681871101 ) ) ;
#2202 = ADVANCED_FACE ( 'NONE', ( #792 ), #2966, .T. ) ;
#2203 = VERTEX_POINT ( 'NONE', #1024 ) ;
#2204 = CARTESIAN_POINT ( 'NONE',  ( 6.447227515478438420, 61.14447297316221608, -0.1890961756869492527 ) ) ;
#2205 = CARTESIAN_POINT ( 'NONE',  ( -6.413495409837310923, 61.10616262522528785, 0.3261895544612899434 ) ) ;
#2206 = ORIENTED_EDGE ( 'NONE', *, *, #1636, .T. ) ;
#2207 = VECTOR ( 'NONE', #2250, 1000.000000000000000 ) ;
#2208 = ORIENTED_EDGE ( 'NONE', *, *, #2130, .T. ) ;
#2209 = EDGE_CURVE ( 'NONE', #2803, #691, #3008, .T. ) ;
#2210 = AXIS2_PLACEMENT_3D ( 'NONE', #2968, #2984, #2546 ) ;
#2211 = LINE ( 'NONE', #1238, #806 ) ;
#2212 = CARTESIAN_POINT ( 'NONE',  ( -2.909485148200861460, 59.16102597524857032, 5.594033942010907090 ) ) ;
#2213 = EDGE_LOOP ( 'NONE', ( #1063, #1663, #325, #49 ) ) ;
#2214 = CARTESIAN_POINT ( 'NONE',  ( -6.938893903907228378E-15, 56.59330874734161654, 0.000000000000000000 ) ) ;
#2215 = DIRECTION ( 'NONE',  ( -1.000000000000000000, 0.000000000000000000, 0.000000000000000000 ) ) ;
#2216 = CARTESIAN_POINT ( 'NONE',  ( 6.437958293551325539, 60.06228124081973618, 0.4237712629859405333 ) ) ;
#2217 = CARTESIAN_POINT ( 'NONE',  ( -6.422081069695090960, 59.58110410191817152, -0.6220539337920258927 ) ) ;
#2218 = CARTESIAN_POINT ( 'NONE',  ( -6.142639925711860016, 60.17172778108040632, -1.976983368551462616 ) ) ;
#2219 = EDGE_LOOP ( 'NONE', ( #2277, #561, #418, #2136, #2310, #1465, #2519 ) ) ;
#2220 = CYLINDRICAL_SURFACE ( 'NONE', #2001, 7.000000000000003553 ) ;
#2221 = B_SPLINE_CURVE_WITH_KNOTS ( 'NONE', 3,
 ( #922, #2127, #1878, #1444 ),
 .UNSPECIFIED., .F., .F.,
 ( 4, 4 ),
 ( 0.000000000000000000, 0.001177670943579325370 ),
 .UNSPECIFIED. ) ;
#2222 = CARTESIAN_POINT ( 'NONE',  ( -7.458165893633704163E-15, 61.65000000000001279, 0.000000000000000000 ) ) ;
#2223 = ORIENTED_EDGE ( 'NONE', *, *, #2991, .F. ) ;
#2224 = CARTESIAN_POINT ( 'NONE',  ( 6.217811564411719338, 58.95000000000000995, 1.715027506912872202 ) ) ;
#2225 = EDGE_CURVE ( 'NONE', #3022, #2301, #1515, .T. ) ;
#2226 = CARTESIAN_POINT ( 'NONE',  ( -1.780354287591030982, 60.29991435368417285, 6.200780235676784713 ) ) ;
#2227 = CARTESIAN_POINT ( 'NONE',  ( 1.275008167695377281, 59.02311648840218083, -5.399125948268607367 ) ) ;
#2228 = DIRECTION ( 'NONE',  ( -1.224646799147353454E-16, 1.000000000000000000, -0.000000000000000000 ) ) ;
#2229 = EDGE_CURVE ( 'NONE', #2076, #1632, #2678, .T. ) ;
#2230 = CARTESIAN_POINT ( 'NONE',  ( -5.132535019717167302, 59.16485916144564072, -2.871779355675581513 ) ) ;
#2231 = CARTESIAN_POINT ( 'NONE',  ( 6.213460164868735980, 58.94274530523835409, 1.730726084505954443 ) ) ;
#2232 = CARTESIAN_POINT ( 'NONE',  ( -6.938893903907228378E-15, 52.29999999999999716, 0.000000000000000000 ) ) ;
#2233 = CARTESIAN_POINT ( 'NONE',  ( -6.334200687289197162, 61.16508043971228403, -1.216717573286893117 ) ) ;
#2234 = ORIENTED_EDGE ( 'NONE', *, *, #1193, .F. ) ;
#2235 = FACE_OUTER_BOUND ( 'NONE', #2266, .T. ) ;
#2236 = LINE ( 'NONE', #2960, #2207 ) ;
#2237 = ORIENTED_EDGE ( 'NONE', *, *, #2650, .T. ) ;
#2238 = CARTESIAN_POINT ( 'NONE',  ( -0.09097207395146056363, 60.45000000000001705, 5.449240688551107326 ) ) ;
#2239 = VERTEX_POINT ( 'NONE', #1052 ) ;
#2240 = CARTESIAN_POINT ( 'NONE',  ( 1.033972738590606122, 59.20488791717066590, -6.367143969633593414 ) ) ;
#2241 = CARTESIAN_POINT ( 'NONE',  ( -6.443168252661001461, 61.14356546216153276, 0.2967875804366574277 ) ) ;
#2242 = CARTESIAN_POINT ( 'NONE',  ( -5.132535019717167302, 59.77290431036637131, -2.221082133710003514 ) ) ;
#2243 = ADVANCED_FACE ( 'NONE', ( #1289 ), #1645, .T. ) ;
#2244 = DIRECTION ( 'NONE',  ( -1.000000000000000000, 0.000000000000000000, 0.000000000000000000 ) ) ;
#2245 = DIRECTION ( 'NONE',  ( -1.000000000000000000, 0.000000000000000000, 0.000000000000000000 ) ) ;
#2246 = TOROIDAL_SURFACE ( 'NONE', #1097, 7.050000000000006040, 1.699999999999997513 ) ;
#2247 = ORIENTED_EDGE ( 'NONE', *, *, #2359, .F. ) ;
#2248 = CARTESIAN_POINT ( 'NONE',  ( -1.441512556716604498, 61.24166568421966872, 5.112664728536529424 ) ) ;
#2249 = AXIS2_PLACEMENT_3D ( 'NONE', #1227, #2669, #1727 ) ;
#2250 = DIRECTION ( 'NONE',  ( -1.224646799147353454E-16, 1.000000000000000000, -0.000000000000000000 ) ) ;
#2251 = CARTESIAN_POINT ( 'NONE',  ( 1.000616144451142997, 61.64999999999964331, -5.357886909979930223 ) ) ;
#2252 = ORIENTED_EDGE ( 'NONE', *, *, #464, .F. ) ;
#2253 = CONICAL_SURFACE ( 'NONE', #902, 6.449999999999997513, 0.5880026035475675039 ) ;
#2254 = ORIENTED_EDGE ( 'NONE', *, *, #2472, .F. ) ;
#2255 = CARTESIAN_POINT ( 'NONE',  ( 0.5718619993560976056, 59.62643106757170131, -6.426261759819130504 ) ) ;
#2256 = CARTESIAN_POINT ( 'NONE',  ( 6.060517710689949489, 59.44105394312273205, 0.8777154173561175776 ) ) ;
#2257 = DIRECTION ( 'NONE',  ( -1.224646799147353454E-16, 1.000000000000000000, 0.000000000000000000 ) ) ;
#2258 = CARTESIAN_POINT ( 'NONE',  ( -1.871445735240016228, 60.45000000000001705, 5.118612200592262518 ) ) ;
#2259 = CARTESIAN_POINT ( 'NONE',  ( -6.907007947191072769E-15, 57.45000000000000995, 0.000000000000000000 ) ) ;
#2260 = EDGE_CURVE ( 'NONE', #725, #1014, #304, .T. ) ;
#2261 = CARTESIAN_POINT ( 'NONE',  ( -5.407944216773096002, 59.19786235642009586, -0.9728359078147915673 ) ) ;
#2262 = VERTEX_POINT ( 'NONE', #1717 ) ;
#2263 = CARTESIAN_POINT ( 'NONE',  ( 6.446170911557514316, 61.13912112134283205, -0.1977929077955475345 ) ) ;
#2264 = CARTESIAN_POINT ( 'NONE',  ( 0.2426212679970490282, 61.14362285198733105, 6.445435200226240724 ) ) ;
#2265 = CARTESIAN_POINT ( 'NONE',  ( 1.108355488586100668, 61.32090669383793369, -6.006920836908564709 ) ) ;
#2266 = EDGE_LOOP ( 'NONE', ( #822, #1495, #2437, #68, #1605, #2769 ) ) ;
#2267 = CARTESIAN_POINT ( 'NONE',  ( 5.553663932425146221, 59.16936811060613621, 2.982304292582584004 ) ) ;
#2268 = ORIENTED_EDGE ( 'NONE', *, *, #193, .F. ) ;
#2269 = B_SPLINE_CURVE_WITH_KNOTS ( 'NONE', 3,
 ( #778, #1257, #1943, #2479, #1518, #2885, #330 ),
 .UNSPECIFIED., .F., .F.,
 ( 4, 3, 4 ),
 ( 0.000000000000000000, 1.516521626074272358E-05, 2.589209998776583117E-05 ),
 .UNSPECIFIED. ) ;
#2270 = CARTESIAN_POINT ( 'NONE',  ( -0.3312745907034016501, 61.65000000000001279, -5.443285830917706569 ) ) ;
#2271 = CARTESIAN_POINT ( 'NONE',  ( 1.256273091210669657, 59.03060209557636284, -6.271681378991868172 ) ) ;
#2272 = CARTESIAN_POINT ( 'NONE',  ( -5.138431641500281977, 60.45000000000008811, -1.816320529430215602 ) ) ;
#2273 = DIRECTION ( 'NONE',  ( -1.224646799147353454E-16, 1.000000000000000000, -0.000000000000000000 ) ) ;
#2274 =( BOUNDED_SURFACE ( )  B_SPLINE_SURFACE ( 3, 2, ( 
 ( #1141, #2588, #923 ),
 ( #1128, #468, #183 ),
 ( #2377, #1395, #2140 ),
 ( #2095, #3052, #1172 ),
 ( #2603, #1157, #3085 ),
 ( #1911, #907, #2128 ),
 ( #938, #1895, #2816 ),
 ( #1633, #1433, #2363 ),
 ( #3102, #707, #3037 ),
 ( #481, #171, #1186 ) ),
 .UNSPECIFIED., .F., .F., .T. ) 
 B_SPLINE_SURFACE_WITH_KNOTS ( ( 4, 2, 2, 2, 4 ),
 ( 3, 3 ),
 ( 0.003120412785985548706, 0.003860706770099345611, 0.004601000754213142516, 0.005341294738326939420, 0.006081588722440736325 ),
 ( 0.000000000000000000, 1.000000000000000000 ),
 .UNSPECIFIED. ) 
 GEOMETRIC_REPRESENTATION_ITEM ( )  RATIONAL_B_SPLINE_SURFACE ( (
 ( 1.000000000000000000, 0.7894265713741309698, 1.000000000000000000),
 ( 1.000000000000000000, 0.7970290857432702492, 1.000000000000000000),
 ( 1.000000000000000000, 0.8002534799223733897, 1.000000000000000000),
 ( 1.000000000000000000, 0.8010030580542629730, 1.000000000000000000),
 ( 1.000000000000000000, 0.7985112663283522316, 1.000000000000000000),
 ( 1.000000000000000000, 0.7921364074147856371, 1.000000000000000000),
 ( 1.000000000000000000, 0.7884560866982175398, 1.000000000000000000),
 ( 1.000000000000000000, 0.7806248898993144447, 1.000000000000000000),
 ( 1.000000000000000000, 0.7751983392548288387, 1.000000000000000000),
 ( 1.000000000000000000, 0.7675420890738270385, 1.000000000000000000) ) ) 
 REPRESENTATION_ITEM ( '' )  SURFACE ( )  );
#2275 = CARTESIAN_POINT ( 'NONE',  ( 1.295787568290286851, 61.16683525534166677, -6.146776165803792047 ) ) ;
#2276 = ORIENTED_EDGE ( 'NONE', *, *, #1451, .T. ) ;
#2277 = ORIENTED_EDGE ( 'NONE', *, *, #124, .F. ) ;
#2278 = CARTESIAN_POINT ( 'NONE',  ( -6.897544019183280990E-15, 57.37272116324168536, 0.000000000000000000 ) ) ;
#2279 = CARTESIAN_POINT ( 'NONE',  ( 5.425323168336914748, 61.57745929403068175, -0.5180487900249527433 ) ) ;
#2280 = CARTESIAN_POINT ( 'NONE',  ( 0.9247728201889567901, 61.65295351983714056, -5.364973754988108468 ) ) ;
#2281 = ORIENTED_EDGE ( 'NONE', *, *, #1023, .T. ) ;
#2282 = ORIENTED_EDGE ( 'NONE', *, *, #2976, .F. ) ;
#2283 = EDGE_CURVE ( 'NONE', #3045, #2022, #109, .T. ) ;
#2284 = CARTESIAN_POINT ( 'NONE',  ( 5.553985328613637584, 59.12885074157253484, 3.038478434436517439 ) ) ;
#2285 = EDGE_LOOP ( 'NONE', ( #1113, #2107, #1496, #1774, #637 ) ) ;
#2286 = CARTESIAN_POINT ( 'NONE',  ( 5.449999999999992184, 61.95000000753210401, 0.2911307133849779794 ) ) ;
#2287 = CARTESIAN_POINT ( 'NONE',  ( 5.996488699329177052, 59.55856558742618745, 0.7646916320985804871 ) ) ;
#2288 = CARTESIAN_POINT ( 'NONE',  ( 5.420217850156952899, 59.23757463876950169, 1.053765990858320789 ) ) ;
#2289 = CARTESIAN_POINT ( 'NONE',  ( -7.090704967063177069E-15, 58.95000000000001705, 0.000000000000000000 ) ) ;
#2290 = CARTESIAN_POINT ( 'NONE',  ( -6.198038486555819127, 58.93534189863593298, -1.584141447478879527 ) ) ;
#2291 = CARTESIAN_POINT ( 'NONE',  ( 0.2426212679970490282, 61.14362285198733105, 6.445435200226240724 ) ) ;
#2292 = ORIENTED_EDGE ( 'NONE', *, *, #1978, .T. ) ;
#2293 = CARTESIAN_POINT ( 'NONE',  ( -1.110632192245159855, 61.65000000000122071, 5.336054172346555546 ) ) ;
#2294 = TOROIDAL_SURFACE ( 'NONE', #244, 5.350000000000007638, 3.650000000000008793 ) ;
#2295 = ADVANCED_FACE ( 'NONE', ( #808 ), #1249, .T. ) ;
#2296 = CARTESIAN_POINT ( 'NONE',  ( 0.9263155178061062145, 61.65000000000001279, -5.370701961705901084 ) ) ;
#2297 = VERTEX_POINT ( 'NONE', #584 ) ;
#2298 = CIRCLE ( 'NONE', #2652, 6.450000000000004619 ) ;
#2299 = CARTESIAN_POINT ( 'NONE',  ( 5.100899255216676309, 59.15909458469406701, 2.996969827252764507 ) ) ;
#2300 = EDGE_CURVE ( 'NONE', #2239, #758, #8, .T. ) ;
#2301 = VERTEX_POINT ( 'NONE', #2465 ) ;
#2302 = EDGE_CURVE ( 'NONE', #3087, #525, #2854, .T. ) ;
#2303 = CARTESIAN_POINT ( 'NONE',  ( 5.449999999999993072, 61.65000000000001279, 1.668581263838266344E-16 ) ) ;
#2304 = AXIS2_PLACEMENT_3D ( 'NONE', #550, #2257, #2934 ) ;
#2305 = CARTESIAN_POINT ( 'NONE',  ( 0.9263155178061062145, 61.65000000000001279, -5.370701961705901084 ) ) ;
#2306 = CARTESIAN_POINT ( 'NONE',  ( -0.4249741899853725635, 61.23735960365170428, -6.261198524314758984 ) ) ;
#2307 = COLOUR_RGB ( '',0.3607843137254901911, 0.3607843137254901911, 0.3450980392156862697 ) ;
#2308 = CARTESIAN_POINT ( 'NONE',  ( -0.3714149696079047658, 61.15000000000001279, -6.439297393376951284 ) ) ;
#2309 = CARTESIAN_POINT ( 'NONE',  ( -7.274401986935279791E-15, 60.45000000000001705, 0.000000000000000000 ) ) ;
#2310 = ORIENTED_EDGE ( 'NONE', *, *, #2558, .T. ) ;
#2311 = CARTESIAN_POINT ( 'NONE',  ( -1.488506616468791899, 61.12777755501375054, 6.109857543213548681 ) ) ;
#2312 = CARTESIAN_POINT ( 'NONE',  ( 1.095464412047196134, 59.10531649756309491, -6.251573644725087142 ) ) ;
#2313 = VERTEX_POINT ( 'NONE', #164 ) ;
#2314 = CARTESIAN_POINT ( 'NONE',  ( 6.103968780154924723, 59.82063092536861149, 2.287311221852189380 ) ) ;
#2315 = EDGE_LOOP ( 'NONE', ( #1961, #1160, #52, #179, #2752 ) ) ;
#2316 = ADVANCED_FACE ( 'NONE', ( #1793 ), #995, .F. ) ;
#2317 = FACE_OUTER_BOUND ( 'NONE', #1877, .T. ) ;
#2318 = CARTESIAN_POINT ( 'NONE',  ( 1.760378110783501926, 60.14552884353636841, -6.206568785661630727 ) ) ;
#2319 = CARTESIAN_POINT ( 'NONE',  ( 1.757155131129271908, 60.45000000000000995, -5.158963640610978452 ) ) ;
#2320 = EDGE_CURVE ( 'NONE', #1335, #691, #455, .T. ) ;
#2321 = CARTESIAN_POINT ( 'NONE',  ( -2.004085473774600779, 60.21966366447108499, 5.233616148868720508 ) ) ;
#2322 = CARTESIAN_POINT ( 'NONE',  ( -6.347458783691447337, 59.19226104914582010, -1.150427417807078356 ) ) ;
#2323 = VERTEX_POINT ( 'NONE', #2272 ) ;
#2324 = CARTESIAN_POINT ( 'NONE',  ( 5.106846307735906088, 60.45000000000001705, 1.903318362535296293 ) ) ;
#2325 = CARTESIAN_POINT ( 'NONE',  ( -7.000000000000011546, 61.95054617238513828, 0.000000000000000000 ) ) ;
#2326 = ORIENTED_EDGE ( 'NONE', *, *, #1121, .T. ) ;
#2327 = ORIENTED_EDGE ( 'NONE', *, *, #2472, .T. ) ;
#2328 = EDGE_LOOP ( 'NONE', ( #340, #1028 ) ) ;
#2329 = ORIENTED_EDGE ( 'NONE', *, *, #1352, .F. ) ;
#2330 = CARTESIAN_POINT ( 'NONE',  ( 5.449999999999992184, 61.95000000753210401, -0.3068159605977588966 ) ) ;
#2331 = CARTESIAN_POINT ( 'NONE',  ( -7.274401986935279791E-15, 60.45000000000001705, 0.000000000000000000 ) ) ;
#2332 = CARTESIAN_POINT ( 'NONE',  ( -3.111724913216771156E-18, 1.075409162179532974, 0.000000000000000000 ) ) ;
#2333 = B_SPLINE_CURVE_WITH_KNOTS ( 'NONE', 3,
 ( #2071, #882, #1838, #648 ),
 .UNSPECIFIED., .F., .F.,
 ( 4, 4 ),
 ( 1.788112030672749005E-18, 0.0009545130723682285299 ),
 .UNSPECIFIED. ) ;
#2334 = EDGE_CURVE ( 'NONE', #1604, #421, #2638, .T. ) ;
#2335 = CARTESIAN_POINT ( 'NONE',  ( -0.6813335816051423466, 59.58365594331252169, 6.360104523987333280 ) ) ;
#2336 = CYLINDRICAL_SURFACE ( 'NONE', #2101, 5.449999999999998401 ) ;
#2337 = CARTESIAN_POINT ( 'NONE',  ( 5.424730916671198777, 61.61118833922792959, -0.5242095729440044982 ) ) ;
#2338 = ADVANCED_FACE ( 'NONE', ( #868 ), #1946, .F. ) ;
#2339 = PRODUCT_CONTEXT ( 'NONE', #1770, 'mechanical' ) ;
#2340 = CARTESIAN_POINT ( 'NONE',  ( 6.445658605516864093, 61.13708045145690306, -0.2404517676822532646 ) ) ;
#2341 = CARTESIAN_POINT ( 'NONE',  ( -5.615093962193865806, 59.17476892288581070, -2.857037078378091177 ) ) ;
#2342 = CARTESIAN_POINT ( 'NONE',  ( -6.332353968136571254, 61.15000000000001279, -1.226292470100473153 ) ) ;
#2343 = ORIENTED_EDGE ( 'NONE', *, *, #1583, .T. ) ;
#2344 = CARTESIAN_POINT ( 'NONE',  ( -7.458165893633704163E-15, 61.15000000000001279, 0.000000000000000000 ) ) ;
#2345 = EDGE_LOOP ( 'NONE', ( #2874, #787, #2985, #2159 ) ) ;
#2346 = ORIENTED_EDGE ( 'NONE', *, *, #2533, .F. ) ;
#2347 = B_SPLINE_CURVE_WITH_KNOTS ( 'NONE', 3,
 ( #1294, #2734, #2959, #590, #1250, #1315, #1749, #2941, #815, #290, #2723, #1782, #110, #125, #1029, #1525, #2263, #799, #2204 ),
 .UNSPECIFIED., .F., .F.,
 ( 4, 3, 3, 3, 3, 3, 4 ),
 ( -1.519398068076809364E-06, 0.000000000000000000, 1.689338830768720879E-05, 3.508431745345946644E-05, 5.116395325159407248E-05, 6.639355888189409170E-05, 8.168234427304596566E-05 ),
 .UNSPECIFIED. ) ;
#2348 = AXIS2_PLACEMENT_3D ( 'NONE', #1839, #2273, #649 ) ;
#2349 = CARTESIAN_POINT ( 'NONE',  ( 0.5612628600247161481, 61.64591441921881909, 5.421024676593869884 ) ) ;
#2350 = AXIS2_PLACEMENT_3D ( 'NONE', #795, #335, #2245 ) ;
#2351 = CARTESIAN_POINT ( 'NONE',  ( -0.6609185243949742272, 61.65000000000001279, -5.409776955116688768 ) ) ;
#2352 = PRESENTATION_LAYER_ASSIGNMENT (  '', '', ( #2754 ) ) ;
#2353 = CARTESIAN_POINT ( 'NONE',  ( -5.776436781609203486, 54.91546394952995058, 0.000000000000000000 ) ) ;
#2354 = CARTESIAN_POINT ( 'NONE',  ( -1.593763333147576011, 60.94879440344853805, 6.087688031339141048 ) ) ;
#2355 = CARTESIAN_POINT ( 'NONE',  ( 2.199271301946387869, 59.49129319857406273, -6.066133304114062597 ) ) ;
#2356 = AXIS2_PLACEMENT_3D ( 'NONE', #2582, #429, #916 ) ;
#2357 = AXIS2_PLACEMENT_3D ( 'NONE', #387, #2768, #1347 ) ;
#2358 = CARTESIAN_POINT ( 'NONE',  ( -7.090704967063177069E-15, 58.95000000000001705, 0.000000000000000000 ) ) ;
#2359 = EDGE_CURVE ( 'NONE', #2772, #2297, #1527, .T. ) ;
#2360 = CARTESIAN_POINT ( 'NONE',  ( -5.353770909619702145, 61.65292626824198408, -0.9878657053554752432 ) ) ;
#2361 = UNCERTAINTY_MEASURE_WITH_UNIT (LENGTH_MEASURE( 1.000000000000000082E-05 ), #92, 'distance_accuracy_value', 'NONE');
#2362 = CARTESIAN_POINT ( 'NONE',  ( 6.098021727635527967, 61.12200652214477259, 1.545566542428601808 ) ) ;
#2363 = CARTESIAN_POINT ( 'NONE',  ( 6.062598044080922399, 60.81491066860535000, 1.703078527646284535 ) ) ;
#2364 = ORIENTED_EDGE ( 'NONE', *, *, #993, .T. ) ;
#2365 = CARTESIAN_POINT ( 'NONE',  ( 1.894970528856880332, 60.22573265712136248, -5.269969458656554195 ) ) ;
#2366 = CARTESIAN_POINT ( 'NONE',  ( -7.458165893633704163E-15, 61.95054617238513828, 0.000000000000000000 ) ) ;
#2367 = CARTESIAN_POINT ( 'NONE',  ( 0.3173718952654436265, 61.31948769217671469, 6.103763423800685040 ) ) ;
#2368 = DIRECTION ( 'NONE',  ( -1.000000000000000000, 0.000000000000000000, 0.000000000000000000 ) ) ;
#2369 = B_SPLINE_CURVE_WITH_KNOTS ( 'NONE', 3,
 ( #2674, #1234, #967, #1505, #2877, #524, #510, #2422, #1491, #287, #1984, #1246 ),
 .UNSPECIFIED., .F., .F.,
 ( 4, 2, 2, 2, 2, 4 ),
 ( 0.000000000000000000, 0.0001089149153976051097, 0.0001633723730964076713, 0.0002178298307952102194, 0.0003267447461928161016, 0.0004356596615904220109 ),
 .UNSPECIFIED. ) ;
#2370 = CARTESIAN_POINT ( 'NONE',  ( -6.051280897163021422, 61.26162417714871822, 0.4219752835017313575 ) ) ;
#2371 = CARTESIAN_POINT ( 'NONE',  ( 1.383965741578652153, 61.04230655169491371, -6.302654410396005602 ) ) ;
#2372 = VERTEX_POINT ( 'NONE', #2026 ) ;
#2373 = CARTESIAN_POINT ( 'NONE',  ( 6.469447588338286259, 61.13825273084204781, -0.2407300035460998300 ) ) ;
#2374 = CARTESIAN_POINT ( 'NONE',  ( -7.090704967063177069E-15, 58.95000000000001705, 0.000000000000000000 ) ) ;
#2375 = EDGE_CURVE ( 'NONE', #156, #790, #1967, .T. ) ;
#2376 = DIRECTION ( 'NONE',  ( 0.000000000000000000, -1.000000000000000000, 0.000000000000000000 ) ) ;
#2377 = CARTESIAN_POINT ( 'NONE',  ( 5.839416902932005549, 59.15575817032390660, 2.745763952409801423 ) ) ;
#2378 = EDGE_CURVE ( 'NONE', #2574, #1252, #2333, .T. ) ;
#2379 = CARTESIAN_POINT ( 'NONE',  ( 2.341513281944059166, 59.55893829571796516, -5.572527619015946954 ) ) ;
#2380 = DIRECTION ( 'NONE',  ( -1.224646799147353207E-16, -1.499759782661857882E-32, 1.000000000000000000 ) ) ;
#2381 = CARTESIAN_POINT ( 'NONE',  ( 1.769942162442135203, 60.43086165214307925, -6.042819261775752793 ) ) ;
#2382 = B_SPLINE_CURVE_WITH_KNOTS ( 'NONE', 3,
 ( #1778, #1810, #2731, #870 ),
 .UNSPECIFIED., .F., .F.,
 ( 4, 4 ),
 ( 1.004979973047477892E-17, 0.0009476911956968612398 ),
 .UNSPECIFIED. ) ;
#2383 = CARTESIAN_POINT ( 'NONE',  ( -0.003285595968399935424, 60.70322252029504995, 6.451328325826806598 ) ) ;
#2384 = CARTESIAN_POINT ( 'NONE',  ( -6.443801451884414888, 61.14906574928362204, 0.2827062940445068673 ) ) ;
#2385 = FACE_OUTER_BOUND ( 'NONE', #2940, .T. ) ;
#2386 = DIRECTION ( 'NONE',  ( -1.224646799147353454E-16, 1.000000000000000000, -0.000000000000000000 ) ) ;
#2387 = CARTESIAN_POINT ( 'NONE',  ( -5.450000000000006395, 61.95054617238513828, 0.000000000000000000 ) ) ;
#2388 = CARTESIAN_POINT ( 'NONE',  ( -1.449492578887693561, 59.00329786810877408, 6.248822829156204683 ) ) ;
#2389 = DIRECTION ( 'NONE',  ( -1.000000000000000000, 0.000000000000000000, 0.000000000000000000 ) ) ;
#2390 = DIRECTION ( 'NONE',  ( 0.000000000000000000, -1.000000000000000000, 0.000000000000000000 ) ) ;
#2391 = EDGE_LOOP ( 'NONE', ( #2501, #2666, #2254, #210, #2766 ) ) ;
#2392 = EDGE_CURVE ( 'NONE', #1560, #129, #2858, .T. ) ;
#2393 = CARTESIAN_POINT ( 'NONE',  ( 5.349999999999999645, 57.37272116324168536, 7.262041065971928672E-16 ) ) ;
#2394 = EDGE_CURVE ( 'NONE', #142, #452, #1105, .T. ) ;
#2395 = CARTESIAN_POINT ( 'NONE',  ( 2.454879762109768215, 59.42529887544237965, -5.809933491588251009 ) ) ;
#2396 = ORIENTED_EDGE ( 'NONE', *, *, #2478, .T. ) ;
#2397 = CARTESIAN_POINT ( 'NONE',  ( 0.04068497866125330570, 60.67934377748077424, 6.401318029517733876 ) ) ;
#2398 = AXIS2_PLACEMENT_3D ( 'NONE', #1365, #3000, #670 ) ;
#2399 = CARTESIAN_POINT ( 'NONE',  ( 1.223986072109186418, 61.31628359902302350, -5.774550891490500604 ) ) ;
#2400 = CARTESIAN_POINT ( 'NONE',  ( -5.325806534531938752, 61.55956693937413604, -1.156842580793502107 ) ) ;
#2401 = VECTOR ( 'NONE', #1468, 1000.000000000000227 ) ;
#2402 = CARTESIAN_POINT ( 'NONE',  ( -1.310741800250875277, 61.15000000000001279, 6.315484029616544426 ) ) ;
#2403 = AXIS2_PLACEMENT_3D ( 'NONE', #2845, #2865, #674 ) ;
#2404 = APPLICATION_CONTEXT ( 'automotive_design' ) ;
#2405 = CARTESIAN_POINT ( 'NONE',  ( -5.620900109062191063, 59.16210012036770394, -2.855337795791429212 ) ) ;
#2406 = CONICAL_SURFACE ( 'NONE', #1958, 5.450000000000004619, 1.107148717794090187 ) ;
#2407 = CARTESIAN_POINT ( 'NONE',  ( -6.254720882015550210, 59.03174734307176408, -1.334507247861512980 ) ) ;
#2408 = DIRECTION ( 'NONE',  ( -1.000000000000000000, -1.224646799147353454E-16, 0.000000000000000000 ) ) ;
#2409 = ORIENTED_EDGE ( 'NONE', *, *, #1019, .T. ) ;
#2410 = CARTESIAN_POINT ( 'NONE',  ( 5.686511669145548176, 58.95000000000001705, 3.044024480300940194 ) ) ;
#2411 = CARTESIAN_POINT ( 'NONE',  ( 0.5410033866104100309, 61.65000000000001279, 5.423081719435552728 ) ) ;
#2412 = VERTEX_POINT ( 'NONE', #2579 ) ;
#2413 = SURFACE_STYLE_USAGE ( .BOTH. , #2566 ) ;
#2414 = B_SPLINE_CURVE_WITH_KNOTS ( 'NONE', 3,
 ( #1469, #727, #1914, #486, #457, #2119, #221, #203, #1700, #2162, #1194, #2145, #249, #1639, #2592, #3093, #2648, #1177, #440 ),
 .UNSPECIFIED., .F., .F.,
 ( 4, 3, 3, 3, 3, 3, 4 ),
 ( -1.535145147772975484E-06, 0.000000000000000000, 1.447426739852753907E-05, 3.288487201373753026E-05, 4.923709738886681729E-05, 6.468792029603817346E-05, 8.020073480896753638E-05 ),
 .UNSPECIFIED. ) ;
#2415 = EDGE_CURVE ( 'NONE', #1621, #2372, #242, .T. ) ;
#2416 = FACE_OUTER_BOUND ( 'NONE', #841, .T. ) ;
#2417 = CARTESIAN_POINT ( 'NONE',  ( 0.7880540208927352408, 59.29769979255011236, -6.406560895866046046 ) ) ;
#2418 = CARTESIAN_POINT ( 'NONE',  ( 1.585646684711691901, 60.42704265999247326, -6.252447566179397676 ) ) ;
#2419 = EDGE_CURVE ( 'NONE', #2184, #2123, #404, .T. ) ;
#2420 = CARTESIAN_POINT ( 'NONE',  ( -5.450000000000008171, 61.95000000753210401, 0.3216587123207611532 ) ) ;
#2421 = CARTESIAN_POINT ( 'NONE',  ( -1.338436827799475815, 61.15221246211670802, 6.305138787185100568 ) ) ;
#2422 = CARTESIAN_POINT ( 'NONE',  ( -3.058812689747124836, 59.06509902107909937, 5.591281832583231193 ) ) ;
#2423 = CARTESIAN_POINT ( 'NONE',  ( 6.198406866884017319, 61.06851598697632255, 1.574386488441351428 ) ) ;
#2424 = PRODUCT_DEFINITION_SHAPE ( 'NONE', 'NONE',  #1326 ) ;
#2425 = CARTESIAN_POINT ( 'NONE',  ( 5.427466342233834951, 61.64756277637735593, -0.4950849461645664418 ) ) ;
#2426 = ORIENTED_EDGE ( 'NONE', *, *, #718, .F. ) ;
#2427 = ORIENTED_EDGE ( 'NONE', *, *, #865, .F. ) ;
#2428 = CARTESIAN_POINT ( 'NONE',  ( 6.444827696547763551, 60.26810131953034499, 0.2868941622325642538 ) ) ;
#2429 = CARTESIAN_POINT ( 'NONE',  ( -2.690599255011795421, 59.14001748087818555, 5.865036683483379143 ) ) ;
#2430 = ORIENTED_EDGE ( 'NONE', *, *, #1698, .F. ) ;
#2431 = CARTESIAN_POINT ( 'NONE',  ( 0.5978330191976757302, 59.50814477422359516, -6.424522640014325603 ) ) ;
#2432 = CARTESIAN_POINT ( 'NONE',  ( -6.276314845630184232E-15, 52.29999999999999716, 0.000000000000000000 ) ) ;
#2433 = CARTESIAN_POINT ( 'NONE',  ( -6.393857542552725981, 61.09412793640267836, 0.3236498235010905056 ) ) ;
#2434 = CARTESIAN_POINT ( 'NONE',  ( 5.449999999999981526, 60.97654951689504088, -0.1595828352450855692 ) ) ;
#2435 = EDGE_CURVE ( 'NONE', #2203, #685, #1107, .T. ) ;
#2436 = DIRECTION ( 'NONE',  ( -1.224646799147353454E-16, 1.000000000000000000, -0.000000000000000000 ) ) ;
#2437 = ORIENTED_EDGE ( 'NONE', *, *, #581, .T. ) ;
#2438 = DIRECTION ( 'NONE',  ( -1.000000000000000000, -1.224646799147353454E-16, 0.000000000000000000 ) ) ;
#2439 = DIRECTION ( 'NONE',  ( -1.000000000000000000, 0.000000000000000000, 0.000000000000000000 ) ) ;
#2440 = ORIENTED_EDGE ( 'NONE', *, *, #2460, .T. ) ;
#2441 = CARTESIAN_POINT ( 'NONE',  ( 0.5850719040533920445, 61.59524320010253007, 5.418504500449712324 ) ) ;
#2442 = CARTESIAN_POINT ( 'NONE',  ( -0.7008313731764124199, 61.57947247785169509, -5.404751307950613537 ) ) ;
#2443 = VERTEX_POINT ( 'NONE', #3076 ) ;
#2444 = DIRECTION ( 'NONE',  ( 1.000000000000000000, 0.000000000000000000, 1.224646799147352961E-16 ) ) ;
#2445 = CARTESIAN_POINT ( 'NONE',  ( -1.186847796448413650, 61.59243981710729798, 5.255550679794535718 ) ) ;
#2446 = ADVANCED_BREP_SHAPE_REPRESENTATION ( 'Frasco_Cimed_PE_Natural_Blender stp', ( #1401, #12 ), #1260 ) ;
#2447 = VECTOR ( 'NONE', #2605, 1000.000000000000000 ) ;
#2448 = CARTESIAN_POINT ( 'NONE',  ( -7.200000000000001066, 2.075409162179532974, 0.000000000000000000 ) ) ;
#2449 = CARTESIAN_POINT ( 'NONE',  ( 0.2697706119012503456, 61.09405233734759122, 6.395990900731510997 ) ) ;
#2450 = CIRCLE ( 'NONE', #548, 7.000000000000007994 ) ;
#2451 = CARTESIAN_POINT ( 'NONE',  ( 0.1659420426557487727, 60.13198804263877406, -6.397755645122824575 ) ) ;
#2452 = EDGE_CURVE ( 'NONE', #1881, #2115, #2075, .T. ) ;
#2453 = ORIENTED_EDGE ( 'NONE', *, *, #2478, .F. ) ;
#2454 = AXIS2_PLACEMENT_3D ( 'NONE', #1148, #532, #1981 ) ;
#2455 = CARTESIAN_POINT ( 'NONE',  ( -2.926225528587190539, 59.16363759519896348, 5.112664728536529424 ) ) ;
#2456 = CARTESIAN_POINT ( 'NONE',  ( -7.090704967063177069E-15, 58.95000000000001705, 0.000000000000000000 ) ) ;
#2457 = AXIS2_PLACEMENT_3D ( 'NONE', #2222, #2693, #969 ) ;
#2458 = ORIENTED_EDGE ( 'NONE', *, *, #389, .T. ) ;
#2459 = ORIENTED_EDGE ( 'NONE', *, *, #888, .T. ) ;
#2460 = EDGE_CURVE ( 'NONE', #2203, #385, #2883, .T. ) ;
#2461 = CARTESIAN_POINT ( 'NONE',  ( -1.281625682157354618, 61.15000000000001279, 6.321387158752004076 ) ) ;
#2462 = CARTESIAN_POINT ( 'NONE',  ( -0.7039631172534484005, 61.58835452003667399, -5.404344546376369962 ) ) ;
#2463 = CARTESIAN_POINT ( 'NONE',  ( -0.7069869442466174547, 61.59054079554420014, -6.413296266632371179 ) ) ;
#2464 = SURFACE_STYLE_USAGE ( .BOTH. , #1051 ) ;
#2465 = CARTESIAN_POINT ( 'NONE',  ( 5.776436781609190163, 54.91546394952995058, 7.074094815074741277E-16 ) ) ;
#2466 = CARTESIAN_POINT ( 'NONE',  ( 2.947455312110647707, 58.97904810353893623, -5.715383888203196427 ) ) ;
#2467 = CARTESIAN_POINT ( 'NONE',  ( 0.4688850301766284145, 61.41893868937012968, 5.729486124169789640 ) ) ;
#2468 = CARTESIAN_POINT ( 'NONE',  ( -6.086097856709121068, 60.82950290645429448, -1.603073799387655374 ) ) ;
#2469 = ORIENTED_EDGE ( 'NONE', *, *, #2687, .F. ) ;
#2470 = CARTESIAN_POINT ( 'NONE',  ( -6.078079087542196390, 61.24919782935599954, 0.4125873766276656474 ) ) ;
#2471 = CARTESIAN_POINT ( 'NONE',  ( 0.2700248039646374054, 61.09450321718079380, 6.396865986151241579 ) ) ;
#2472 = EDGE_CURVE ( 'NONE', #1045, #970, #2414, .T. ) ;
#2473 = ORIENTED_EDGE ( 'NONE', *, *, #2375, .T. ) ;
#2474 = EDGE_LOOP ( 'NONE', ( #1188, #2396, #2974, #1370 ) ) ;
#2475 = CARTESIAN_POINT ( 'NONE',  ( -7.458099007729797570E-15, 61.95000000753210401, 0.000000000000000000 ) ) ;
#2476 = CARTESIAN_POINT ( 'NONE',  ( -2.426169961959663723, 59.61142515348360860, 5.825635313724726316 ) ) ;
#2477 = ORIENTED_EDGE ( 'NONE', *, *, #3047, .F. ) ;
#2478 = EDGE_CURVE ( 'NONE', #1635, #1335, #1053, .T. ) ;
#2479 = CARTESIAN_POINT ( 'NONE',  ( -0.3821432764161293294, 61.14878520674070472, -6.438669623166724421 ) ) ;
#2480 = CARTESIAN_POINT ( 'NONE',  ( -0.3026894893005173115, 60.89695278025185132, -6.444640126325176688 ) ) ;
#2481 = CARTESIAN_POINT ( 'NONE',  ( -1.471188713762664246, 61.15801005547481140, 6.264495689718356353 ) ) ;
#2482 = CARTESIAN_POINT ( 'NONE',  ( 6.394707845445599226, 59.44286061898841211, 0.8667720247497670005 ) ) ;
#2483 = DIRECTION ( 'NONE',  ( -1.224646799147353454E-16, 1.000000000000000000, -0.000000000000000000 ) ) ;
#2484 = CARTESIAN_POINT ( 'NONE',  ( 1.256273091210669657, 59.03060209557636284, -6.271681378991868172 ) ) ;
#2485 = ORIENTED_EDGE ( 'NONE', *, *, #2392, .F. ) ;
#2486 = CARTESIAN_POINT ( 'NONE',  ( -7.458165893633704163E-15, 61.15000000000001279, 0.000000000000000000 ) ) ;
#2487 = CARTESIAN_POINT ( 'NONE',  ( 0.2722691249962514437, 61.10635993163878510, 6.416109945610669385 ) ) ;
#2488 = B_SPLINE_CURVE_WITH_KNOTS ( 'NONE', 3,
 ( #1769, #1076, #860, #2724, #667, #1332 ),
 .UNSPECIFIED., .F., .F.,
 ( 4, 2, 4 ),
 ( 2.112163857337007370E-17, 0.0002855806364788968359, 0.0005711612729577725299 ),
 .UNSPECIFIED. ) ;
#2489 = FACE_OUTER_BOUND ( 'NONE', #1383, .T. ) ;
#2490 = EDGE_LOOP ( 'NONE', ( #2327, #1127, #2847, #1380, #2223 ) ) ;
#2491 = CARTESIAN_POINT ( 'NONE',  ( -4.350000000000011191, 61.95011024264007204, -1.232254710238436557E-15 ) ) ;
#2492 = B_SPLINE_CURVE_WITH_KNOTS ( 'NONE', 3,
 ( #2131, #1162, #220, #2632, #202 ),
 .UNSPECIFIED., .F., .F.,
 ( 4, 1, 4 ),
 ( 0.7325884186511704144, 0.7412942093255852072, 0.7500000000000000000 ),
 .UNSPECIFIED. ) ;
#2493 = EDGE_CURVE ( 'NONE', #1481, #1225, #885, .T. ) ;
#2494 = CARTESIAN_POINT ( 'NONE',  ( 5.428848514577516049, 61.65000000000001279, -0.4796913651186822114 ) ) ;
#2495 = CARTESIAN_POINT ( 'NONE',  ( 2.462572114355142006, 59.21694100116737758, -5.962144690809003222 ) ) ;
#2496 = CARTESIAN_POINT ( 'NONE',  ( -1.314340012317084749, 61.41886373048976822, 5.567489113882873930 ) ) ;
#2497 = B_SPLINE_CURVE_WITH_KNOTS ( 'NONE', 3,
 ( #1408, #1705, #1933, #14, #1198, #1181, #239, #1167, #2887, #965 ),
 .UNSPECIFIED., .F., .F.,
 ( 4, 2, 2, 2, 4 ),
 ( 0.000000000000000000, 0.0007219858758735298119, 0.001443971751747059624, 0.002165957627620589653, 0.002887943503494119248 ),
 .UNSPECIFIED. ) ;
#2498 = CARTESIAN_POINT ( 'NONE',  ( -8.854229801248527340E-15, 61.15000000000001279, -6.450000000000001066 ) ) ;
#2499 = CARTESIAN_POINT ( 'NONE',  ( 0.3183371633723278693, 61.17796617864218689, 6.225432477363062489 ) ) ;
#2500 =( NAMED_UNIT ( * ) PLANE_ANGLE_UNIT ( ) SI_UNIT ( $, .RADIAN. ) );
#2501 = ORIENTED_EDGE ( 'NONE', *, *, #2375, .F. ) ;
#2502 = CARTESIAN_POINT ( 'NONE',  ( -2.278200096361858051, 59.76895723372933134, 6.115805015269286216 ) ) ;
#2503 = AXIS2_PLACEMENT_3D ( 'NONE', #1321, #161, #823 ) ;
#2504 = CARTESIAN_POINT ( 'NONE',  ( 5.424835829196645420, 61.61607097353778784, -0.5231216170874961602 ) ) ;
#2505 = CARTESIAN_POINT ( 'NONE',  ( -5.757451388612798482, 61.48757448448009200, 0.4746111341925606797 ) ) ;
#2506 = ORIENTED_EDGE ( 'NONE', *, *, #2146, .F. ) ;
#2507 = AXIS2_PLACEMENT_3D ( 'NONE', #1930, #1643, #946 ) ;
#2508 = DIRECTION ( 'NONE',  ( -1.224646799147353207E-16, -1.499759782661857882E-32, 1.000000000000000000 ) ) ;
#2509 = CONICAL_SURFACE ( 'NONE', #2457, 5.450000000000004619, 1.107148717794090187 ) ;
#2510 = AXIS2_PLACEMENT_3D ( 'NONE', #213, #2155, #465 ) ;
#2511 = CARTESIAN_POINT ( 'NONE',  ( -0.4212554110254146389, 61.09308334240000704, -6.388794502681871101 ) ) ;
#2512 = FACE_OUTER_BOUND ( 'NONE', #2213, .T. ) ;
#2513 = CARTESIAN_POINT ( 'NONE',  ( -1.406523606702769991, 59.02354954643201523, 6.409752121817017922 ) ) ;
#2514 = EDGE_CURVE ( 'NONE', #2115, #2600, #1452, .T. ) ;
#2515 = CARTESIAN_POINT ( 'NONE',  ( 5.300882124113378779, 61.56513791759986276, 1.266155087757865116 ) ) ;
#2516 = CARTESIAN_POINT ( 'NONE',  ( 6.062249688565796824, 59.72384602066505721, 2.207499474684105678 ) ) ;
#2517 = EDGE_CURVE ( 'NONE', #790, #900, #2571, .T. ) ;
#2518 = CARTESIAN_POINT ( 'NONE',  ( -6.410249249254292181, 59.19786235642009586, -0.9728359078147915673 ) ) ;
#2519 = ORIENTED_EDGE ( 'NONE', *, *, #2976, .T. ) ;
#2520 = CARTESIAN_POINT ( 'NONE',  ( -0.6978354980004364272, 61.57331403652923996, -5.405138815768792959 ) ) ;
#2521 = CARTESIAN_POINT ( 'NONE',  ( 5.426066845603972233, 61.56549250604481927, -0.5101946560257736296 ) ) ;
#2522 = CARTESIAN_POINT ( 'NONE',  ( -0.6637252086397568140, 61.65525716189683436, -5.398839992912357388 ) ) ;
#2523 = EDGE_LOOP ( 'NONE', ( #433, #2292, #1724, #768, #388, #3068, #1206, #1137 ) ) ;
#2524 = DIRECTION ( 'NONE',  ( 1.000000000000000000, 0.000000000000000000, 1.224646799147353207E-16 ) ) ;
#2525 = CARTESIAN_POINT ( 'NONE',  ( 5.449999999999997513, 61.65000000000001279, -0.08005214864235085659 ) ) ;
#2526 = DIRECTION ( 'NONE',  ( 1.000000000000000000, 0.000000000000000000, 1.224646799147353207E-16 ) ) ;
#2527 = CARTESIAN_POINT ( 'NONE',  ( 0.5839804171103549768, 61.58234233807515068, 6.409752121817017922 ) ) ;
#2528 = CARTESIAN_POINT ( 'NONE',  ( -6.328765692206760107, 59.13198846888742111, -1.250008871310255287 ) ) ;
#2529 = CARTESIAN_POINT ( 'NONE',  ( 5.449999999999991296, 60.59786555786372020, 0.03947028229787351294 ) ) ;
#2530 = ADVANCED_FACE ( 'NONE', ( #1224 ), #2191, .T. ) ;
#2531 = CARTESIAN_POINT ( 'NONE',  ( -6.907007947191072769E-15, 57.45000000000000995, 0.000000000000000000 ) ) ;
#2532 = ORIENTED_EDGE ( 'NONE', *, *, #2112, .F. ) ;
#2533 = EDGE_CURVE ( 'NONE', #2412, #1671, #29, .T. ) ;
#2534 = CARTESIAN_POINT ( 'NONE',  ( -1.044955901867207881, 61.65000000000001279, 5.348884665344067812 ) ) ;
#2535 = ADVANCED_FACE ( 'NONE', ( #1960 ), #611, .T. ) ;
#2536 = CARTESIAN_POINT ( 'NONE',  ( 0.8819761260159476590, 59.24900824671308897, -6.188409617385198125 ) ) ;
#2537 = EDGE_LOOP ( 'NONE', ( #2679, #1437, #1159, #1382 ) ) ;
#2538 = CARTESIAN_POINT ( 'NONE',  ( -4.350000000000009415, 61.95011024264007204, -0.5694136684631513345 ) ) ;
#2539 = VERTEX_POINT ( 'NONE', #937 ) ;
#2540 = CARTESIAN_POINT ( 'NONE',  ( 0.4470047442878829491, 59.79741789590213585, -6.435524273851478405 ) ) ;
#2541 = CARTESIAN_POINT ( 'NONE',  ( 2.016428951512438950, 59.74807974738033067, -6.128167872013413842 ) ) ;
#2542 = CARTESIAN_POINT ( 'NONE',  ( 0.3408359689521442970, 61.25244839662782681, 5.413942107742939491 ) ) ;
#2543 = CARTESIAN_POINT ( 'NONE',  ( -2.789796353083983771, 59.25581068539406004, 5.589536917849327935 ) ) ;
#2544 = LINE ( 'NONE', #396, #953 ) ;
#2545 = ORIENTED_EDGE ( 'NONE', *, *, #230, .F. ) ;
#2546 = DIRECTION ( 'NONE',  ( -1.000000000000000000, -1.084202172485504434E-16, 0.000000000000000000 ) ) ;
#2547 = ORIENTED_EDGE ( 'NONE', *, *, #2378, .T. ) ;
#2548 = DIRECTION ( 'NONE',  ( 0.000000000000000000, -1.000000000000000000, 0.000000000000000000 ) ) ;
#2549 = CLOSED_SHELL ( 'NONE', ( #2535, #2954, #1886, #679, #776, #1867, #384, #1136, #1921, #1602, #1661, #163, #1080, #534, #1411, #906, #1312, #1547, #1998, #2295, #3032, #1979, #1784, #2338, #1035, #313, #1191, #1329, #736, #2316, #1000, #1038, #144, #1272, #106, #2050, #13, #1531, #2182, #1466, #1804, #2879, #1657, #306, #656, #1431, #2743, #2202, #1153, #72, #940, #1995, #2859, #26, #2860, #793, #1962, #640, #721, #1174, #2757, #1446, #944, #67, #291, #1828, #2955, #2932, #2530, #2243, #1884, #2628, #2167, #2778 ) ) ;
#2550 = CARTESIAN_POINT ( 'NONE',  ( -5.334279183234598598, 61.61355528635461098, -1.117836679279220480 ) ) ;
#2551 = ORIENTED_EDGE ( 'NONE', *, *, #332, .T. ) ;
#2552 = EDGE_CURVE ( 'NONE', #1225, #2772, #1143, .T. ) ;
#2553 = AXIS2_PLACEMENT_3D ( 'NONE', #646, #2728, #2788 ) ;
#2554 = DIRECTION ( 'NONE',  ( -1.224646799147353454E-16, 1.000000000000000000, -0.000000000000000000 ) ) ;
#2555 = ORIENTED_EDGE ( 'NONE', *, *, #1094, .T. ) ;
#2556 = CIRCLE ( 'NONE', #1203, 6.449999999999998401 ) ;
#2557 = ORIENTED_EDGE ( 'NONE', *, *, #1729, .F. ) ;
#2558 = EDGE_CURVE ( 'NONE', #1671, #1767, #2109, .T. ) ;
#2559 = CARTESIAN_POINT ( 'NONE',  ( 5.446471899124760263, 61.65000000000002700, -0.2401564358669440180 ) ) ;
#2560 = CIRCLE ( 'NONE', #2805, 3.650000000000009237 ) ;
#2561 = CARTESIAN_POINT ( 'NONE',  ( 1.686248682017736256, 58.91976854842107514, -6.226063012111076489 ) ) ;
#2562 = DIRECTION ( 'NONE',  ( -1.000000000000000000, 0.000000000000000000, 0.000000000000000000 ) ) ;
#2563 = CIRCLE ( 'NONE', #1517, 5.450000000000000178 ) ;
#2564 = CARTESIAN_POINT ( 'NONE',  ( -2.677948444484654633, 59.35332532500287783, 5.571436028311919308 ) ) ;
#2565 = CARTESIAN_POINT ( 'NONE',  ( 5.870216836624778445, 59.21494831873522457, 2.678402223675064420 ) ) ;
#2566 = SURFACE_SIDE_STYLE ('',( #1226 ) ) ;
#2567 = ORIENTED_EDGE ( 'NONE', *, *, #3090, .T. ) ;
#2568 = CARTESIAN_POINT ( 'NONE',  ( -0.2904206509728807228, 61.95000000753210401, -5.475171796832484006 ) ) ;
#2569 = CARTESIAN_POINT ( 'NONE',  ( -5.637473323706261752, 61.49242564476431738, -1.212890449123877223 ) ) ;
#2570 = ORIENTED_EDGE ( 'NONE', *, *, #1095, .T. ) ;
#2571 = B_SPLINE_CURVE_WITH_KNOTS ( 'NONE', 3,
 ( #2351, #2852, #713, #2633, #1209, #21, #1146, #1163, #929, #1887, #695, #2947, #266, #2714, #1498, #774, #1533, #2462, #328, #2442, #1005, #1284 ),
 .UNSPECIFIED., .F., .F.,
 ( 4, 3, 3, 3, 3, 3, 3, 4 ),
 ( 0.000000000000000000, 1.527099216791441701E-05, 3.061999480942172842E-05, 4.506751394958077720E-05, 5.945481443212689929E-05, 7.513677911658154694E-05, 9.313516402060694670E-05, 0.0001033196147041769012 ),
 .UNSPECIFIED. ) ;
#2572 = CARTESIAN_POINT ( 'NONE',  ( 9.000000000000005329, 61.95054617238513828, 1.102182119232619292E-15 ) ) ;
#2573 = EDGE_CURVE ( 'NONE', #195, #829, #1521, .T. ) ;
#2574 = VERTEX_POINT ( 'NONE', #2362 ) ;
#2575 = ORIENTED_EDGE ( 'NONE', *, *, #1307, .F. ) ;
#2576 = CARTESIAN_POINT ( 'NONE',  ( 5.336999233606200654, 61.65000000000001279, 1.104055786854434063 ) ) ;
#2577 = DIRECTION ( 'NONE',  ( -1.224646799147353454E-16, 1.000000000000000000, -0.000000000000000000 ) ) ;
#2578 = EDGE_CURVE ( 'NONE', #2313, #199, #204, .T. ) ;
#2579 = CARTESIAN_POINT ( 'NONE',  ( -5.449882268695146692, 60.45000000000001705, -0.03582258173683675745 ) ) ;
#2580 = CARTESIAN_POINT ( 'NONE',  ( 6.309488269740590738, 59.27982485446769090, 1.052017140808350071 ) ) ;
#2581 = CARTESIAN_POINT ( 'NONE',  ( 6.156149340080894206, 60.10931164366673585, 1.930220329358354858 ) ) ;
#2582 = CARTESIAN_POINT ( 'NONE',  ( -6.050000000000014033, 56.59330874734161654, 0.000000000000000000 ) ) ;
#2583 = VERTEX_POINT ( 'NONE', #276 ) ;
#2584 = DIRECTION ( 'NONE',  ( 0.000000000000000000, 0.000000000000000000, -1.000000000000000000 ) ) ;
#2585 = CARTESIAN_POINT ( 'NONE',  ( -7.458165893633704163E-15, 61.65000000000001279, 0.000000000000000000 ) ) ;
#2586 = ORIENTED_EDGE ( 'NONE', *, *, #2894, .T. ) ;
#2587 = UNCERTAINTY_MEASURE_WITH_UNIT (LENGTH_MEASURE( 1.000000000000000082E-05 ), #268, 'distance_accuracy_value', 'NONE');
#2588 = CARTESIAN_POINT ( 'NONE',  ( 5.599867300376752510, 59.03130635569663553, 3.201409238277746816 ) ) ;
#2589 = ORIENTED_EDGE ( 'NONE', *, *, #1746, .T. ) ;
#2590 = CARTESIAN_POINT ( 'NONE',  ( 0.9082185660970245600, 61.94997535798203359, -5.373821117498334132 ) ) ;
#2591 = CARTESIAN_POINT ( 'NONE',  ( 0.5699871622502209467, 61.64001434378172206, 5.420112050029032069 ) ) ;
#2592 = CARTESIAN_POINT ( 'NONE',  ( -0.4114099511685050947, 61.13015206925582135, -6.433006880411367590 ) ) ;
#2593 = EDGE_CURVE ( 'NONE', #1572, #970, #1814, .T. ) ;
#2594 = CARTESIAN_POINT ( 'NONE',  ( -1.182967081603091941, 59.13972305459595447, 6.341603661308308659 ) ) ;
#2595 = DIRECTION ( 'NONE',  ( -1.000000000000000000, 0.000000000000000000, 0.000000000000000000 ) ) ;
#2596 = CARTESIAN_POINT ( 'NONE',  ( 1.717322453332771781, 60.51501912605114342, -6.219043843984354503 ) ) ;
#2597 = ORIENTED_EDGE ( 'NONE', *, *, #2708, .T. ) ;
#2598 = CARTESIAN_POINT ( 'NONE',  ( 4.236781143507171166, 61.95011024264007204, 1.138603296962864997 ) ) ;
#2599 = CARTESIAN_POINT ( 'NONE',  ( -6.326679455987505918, 61.14999999999999858, -1.255594631208556855 ) ) ;
#2600 = VERTEX_POINT ( 'NONE', #952 ) ;
#2601 = CARTESIAN_POINT ( 'NONE',  ( -6.245156282337848808, 58.96054064027095620, -1.585539007278606860 ) ) ;
#2602 = B_SPLINE_SURFACE_WITH_KNOTS ( 'NONE', 3, 1, ( 
 ( #1072, #872 ),
 ( #2721, #1362 ),
 ( #622, #856 ),
 ( #1829, #828 ),
 ( #2518, #2261 ),
 ( #370, #2779 ) ),
 .UNSPECIFIED., .F., .F., .F.,
 ( 4, 1, 1, 4 ),
 ( 2, 2 ),
 ( 0.1233012622939163722, 0.4327644090265212462, 0.6449035511582227320, 0.9516394744526739391 ),
 ( 0.000000000000000000, 1.000000000000000000 ),
 .UNSPECIFIED. ) ;
#2603 = CARTESIAN_POINT ( 'NONE',  ( 6.049333664160926105, 59.67812469230148764, 2.243241061092300370 ) ) ;
#2604 = ORIENTED_EDGE ( 'NONE', *, *, #1713, .T. ) ;
#2605 = DIRECTION ( 'NONE',  ( -1.224646799147353454E-16, 1.000000000000000000, -0.000000000000000000 ) ) ;
#2606 = DIRECTION ( 'NONE',  ( 1.000000000000000000, 0.000000000000000000, 1.224646799147353207E-16 ) ) ;
#2607 = CARTESIAN_POINT ( 'NONE',  ( 2.594452805427363895, 59.28605867291305032, -5.748436568002768254 ) ) ;
#2608 = AXIS2_PLACEMENT_3D ( 'NONE', #571, #2199, #59 ) ;
#2609 = CARTESIAN_POINT ( 'NONE',  ( 5.350000000000000533, 57.45000000000000995, 6.551860375438348570E-16 ) ) ;
#2610 = DIRECTION ( 'NONE',  ( 0.000000000000000000, 0.000000000000000000, -1.000000000000000000 ) ) ;
#2611 = CARTESIAN_POINT ( 'NONE',  ( 1.652636406134888603, 60.32188329340934274, -6.235060584732679878 ) ) ;
#2612 = EDGE_CURVE ( 'NONE', #3022, #1957, #764, .T. ) ;
#2613 = FACE_OUTER_BOUND ( 'NONE', #1786, .T. ) ;
#2614 = CARTESIAN_POINT ( 'NONE',  ( 4.349999999999995204, 61.95054617238513828, 5.327213576290990186E-16 ) ) ;
#2615 = EDGE_CURVE ( 'NONE', #525, #2262, #2891, .T. ) ;
#2616 = DIRECTION ( 'NONE',  ( -1.000000000000000000, 0.000000000000000000, 0.000000000000000000 ) ) ;
#2617 = CARTESIAN_POINT ( 'NONE',  ( -1.044955901867207881, 61.65000000000001279, 5.348884665344067812 ) ) ;
#2618 = CARTESIAN_POINT ( 'NONE',  ( 5.178612399091688800, 60.82700392099823006, 1.701585728611239912 ) ) ;
#2619 = DIRECTION ( 'NONE',  ( -1.000000000000000000, -1.224646799147353454E-16, 0.000000000000000000 ) ) ;
#2620 = CARTESIAN_POINT ( 'NONE',  ( -5.413060334999872936, 61.57799932871178328, 0.6334690505060052157 ) ) ;
#2621 = CARTESIAN_POINT ( 'NONE',  ( 0.2192731294874072090, 61.15000000000001279, 6.446271736025779298 ) ) ;
#2622 = FACE_OUTER_BOUND ( 'NONE', #876, .T. ) ;
#2623 = CARTESIAN_POINT ( 'NONE',  ( -5.586340783170825830, 61.41497260858177043, -1.261310165778051440 ) ) ;
#2624 = CARTESIAN_POINT ( 'NONE',  ( 2.623286694518634388, 59.25941593856041578, -5.895683727487594616 ) ) ;
#2625 = DIRECTION ( 'NONE',  ( 0.000000000000000000, -1.000000000000000000, 0.000000000000000000 ) ) ;
#2626 = CARTESIAN_POINT ( 'NONE',  ( 4.349999999999995204, 61.95011024264007204, -1.232254710238436557E-15 ) ) ;
#2627 = CARTESIAN_POINT ( 'NONE',  ( -5.450000000000007283, 61.95005515219010306, 4.887679583242962016E-09 ) ) ;
#2628 = ADVANCED_FACE ( 'NONE', ( #2170 ), #1427, .T. ) ;
#2629 = CARTESIAN_POINT ( 'NONE',  ( 5.962974001986443007, 61.32046357148285409, 1.328148158943249557 ) ) ;
#2630 = DIRECTION ( 'NONE',  ( 0.000000000000000000, -1.000000000000000000, 0.000000000000000000 ) ) ;
#2631 = ORIENTED_EDGE ( 'NONE', *, *, #1230, .T. ) ;
#2632 = CARTESIAN_POINT ( 'NONE',  ( -5.450000000000013500, 61.65000000000001990, 0.09937184116270419976 ) ) ;
#2633 = CARTESIAN_POINT ( 'NONE',  ( -0.6758824271440401210, 61.64757814286797100, -5.407927786562786387 ) ) ;
#2634 = EDGE_LOOP ( 'NONE', ( #2917, #420, #2172, #655 ) ) ;
#2635 = CARTESIAN_POINT ( 'NONE',  ( 5.553980484547765606, 59.25453410423332912, 2.861703462548891075 ) ) ;
#2636 = CARTESIAN_POINT ( 'NONE',  ( -2.605866114962331448, 59.41797615551583789, 5.745911896741940694 ) ) ;
#2637 = CARTESIAN_POINT ( 'NONE',  ( -0.4079513862985033601, 60.02350068700086183, 6.438984798118587705 ) ) ;
#2638 = B_SPLINE_CURVE_WITH_KNOTS ( 'NONE', 3,
 ( #2319, #2744, #134, #3013 ),
 .UNSPECIFIED., .F., .F.,
 ( 4, 4 ),
 ( 0.000000000000000000, 0.001279795555364487709 ),
 .UNSPECIFIED. ) ;
#2639 = DIRECTION ( 'NONE',  ( -1.224646799147353454E-16, 1.000000000000000000, -0.000000000000000000 ) ) ;
#2640 = CARTESIAN_POINT ( 'NONE',  ( -7.090704967063177069E-15, 62.15000000000001279, 0.000000000000000000 ) ) ;
#2641 = CARTESIAN_POINT ( 'NONE',  ( -6.180214722717640718, 60.08669306228894413, -1.851945882649146613 ) ) ;
#2642 = CARTESIAN_POINT ( 'NONE',  ( 3.061616997868530313E-17, 0.8000000000000020428, 0.000000000000000000 ) ) ;
#2643 = CARTESIAN_POINT ( 'NONE',  ( 6.241551026878967789, 59.00794893971212929, 1.466437146277879133 ) ) ;
#2644 = EDGE_CURVE ( 'NONE', #2046, #2047, #2221, .T. ) ;
#2645 = B_SPLINE_CURVE_WITH_KNOTS ( 'NONE', 3,
 ( #132, #2052, #2964, #410, #2759, #1775, #2511 ),
 .UNSPECIFIED., .F., .F.,
 ( 4, 3, 4 ),
 ( 1.817454023025239628E-18, 0.0005447749313142530780, 0.001129061026735118673 ),
 .UNSPECIFIED. ) ;
#2646 = ORIENTED_EDGE ( 'NONE', *, *, #342, .T. ) ;
#2647 = CARTESIAN_POINT ( 'NONE',  ( 6.410137345581977009, 59.66933387294325541, 0.7324035185403185988 ) ) ;
#2648 = CARTESIAN_POINT ( 'NONE',  ( -0.4044424746351550359, 61.13684207705550477, -6.436491341743022510 ) ) ;
#2649 = VERTEX_POINT ( 'NONE', #3084 ) ;
#2650 = EDGE_CURVE ( 'NONE', #1767, #2313, #3009, .T. ) ;
#2651 = CARTESIAN_POINT ( 'NONE',  ( 6.072106390616352378, 61.25604537399029681, -0.3035790956786471040 ) ) ;
#2652 = AXIS2_PLACEMENT_3D ( 'NONE', #2168, #2124, #1232 ) ;
#2653 = CARTESIAN_POINT ( 'NONE',  ( -6.222529369921631748, 61.17818132570142353, 0.3721014131677626846 ) ) ;
#2654 = CARTESIAN_POINT ( 'NONE',  ( 1.507989073396566626, 60.84865263566626226, -6.106339487345790573 ) ) ;
#2655 = CARTESIAN_POINT ( 'NONE',  ( 6.219613898338622882, 58.89162920974754201, 1.708633635491250358 ) ) ;
#2656 = CARTESIAN_POINT ( 'NONE',  ( 6.234423381103225914, 59.03328778950891120, 1.421714866784189901 ) ) ;
#2657 = VECTOR ( 'NONE', #197, 1000.000000000000000 ) ;
#2658 = DIRECTION ( 'NONE',  ( -1.000000000000000000, -1.239088197126290817E-16, 0.000000000000000000 ) ) ;
#2659 = TOROIDAL_SURFACE ( 'NONE', #1158, 7.200000000000001066, 0.8000000000000003775 ) ;
#2660 = CARTESIAN_POINT ( 'NONE',  ( 6.285658091480487819, 61.15323231917353297, 1.417621357724992981 ) ) ;
#2661 = FACE_OUTER_BOUND ( 'NONE', #2315, .T. ) ;
#2662 = ORIENTED_EDGE ( 'NONE', *, *, #1622, .F. ) ;
#2663 = EDGE_CURVE ( 'NONE', #1846, #1470, #2780, .T. ) ;
#2664 = CARTESIAN_POINT ( 'NONE',  ( 5.605929166818284237, 58.97880050949923714, 3.150998236048728529 ) ) ;
#2665 = CARTESIAN_POINT ( 'NONE',  ( -3.090099277824154278, 58.89176318474973471, 5.661606349190189569 ) ) ;
#2666 = ORIENTED_EDGE ( 'NONE', *, *, #346, .F. ) ;
#2667 = EDGE_CURVE ( 'NONE', #1738, #1601, #908, .T. ) ;
#2668 = EDGE_CURVE ( 'NONE', #129, #1560, #507, .T. ) ;
#2669 = DIRECTION ( 'NONE',  ( -1.224646799147353454E-16, 1.000000000000000000, -0.000000000000000000 ) ) ;
#2670 = CARTESIAN_POINT ( 'NONE',  ( 1.281737391597368436, 59.01305940908187608, -6.322922045720507533 ) ) ;
#2671 = CARTESIAN_POINT ( 'NONE',  ( -5.132535019717167302, 61.24388469835829341, -1.387178541085084538 ) ) ;
#2672 = CARTESIAN_POINT ( 'NONE',  ( 6.277942607092523275, 58.99523022241803716, 1.484233212347536135 ) ) ;
#2673 = CARTESIAN_POINT ( 'NONE',  ( -6.397998694256187946, 60.22840190946003247, -0.1628834733430164772 ) ) ;
#2674 = CARTESIAN_POINT ( 'NONE',  ( -2.982579574492008057, 58.95000000000001705, 5.718978849569483991 ) ) ;
#2675 = ORIENTED_EDGE ( 'NONE', *, *, #1471, .T. ) ;
#2676 = LINE ( 'NONE', #1897, #2447 ) ;
#2677 = CARTESIAN_POINT ( 'NONE',  ( -6.422820679504853025, 61.11381954720754095, 0.3240378116599466618 ) ) ;
#2678 = B_SPLINE_CURVE_WITH_KNOTS ( 'NONE', 3,
 ( #780, #2195, #119, #1550 ),
 .UNSPECIFIED., .F., .F.,
 ( 4, 4 ),
 ( 0.0005083429643307380442, 0.001729496966242134118 ),
 .UNSPECIFIED. ) ;
#2679 = ORIENTED_EDGE ( 'NONE', *, *, #2452, .T. ) ;
#2680 = DIRECTION ( 'NONE',  ( 1.000000000000000000, 0.000000000000000000, 0.000000000000000000 ) ) ;
#2681 = CARTESIAN_POINT ( 'NONE',  ( -7.458165893633704163E-15, 61.65000000000001279, 0.000000000000000000 ) ) ;
#2682 = ORIENTED_EDGE ( 'NONE', *, *, #1955, .T. ) ;
#2683 = B_SPLINE_CURVE_WITH_KNOTS ( 'NONE', 3,
 ( #2410, #36, #985, #1940, #2664, #514, #1482, #390, #341, #2284, #158, #2267 ),
 .UNSPECIFIED., .F., .F.,
 ( 4, 2, 2, 2, 2, 4 ),
 ( 0.000000000000000000, 0.0001031809777703855701, 0.0001547714666555822854, 0.0002063619555407790278, 0.0003095429333111891822, 0.0004127239110815993637 ),
 .UNSPECIFIED. ) ;
#2684 = CARTESIAN_POINT ( 'NONE',  ( -1.533568086982717737, 58.96658074423447715, 6.266235365551744430 ) ) ;
#2685 = CARTESIAN_POINT ( 'NONE',  ( 0.2687773816340157662, 59.95858185256500406, -6.446620570786615545 ) ) ;
#2686 = DIRECTION ( 'NONE',  ( 1.000000000000000000, 0.000000000000000000, 1.224646799147353207E-16 ) ) ;
#2687 = EDGE_CURVE ( 'NONE', #421, #2372, #3082, .T. ) ;
#2688 = DIRECTION ( 'NONE',  ( -1.224646799147353454E-16, 1.000000000000000000, -0.000000000000000000 ) ) ;
#2689 = CARTESIAN_POINT ( 'NONE',  ( -6.349375363803703820, 59.38981653061717481, -0.7952765060359033855 ) ) ;
#2690 = CARTESIAN_POINT ( 'NONE',  ( -5.763124868029121828, 59.12702483530809872, -2.905426029149114076 ) ) ;
#2691 = ORIENTED_EDGE ( 'NONE', *, *, #1211, .F. ) ;
#2692 = CARTESIAN_POINT ( 'NONE',  ( -5.758439846868650847, 61.48361251355605361, 0.5595319278871173641 ) ) ;
#2693 = DIRECTION ( 'NONE',  ( 0.000000000000000000, -1.000000000000000000, 0.000000000000000000 ) ) ;
#2694 = ORIENTED_EDGE ( 'NONE', *, *, #2552, .T. ) ;
#2695 = DIRECTION ( 'NONE',  ( -1.224646799147353454E-16, 1.000000000000000000, -0.000000000000000000 ) ) ;
#2696 = CARTESIAN_POINT ( 'NONE',  ( -3.086350761128912712, 59.06931145568871244, 5.486052663943982388 ) ) ;
#2697 = DIRECTION ( 'NONE',  ( -1.000000000000000000, -1.224646799147353454E-16, 0.000000000000000000 ) ) ;
#2698 = FACE_OUTER_BOUND ( 'NONE', #3050, .T. ) ;
#2699 = CONICAL_SURFACE ( 'NONE', #1353, 6.449999999999997513, 0.5880026035475675039 ) ;
#2700 = CARTESIAN_POINT ( 'NONE',  ( -1.364714205788304158, 61.15448287310263709, 6.294797645284309517 ) ) ;
#2701 = CARTESIAN_POINT ( 'NONE',  ( -6.379385056807827858, 59.74859181440284317, -0.4892940030958798370 ) ) ;
#2702 = DIRECTION ( 'NONE',  ( -1.224646799147353454E-16, 1.000000000000000000, -0.000000000000000000 ) ) ;
#2703 = CIRCLE ( 'NONE', #3054, 5.449999999999997513 ) ;
#2704 = CARTESIAN_POINT ( 'NONE',  ( 1.052992499879782162, 59.12811163450532348, -6.309056695653086244 ) ) ;
#2705 = ORIENTED_EDGE ( 'NONE', *, *, #408, .F. ) ;
#2706 = AXIS2_PLACEMENT_3D ( 'NONE', #1847, #658, #2831 ) ;
#2707 = CARTESIAN_POINT ( 'NONE',  ( -2.672678729287765620, 59.33156079510091985, 5.112664728536529424 ) ) ;
#2708 = EDGE_CURVE ( 'NONE', #1142, #1221, #61, .T. ) ;
#2709 = CARTESIAN_POINT ( 'NONE',  ( 0.000000000000000000, 0.8000000000000000444, 0.000000000000000000 ) ) ;
#2710 = AXIS2_PLACEMENT_3D ( 'NONE', #2642, #1695, #261 ) ;
#2711 = ORIENTED_EDGE ( 'NONE', *, *, #1746, .F. ) ;
#2712 = ORIENTED_EDGE ( 'NONE', *, *, #85, .F. ) ;
#2713 = CARTESIAN_POINT ( 'NONE',  ( 0.5837806905923283995, 61.58946023777536993, 5.418644121188194163 ) ) ;
#2714 = CARTESIAN_POINT ( 'NONE',  ( -0.7053264118649098524, 61.61091149005711998, -5.404166561367174104 ) ) ;
#2715 = ORIENTED_EDGE ( 'NONE', *, *, #2185, .T. ) ;
#2716 = CARTESIAN_POINT ( 'NONE',  ( 5.553663932425146221, 59.16936811060613621, 2.982304292582584004 ) ) ;
#2717 = CARTESIAN_POINT ( 'NONE',  ( -0.2632185170780590444, 60.92498686096698890, -6.446220571898771290 ) ) ;
#2718 = DIRECTION ( 'NONE',  ( -1.000000000000000000, 0.000000000000000000, 0.000000000000000000 ) ) ;
#2719 = CARTESIAN_POINT ( 'NONE',  ( -7.458165893633704163E-15, 61.95054617238513828, 0.000000000000000000 ) ) ;
#2720 = FACE_OUTER_BOUND ( 'NONE', #2818, .T. ) ;
#2721 = CARTESIAN_POINT ( 'NONE',  ( -6.410249249254292181, 61.25514337764900574, 0.3952895441487588868 ) ) ;
#2722 = EDGE_LOOP ( 'NONE', ( #1021, #2570, #2458, #1129 ) ) ;
#2723 = CARTESIAN_POINT ( 'NONE',  ( 6.431369481643674391, 61.11937715230833135, -0.2161347562492013374 ) ) ;
#2724 = CARTESIAN_POINT ( 'NONE',  ( 1.624314376258330750, 58.95845658164661529, -6.236999789244028314 ) ) ;
#2725 = CARTESIAN_POINT ( 'NONE',  ( -0.3695598004859938501, 61.14697474039540026, -6.445464596167332694 ) ) ;
#2726 = ORIENTED_EDGE ( 'NONE', *, *, #1023, .F. ) ;
#2727 = CARTESIAN_POINT ( 'NONE',  ( -0.5694136684631607714, 61.95011024264007915, -4.350000000000002309 ) ) ;
#2728 = DIRECTION ( 'NONE',  ( 0.000000000000000000, -0.000000000000000000, -1.000000000000000000 ) ) ;
#2729 = CARTESIAN_POINT ( 'NONE',  ( 0.8260061094461509379, 59.33856023881034503, -6.401315151813664173 ) ) ;
#2730 = CARTESIAN_POINT ( 'NONE',  ( -5.132535019717167302, 61.57383801181050131, -1.146482210145003178 ) ) ;
#2731 = CARTESIAN_POINT ( 'NONE',  ( -1.314437685889676910, 61.41535440453364458, 5.574783934914048444 ) ) ;
#2732 = CARTESIAN_POINT ( 'NONE',  ( -6.399003976061090171, 60.91153403827217261, 0.2169229816109543019 ) ) ;
#2733 = EDGE_LOOP ( 'NONE', ( #1006, #595, #1348, #2604, #1545, #184 ) ) ;
#2734 = CARTESIAN_POINT ( 'NONE',  ( 6.398068300190955959, 61.09583679858984340, -0.2183207774125119904 ) ) ;
#2735 = CARTESIAN_POINT ( 'NONE',  ( -0.09097207395146056363, 60.45000000000001705, 5.449240688551107326 ) ) ;
#2736 = CARTESIAN_POINT ( 'NONE',  ( 1.121358174470058700, 61.49321239023760199, -5.654610860710117315 ) ) ;
#2737 = VERTEX_POINT ( 'NONE', #3021 ) ;
#2738 = VERTEX_POINT ( 'NONE', #3035 ) ;
#2739 = CARTESIAN_POINT ( 'NONE',  ( 6.103968780154924723, 60.66618251177615662, 1.756545428895854855 ) ) ;
#2740 = VERTEX_POINT ( 'NONE', #861 ) ;
#2741 = CARTESIAN_POINT ( 'NONE',  ( -5.450000000000017053, 60.49188235663837077, -0.01187456843054435912 ) ) ;
#2742 = CARTESIAN_POINT ( 'NONE',  ( 2.826621642223081210, 58.95000000000001705, -5.797646944383214596 ) ) ;
#2743 = ADVANCED_FACE ( 'NONE', ( #2489 ), #2659, .F. ) ;
#2744 = CARTESIAN_POINT ( 'NONE',  ( 1.536832260908204573, 60.80853196010474448, -5.234006127607112369 ) ) ;
#2745 = CARTESIAN_POINT ( 'NONE',  ( 6.098021727635527967, 61.12200652214477259, 1.545566542428601808 ) ) ;
#2746 = CARTESIAN_POINT ( 'NONE',  ( -6.228173368869462934, 58.97320544176995583, -1.459768721089314214 ) ) ;
#2747 = CARTESIAN_POINT ( 'NONE',  ( 8.000000000000000000, 61.95054617238513828, 9.797174393178835518E-16 ) ) ;
#2748 = ORIENTED_EDGE ( 'NONE', *, *, #964, .F. ) ;
#2749 = LINE ( 'NONE', #399, #1200 ) ;
#2750 = DIRECTION ( 'NONE',  ( 0.5547001962252290364, -0.8320502943378437211, 0.000000000000000000 ) ) ;
#2751 = CARTESIAN_POINT ( 'NONE',  ( -0.4473824936170861521, 61.13583387736073860, -6.463320843532409654 ) ) ;
#2752 = ORIENTED_EDGE ( 'NONE', *, *, #1331, .T. ) ;
#2753 = B_SPLINE_CURVE_WITH_KNOTS ( 'NONE', 3,
 ( #2305, #1807, #379, #411, #1549, #3028, #2979 ),
 .UNSPECIFIED., .F., .F.,
 ( 4, 3, 4 ),
 ( 0.000000000000000000, 0.0005712158978483602469, 0.001105256182782481849 ),
 .UNSPECIFIED. ) ;
#2754 = STYLED_ITEM ( 'NONE', ( #1258 ), #1401 ) ;
#2755 = CARTESIAN_POINT ( 'NONE',  ( 6.103968780154924723, 59.35622589483974565, 2.713277709974956764 ) ) ;
#2756 = CIRCLE ( 'NONE', #1464, 5.776436781609202598 ) ;
#2757 = ADVANCED_FACE ( 'NONE', ( #2784 ), #2059, .T. ) ;
#2758 = AXIS2_PLACEMENT_3D ( 'NONE', #980, #1720, #2658 ) ;
#2759 = CARTESIAN_POINT ( 'NONE',  ( -0.5213260389429504871, 61.25897413477341757, -6.050850588363673843 ) ) ;
#2760 = CARTESIAN_POINT ( 'NONE',  ( -6.259303289575493423, 61.17122218789653942, -1.372199047529749194 ) ) ;
#2761 = CARTESIAN_POINT ( 'NONE',  ( 6.406748415554138099, 61.58058482366381270, -0.5218550667253006869 ) ) ;
#2762 = EDGE_CURVE ( 'NONE', #1367, #2129, #620, .T. ) ;
#2763 = CARTESIAN_POINT ( 'NONE',  ( -5.359320059580839235, 61.65000000000001279, -0.9900446954428517854 ) ) ;
#2764 = CARTESIAN_POINT ( 'NONE',  ( 2.768194739756172140, 59.16758525808877067, -6.146776165803792047 ) ) ;
#2765 = FACE_OUTER_BOUND ( 'NONE', #847, .T. ) ;
#2766 = ORIENTED_EDGE ( 'NONE', *, *, #2517, .F. ) ;
#2767 = FACE_OUTER_BOUND ( 'NONE', #672, .T. ) ;
#2768 = DIRECTION ( 'NONE',  ( -1.224646799147353454E-16, 1.000000000000000000, -0.000000000000000000 ) ) ;
#2769 = ORIENTED_EDGE ( 'NONE', *, *, #2644, .T. ) ;
#2770 = VERTEX_POINT ( 'NONE', #625 ) ;
#2771 = CARTESIAN_POINT ( 'NONE',  ( 3.478550764432077891, 61.95011024264007204, -2.673278231890882761 ) ) ;
#2772 = VERTEX_POINT ( 'NONE', #592 ) ;
#2773 = CARTESIAN_POINT ( 'NONE',  ( -5.449882268695146692, 60.45000000000001705, -0.03582258173683675745 ) ) ;
#2774 = CARTESIAN_POINT ( 'NONE',  ( 6.447764556877111808, 61.15000000000001279, -0.1698191581144866680 ) ) ;
#2775 = DIRECTION ( 'NONE',  ( -1.000000000000000000, 0.000000000000000000, 0.000000000000000000 ) ) ;
#2776 = CARTESIAN_POINT ( 'NONE',  ( -6.442375477473951229, 60.02739002113277422, -0.3502901675106011026 ) ) ;
#2777 = CARTESIAN_POINT ( 'NONE',  ( 1.696697407354773812, 60.57189009955830983, -5.153072114614732691 ) ) ;
#2778 = ADVANCED_FACE ( 'NONE', ( #1600 ), #1320, .T. ) ;
#2779 = CARTESIAN_POINT ( 'NONE',  ( -5.407944216773096002, 59.02326916368674858, -1.352681184185623442 ) ) ;
#2780 = B_SPLINE_CURVE_WITH_KNOTS ( 'NONE', 3,
 ( #1366, #357, #169, #2045, #1799, #2536, #3003, #2312, #1062, #1587 ),
 .UNSPECIFIED., .F., .F.,
 ( 4, 2, 2, 2, 4 ),
 ( 2.821706368593119937E-15, 0.001063096755039012135, 0.001594645132557107438, 0.001860419321316154981, 0.002126193510075201874 ),
 .UNSPECIFIED. ) ;
#2781 = EDGE_LOOP ( 'NONE', ( #2557, #1088, #3053, #487, #93 ) ) ;
#2782 = DIRECTION ( 'NONE',  ( -1.224646799147353454E-16, 1.000000000000000000, -0.000000000000000000 ) ) ;
#2783 = EDGE_CURVE ( 'NONE', #558, #3072, #772, .T. ) ;
#2784 = FACE_OUTER_BOUND ( 'NONE', #2391, .T. ) ;
#2785 = EDGE_LOOP ( 'NONE', ( #1059, #2691, #1418, #1860, #47 ) ) ;
#2786 = CARTESIAN_POINT ( 'NONE',  ( 4.349999999999995204, 61.95011024264007204, -1.232254710238436557E-15 ) ) ;
#2787 = ORIENTED_EDGE ( 'NONE', *, *, #537, .F. ) ;
#2788 = DIRECTION ( 'NONE',  ( -1.000000000000000000, 0.000000000000000000, 0.000000000000000000 ) ) ;
#2789 = CARTESIAN_POINT ( 'NONE',  ( 1.752149347403093360, 58.90712898883275273, -6.207834840748865268 ) ) ;
#2790 = CARTESIAN_POINT ( 'NONE',  ( 6.406748415554138099, 61.29036221088947656, -0.2955339760993929699 ) ) ;
#2791 = FACE_OUTER_BOUND ( 'NONE', #873, .T. ) ;
#2792 = DIRECTION ( 'NONE',  ( -1.224646799147353454E-16, 1.000000000000000000, -0.000000000000000000 ) ) ;
#2793 =( NAMED_UNIT ( * ) PLANE_ANGLE_UNIT ( ) SI_UNIT ( $, .RADIAN. ) );
#2794 = ORIENTED_EDGE ( 'NONE', *, *, #2394, .T. ) ;
#2795 = CARTESIAN_POINT ( 'NONE',  ( 9.000000000000007105, 0.8000000000000031530, 1.102182119232618897E-15 ) ) ;
#2796 = CARTESIAN_POINT ( 'NONE',  ( -7.458165893633704163E-15, 61.15000000000001279, 0.000000000000000000 ) ) ;
#2797 = ORIENTED_EDGE ( 'NONE', *, *, #2225, .F. ) ;
#2798 = EDGE_CURVE ( 'NONE', #1767, #612, #1112, .T. ) ;
#2799 = CONICAL_SURFACE ( 'NONE', #450, 5.450000000000004619, 1.107148717794090187 ) ;
#2800 = FACE_OUTER_BOUND ( 'NONE', #114, .T. ) ;
#2801 = ORIENTED_EDGE ( 'NONE', *, *, #816, .F. ) ;
#2802 = AXIS2_PLACEMENT_3D ( 'NONE', #2232, #1040, #286 ) ;
#2803 = VERTEX_POINT ( 'NONE', #1909 ) ;
#2804 = CARTESIAN_POINT ( 'NONE',  ( 0.1251214856928220265, 60.82624837551759356, 5.452848251588283013 ) ) ;
#2805 = AXIS2_PLACEMENT_3D ( 'NONE', #1603, #2508, #2524 ) ;
#2806 = CARTESIAN_POINT ( 'NONE',  ( -4.350000000000011191, 61.95011024264007204, -1.232254710238436557E-15 ) ) ;
#2807 = CARTESIAN_POINT ( 'NONE',  ( 6.406748415554138099, 59.75529962733020994, 0.5479647112405251486 ) ) ;
#2808 = CIRCLE ( 'NONE', #2210, 8.000000000000000000 ) ;
#2809 = CARTESIAN_POINT ( 'NONE',  ( -0.5975391531835900771, 59.68495108112051639, 6.368749961732419251 ) ) ;
#2810 = CARTESIAN_POINT ( 'NONE',  ( 6.308813736642552961, 61.15000000000001279, 1.342150973754498544 ) ) ;
#2811 = CARTESIAN_POINT ( 'NONE',  ( -5.450000000000004619, 60.45000000000001705, 0.000000000000000000 ) ) ;
#2812 = EDGE_LOOP ( 'NONE', ( #814, #984 ) ) ;
#2813 = CARTESIAN_POINT ( 'NONE',  ( -0.8819513096810916997, 61.95002419041091457, -5.378194636236358406 ) ) ;
#2814 = CARTESIAN_POINT ( 'NONE',  ( -5.387145511320870384, 61.95004849556622162, -0.8257370352211591547 ) ) ;
#2815 = ORIENTED_EDGE ( 'NONE', *, *, #1772, .F. ) ;
#2816 = CARTESIAN_POINT ( 'NONE',  ( 5.998352302712576467, 60.39130228238304454, 1.932477892208799952 ) ) ;
#2817 = ORIENTED_EDGE ( 'NONE', *, *, #479, .F. ) ;
#2818 = EDGE_LOOP ( 'NONE', ( #3018, #1237, #3039, #2065 ) ) ;
#2819 = DIRECTION ( 'NONE',  ( -1.000000000000000000, 0.000000000000000000, 0.000000000000000000 ) ) ;
#2820 = CARTESIAN_POINT ( 'NONE',  ( 0.5843616736496389796, 61.61607638990676605, 5.418581127414203280 ) ) ;
#2821 = CARTESIAN_POINT ( 'NONE',  ( 5.336999233606200654, 61.65000000000001279, 1.104055786854434063 ) ) ;
#2822 = CARTESIAN_POINT ( 'NONE',  ( 0.1621757460481179636, 60.91064550926055432, 6.400268022731004258 ) ) ;
#2823 = DIRECTION ( 'NONE',  ( -1.000000000000000000, -1.224646799147353454E-16, 0.000000000000000000 ) ) ;
#2824 = CARTESIAN_POINT ( 'NONE',  ( 5.424771885230409652, 61.59532139543978246, -0.5237844553358128596 ) ) ;
#2825 = B_SPLINE_CURVE_WITH_KNOTS ( 'NONE', 3,
 ( #2150, #1931, #2166, #2400 ),
 .UNSPECIFIED., .F., .F.,
 ( 4, 4 ),
 ( 0.000000000000000000, 0.001302824335391004852 ),
 .UNSPECIFIED. ) ;
#2826 = FACE_OUTER_BOUND ( 'NONE', #2474, .T. ) ;
#2827 = FACE_OUTER_BOUND ( 'NONE', #1092, .T. ) ;
#2828 = FACE_OUTER_BOUND ( 'NONE', #1396, .T. ) ;
#2829 = VERTEX_POINT ( 'NONE', #1392 ) ;
#2830 = DIRECTION ( 'NONE',  ( 0.000000000000000000, 0.000000000000000000, -1.000000000000000000 ) ) ;
#2831 = DIRECTION ( 'NONE',  ( -1.000000000000000000, 0.000000000000000000, 0.000000000000000000 ) ) ;
#2832 = ORIENTED_EDGE ( 'NONE', *, *, #1936, .F. ) ;
#2833 = ORIENTED_EDGE ( 'NONE', *, *, #1509, .F. ) ;
#2834 = CARTESIAN_POINT ( 'NONE',  ( -5.983700027081794381, 61.32237092826821367, -1.212587007363521652 ) ) ;
#2835 = CARTESIAN_POINT ( 'NONE',  ( -5.412481860659411836, 61.61606756022711551, 0.6383886810031113024 ) ) ;
#2836 = DIRECTION ( 'NONE',  ( -1.224646799147353454E-16, 1.000000000000000000, -0.000000000000000000 ) ) ;
#2837 = EDGE_CURVE ( 'NONE', #829, #195, #1207, .T. ) ;
#2838 = CARTESIAN_POINT ( 'NONE',  ( -2.911456244485372213, 59.17352303174427419, 5.588007698573987270 ) ) ;
#2839 = CARTESIAN_POINT ( 'NONE',  ( -6.444206037672207898, 61.15000000000001279, 0.2733286374114107242 ) ) ;
#2840 = CARTESIAN_POINT ( 'NONE',  ( -1.776183180958283536, 58.95000000000000995, 6.200618784257012628 ) ) ;
#2841 = CARTESIAN_POINT ( 'NONE',  ( 6.450675183523761014, 60.93866898603435800, -0.07683786703415217134 ) ) ;
#2842 = FACE_OUTER_BOUND ( 'NONE', #2219, .T. ) ;
#2843 = CARTESIAN_POINT ( 'NONE',  ( 1.039839816966947827, 61.65725490084091120, -5.336409763027642583 ) ) ;
#2844 = CARTESIAN_POINT ( 'NONE',  ( -0.1309462999744498424, 60.72084569394956333, -6.449999999999998401 ) ) ;
#2845 = CARTESIAN_POINT ( 'NONE',  ( -8.673617379884035472E-16, 2.875409162179533684, 0.000000000000000000 ) ) ;
#2846 = ORIENTED_EDGE ( 'NONE', *, *, #3014, .T. ) ;
#2847 = ORIENTED_EDGE ( 'NONE', *, *, #499, .F. ) ;
#2848 = CIRCLE ( 'NONE', #1150, 8.000000000000000000 ) ;
#2849 = DIRECTION ( 'NONE',  ( -1.224646799147353454E-16, 1.000000000000000000, -0.000000000000000000 ) ) ;
#2850 = FACE_OUTER_BOUND ( 'NONE', #2285, .T. ) ;
#2851 = AXIS2_PLACEMENT_3D ( 'NONE', #2475, #1725, #2680 ) ;
#2852 = CARTESIAN_POINT ( 'NONE',  ( -0.6659712865669394910, 61.65000000000000568, -5.409159653489185260 ) ) ;
#2853 = EDGE_CURVE ( 'NONE', #359, #496, #917, .T. ) ;
#2854 = CIRCLE ( 'NONE', #1256, 5.449999999999997513 ) ;
#2855 = CARTESIAN_POINT ( 'NONE',  ( 5.486131128797631540, 59.55619337966019344, 2.541972285012698674 ) ) ;
#2856 = CARTESIAN_POINT ( 'NONE',  ( -6.443366494169703529, 61.14618762514593442, 0.2924838174781501099 ) ) ;
#2857 = CARTESIAN_POINT ( 'NONE',  ( 1.244176918323073089, 60.95034642121493107, -6.330225950893194842 ) ) ;
#2858 = CIRCLE ( 'NONE', #1614, 8.000000000000012434 ) ;
#2859 = ADVANCED_FACE ( 'NONE', ( #2828 ), #2126, .T. ) ;
#2860 = ADVANCED_FACE ( 'NONE', ( #194 ), #2406, .T. ) ;
#2861 = EDGE_LOOP ( 'NONE', ( #1856, #2281, #2794, #1222 ) ) ;
#2862 = AXIS2_PLACEMENT_3D ( 'NONE', #2796, #448, #1154 ) ;
#2863 = CARTESIAN_POINT ( 'NONE',  ( -1.871445735240016228, 60.45000000000001705, 5.118612200592262518 ) ) ;
#2864 = CARTESIAN_POINT ( 'NONE',  ( -5.615093962193865806, 59.17476892288581070, -2.857037078378091177 ) ) ;
#2865 = DIRECTION ( 'NONE',  ( -1.224646799147353454E-16, 1.000000000000000000, -0.000000000000000000 ) ) ;
#2866 = ORIENTED_EDGE ( 'NONE', *, *, #2493, .T. ) ;
#2867 = EDGE_LOOP ( 'NONE', ( #2646, #2547, #19, #159 ) ) ;
#2868 = CARTESIAN_POINT ( 'NONE',  ( -6.939188369081852832E-15, 61.65000000000001279, -5.450000000000001954 ) ) ;
#2869 = DIRECTION ( 'NONE',  ( -1.000000000000000000, 0.000000000000000000, 0.000000000000000000 ) ) ;
#2870 = CARTESIAN_POINT ( 'NONE',  ( 6.278094919274296082, 59.14228087017690427, 1.229345479202854197 ) ) ;
#2871 = FACE_OUTER_BOUND ( 'NONE', #1973, .T. ) ;
#2872 = CARTESIAN_POINT ( 'NONE',  ( 1.375642588802486577, 61.05577058703656235, -6.133939480657643273 ) ) ;
#2873 = B_SPLINE_SURFACE_WITH_KNOTS ( 'NONE', 3, 1, ( 
 ( #2764, #1071 ),
 ( #1570, #871 ),
 ( #3031, #897 ),
 ( #368, #2777 ),
 ( #2275, #1086 ),
 ( #1855, #1840 ) ),
 .UNSPECIFIED., .F., .F., .F.,
 ( 4, 1, 1, 4 ),
 ( 2, 2 ),
 ( 0.1446128833996375984, 0.3445100114781324274, 0.5578665022286444231, 0.8884560053315717632 ),
 ( 0.000000000000000000, 1.000000000000000000 ),
 .UNSPECIFIED. ) ;
#2874 = ORIENTED_EDGE ( 'NONE', *, *, #3010, .F. ) ;
#2875 = CARTESIAN_POINT ( 'NONE',  ( -2.190742564613416654, 61.95011024264007915, 3.800970789341028055 ) ) ;
#2876 = EDGE_CURVE ( 'NONE', #1957, #3022, #2156, .T. ) ;
#2877 = CARTESIAN_POINT ( 'NONE',  ( -3.098378158395433513, 58.97843544295565721, 5.635460703009483652 ) ) ;
#2878 = CARTESIAN_POINT ( 'NONE',  ( -0.7843224929418867175, 61.65000000000001279, 5.399801900603388383 ) ) ;
#2879 = ADVANCED_FACE ( 'NONE', ( #1201 ), #160, .T. ) ;
#2880 = CARTESIAN_POINT ( 'NONE',  ( -6.440286453220129381, 61.13459802543123089, 0.3088765448471564312 ) ) ;
#2881 = ORIENTED_EDGE ( 'NONE', *, *, #1268, .F. ) ;
#2882 = CARTESIAN_POINT ( 'NONE',  ( -7.458165893633704163E-15, 61.65000000000001279, -5.450000000000004619 ) ) ;
#2883 = LINE ( 'NONE', #1899, #657 ) ;
#2884 = ORIENTED_EDGE ( 'NONE', *, *, #2890, .T. ) ;
#2885 = CARTESIAN_POINT ( 'NONE',  ( -0.3750140209962362636, 61.15000000000000568, -6.439089802163130649 ) ) ;
#2886 = DIRECTION ( 'NONE',  ( -1.000000000000000000, 0.000000000000000000, 0.000000000000000000 ) ) ;
#2887 = CARTESIAN_POINT ( 'NONE',  ( -5.844877394226177358, 59.06205595072005821, -2.736116270895772917 ) ) ;
#2888 = CARTESIAN_POINT ( 'NONE',  ( 3.800970789341018286, 61.95011024264006494, 2.190742564613409105 ) ) ;
#2889 = CARTESIAN_POINT ( 'NONE',  ( -6.308291152285297798, 60.95332740045271436, -1.351601952400188988 ) ) ;
#2890 = EDGE_CURVE ( 'NONE', #2152, #1351, #2931, .T. ) ;
#2891 = LINE ( 'NONE', #1682, #62 ) ;
#2892 = FACE_OUTER_BOUND ( 'NONE', #1293, .T. ) ;
#2893 = EDGE_LOOP ( 'NONE', ( #743, #921, #1377, #2473 ) ) ;
#2894 = EDGE_CURVE ( 'NONE', #2042, #1632, #1184, .T. ) ;
#2895 = B_SPLINE_CURVE_WITH_KNOTS ( 'NONE', 3,
 ( #1204, #2171, #34, #2425, #1938, #1709, #1954, #277, #2911, #1090, #1149, #2020, #2504, #2337, #1783, #95, #2824, #1817, #140, #2279, #591, #2521 ),
 .UNSPECIFIED., .F., .F.,
 ( 4, 3, 3, 3, 3, 3, 3, 4 ),
 ( 0.000000000000000000, 1.564649471257289446E-05, 3.140633924735476712E-05, 4.581806560844645148E-05, 5.969354786746748382E-05, 7.466895889493221786E-05, 9.201382976947950084E-05, 0.0001133405799749364397 ),
 .UNSPECIFIED. ) ;
#2896 = CARTESIAN_POINT ( 'NONE',  ( 1.285879139104745877E-16, 0.000000000000000000, 0.000000000000000000 ) ) ;
#2897 = CIRCLE ( 'NONE', #1947, 7.200000000000001066 ) ;
#2898 = SHAPE_DEFINITION_REPRESENTATION ( #2424, #2446 ) ;
#2899 = CARTESIAN_POINT ( 'NONE',  ( 5.449999999999991296, 61.94994392097251534, -2.342759920043044762E-09 ) ) ;
#2900 = CONICAL_SURFACE ( 'NONE', #1002, 5.450000000000004619, 1.107148717794090187 ) ;
#2901 = CARTESIAN_POINT ( 'NONE',  ( -0.1137110195614004504, 60.69444303519485828, -6.450595617617007171 ) ) ;
#2902 = CARTESIAN_POINT ( 'NONE',  ( -7.090704967063175491E-15, 58.95000000000000995, 0.000000000000000000 ) ) ;
#2903 = CARTESIAN_POINT ( 'NONE',  ( -6.395436121394977746, 60.11757895989905620, -0.2312211778215197966 ) ) ;
#2904 = CARTESIAN_POINT ( 'NONE',  ( -6.447983059882294476, 60.25433416657647712, -0.2072571027366144347 ) ) ;
#2905 = B_SPLINE_CURVE_WITH_KNOTS ( 'NONE', 3,
 ( #1539, #1026, #2467, #1490, #2014, #2499, #2449 ),
 .UNSPECIFIED., .F., .F.,
 ( 4, 3, 4 ),
 ( 1.852685484479510593E-18, 0.0005375455002213624369, 0.001126090236422082813 ),
 .UNSPECIFIED. ) ;
#2906 = CIRCLE ( 'NONE', #1667, 5.450000000000000178 ) ;
#2907 = CARTESIAN_POINT ( 'NONE',  ( -6.112687343120285277, 61.05137089773121772, -1.484206113640468283 ) ) ;
#2908 = AXIS2_PLACEMENT_3D ( 'NONE', #478, #181, #2616 ) ;
#2909 = ORIENTED_EDGE ( 'NONE', *, *, #2853, .T. ) ;
#2910 = LINE ( 'NONE', #1190, #2048 ) ;
#2911 = CARTESIAN_POINT ( 'NONE',  ( 5.425550452153216519, 61.63315648319015594, -0.5156628807624457078 ) ) ;
#2912 = VERTEX_POINT ( 'NONE', #951 ) ;
#2913 = CARTESIAN_POINT ( 'NONE',  ( 6.447227515478438420, 61.14447297316221608, -0.1890961756869492527 ) ) ;
#2914 = EDGE_CURVE ( 'NONE', #1481, #1691, #1311, .T. ) ;
#2915 = CARTESIAN_POINT ( 'NONE',  ( -1.412040986613102067, 61.25515217732498741, 6.295159854881867467 ) ) ;
#2916 = VERTEX_POINT ( 'NONE', #2138 ) ;
#2917 = ORIENTED_EDGE ( 'NONE', *, *, #1057, .F. ) ;
#2918 = CARTESIAN_POINT ( 'NONE',  ( 5.996520616660308889, 60.38501392117520794, 1.937438892835615434 ) ) ;
#2919 = CARTESIAN_POINT ( 'NONE',  ( 1.553610659686059492, 58.94520814265288067, -6.260476847039345927 ) ) ;
#2920 = CARTESIAN_POINT ( 'NONE',  ( -6.127098560431091023, 59.33435251215568940, -2.617006363521932499 ) ) ;
#2921 = CARTESIAN_POINT ( 'NONE',  ( 2.874718750083722796, 59.09011938054860025, -5.669466926455716482 ) ) ;
#2922 = CARTESIAN_POINT ( 'NONE',  ( -6.368176651636336949, 59.58572924552360206, -0.6183741263208548666 ) ) ;
#2923 = CARTESIAN_POINT ( 'NONE',  ( -6.248482807505840952, 60.81491741470181722, -1.610975698341878148 ) ) ;
#2924 = ORIENTED_EDGE ( 'NONE', *, *, #31, .F. ) ;
#2925 = CARTESIAN_POINT ( 'NONE',  ( -2.278200096361858051, 59.76895723372933134, 5.112664728536529424 ) ) ;
#2926 = FACE_OUTER_BOUND ( 'NONE', #2781, .T. ) ;
#2927 = ORIENTED_EDGE ( 'NONE', *, *, #3073, .T. ) ;
#2928 = CARTESIAN_POINT ( 'NONE',  ( 0.5763646798718005115, 61.57198114268165057, 5.419438972609671445 ) ) ;
#2929 = CARTESIAN_POINT ( 'NONE',  ( -1.537907104244332634, 61.05154962677195840, 6.100895930936411915 ) ) ;
#2930 = ORIENTED_EDGE ( 'NONE', *, *, #369, .T. ) ;
#2931 = B_SPLINE_CURVE_WITH_KNOTS ( 'NONE', 3,
 ( #1430, #16, #2599, #2342 ),
 .UNSPECIFIED., .F., .F.,
 ( 4, 4 ),
 ( 0.000000000000000000, 8.830813746843424147E-05 ),
 .UNSPECIFIED. ) ;
#2932 = ADVANCED_FACE ( 'NONE', ( #2110 ), #3020, .T. ) ;
#2933 = CARTESIAN_POINT ( 'NONE',  ( 0.1571321878048416720, 60.89943438627704353, 6.400000965847460144 ) ) ;
#2934 = DIRECTION ( 'NONE',  ( -1.000000000000000000, -1.224646799147353454E-16, 0.000000000000000000 ) ) ;
#2935 = EDGE_CURVE ( 'NONE', #2829, #452, #3049, .T. ) ;
#2936 = CARTESIAN_POINT ( 'NONE',  ( 6.450143247265287982, 60.91550460204316408, -0.1205254886570875511 ) ) ;
#2937 =( BOUNDED_SURFACE ( )  B_SPLINE_SURFACE ( 3, 2, ( 
 ( #1405, #963, #1918 ),
 ( #2872, #2371, #2857 ),
 ( #2654, #1229, #747 ),
 ( #506, #2596, #2418 ),
 ( #271, #224, #2611 ),
 ( #989, #42, #1180 ),
 ( #1945, #684, #2135 ),
 ( #461, #3096, #933 ),
 ( #1644, #443, #2355 ),
 ( #208, #2624, #1166 ),
 ( #2122, #1426, #947 ),
 ( #475, #1904, #1440 ) ),
 .UNSPECIFIED., .F., .F., .F. ) 
 B_SPLINE_SURFACE_WITH_KNOTS ( ( 4, 2, 2, 2, 2, 4 ),
 ( 3, 3 ),
 ( 0.001168738804735275057, 0.001914634394381066994, 0.002287582189203963071, 0.002660529984026858714, 0.003406425573672650434, 0.004152321163318442587 ),
 ( 0.000000000000000000, 1.000000000000000000 ),
 .UNSPECIFIED. ) 
 GEOMETRIC_REPRESENTATION_ITEM ( )  RATIONAL_B_SPLINE_SURFACE ( (
 ( 1.000000000000000000, 0.7580642285693817151, 1.000000000000000000),
 ( 1.000000000000000000, 0.7629947234849377979, 1.000000000000000000),
 ( 1.000000000000000000, 0.7683915837121561010, 1.000000000000000000),
 ( 1.000000000000000000, 0.7773647973224937502, 1.000000000000000000),
 ( 1.000000000000000000, 0.7806854258100036636, 1.000000000000000000),
 ( 1.000000000000000000, 0.7864398437551306520, 1.000000000000000000),
 ( 1.000000000000000000, 0.7889193748910692250, 1.000000000000000000),
 ( 1.000000000000000000, 0.7951204297094666140, 1.000000000000000000),
 ( 1.000000000000000000, 0.7979885457387886349, 1.000000000000000000),
 ( 1.000000000000000000, 0.7952672832262536184, 1.000000000000000000),
 ( 1.000000000000000000, 0.7890753343639878015, 1.000000000000000000),
 ( 1.000000000000000000, 0.7746215522400017317, 1.000000000000000000) ) ) 
 REPRESENTATION_ITEM ( '' )  SURFACE ( )  );
#2938 = DIRECTION ( 'NONE',  ( -1.224646799147353454E-16, 1.000000000000000000, -0.000000000000000000 ) ) ;
#2939 = CARTESIAN_POINT ( 'NONE',  ( 0.7839312771247874956, 59.33070573649690971, -6.348030346215860042 ) ) ;
#2940 = EDGE_LOOP ( 'NONE', ( #926, #659 ) ) ;
#2941 = CARTESIAN_POINT ( 'NONE',  ( 6.418306750164155083, 61.10841551320194043, -0.2202256988819242811 ) ) ;
#2942 = CARTESIAN_POINT ( 'NONE',  ( -6.404132776374362734, 61.09986737475485086, 0.3259430363116489482 ) ) ;
#2943 = ORIENTED_EDGE ( 'NONE', *, *, #869, .T. ) ;
#2944 = B_SPLINE_CURVE_WITH_KNOTS ( 'NONE', 3,
 ( #1795, #932, #207, #505 ),
 .UNSPECIFIED., .F., .F.,
 ( 4, 4 ),
 ( 0.000000000000000000, 9.043274192973386745E-05 ),
 .UNSPECIFIED. ) ;
#2945 = CARTESIAN_POINT ( 'NONE',  ( -0.8271171283038523114, 59.42404872083442768, 6.079090138239473973 ) ) ;
#2946 = B_SPLINE_CURVE_WITH_KNOTS ( 'NONE', 3,
 ( #2745, #1569, #367, #1324 ),
 .UNSPECIFIED., .F., .F.,
 ( 4, 4 ),
 ( -3.011198021823185567E-06, 0.0002306027785996643412 ),
 .UNSPECIFIED. ) ;
#2947 = CARTESIAN_POINT ( 'NONE',  ( -0.7029439632332961096, 61.62065902602800094, -5.404476950256270840 ) ) ;
#2948 = CARTESIAN_POINT ( 'NONE',  ( -1.551879105869841569, 59.01775877294665662, 6.261635157020335463 ) ) ;
#2949 = FILL_AREA_STYLE ('',( #1872 ) ) ;
#2950 = DIRECTION ( 'NONE',  ( -1.224646799147353454E-16, 1.000000000000000000, -0.000000000000000000 ) ) ;
#2951 = CIRCLE ( 'NONE', #651, 0.8000000000000003775 ) ;
#2952 = CARTESIAN_POINT ( 'NONE',  ( -5.421449417585855635, 61.95000000753210401, 0.6433121635488675549 ) ) ;
#2953 = CARTESIAN_POINT ( 'NONE',  ( -7.274401986935279791E-15, 60.45000000000001705, 0.000000000000000000 ) ) ;
#2954 = ADVANCED_FACE ( 'NONE', ( #45 ), #714, .T. ) ;
#2955 = ADVANCED_FACE ( 'NONE', ( #2183 ), #879, .T. ) ;
#2956 = CIRCLE ( 'NONE', #57, 5.449999999999997513 ) ;
#2957 = ORIENTED_EDGE ( 'NONE', *, *, #581, .F. ) ;
#2958 = AXIS2_PLACEMENT_3D ( 'NONE', #533, #1259, #1965 ) ;
#2959 = CARTESIAN_POINT ( 'NONE',  ( 6.398504027226461943, 61.09606746887362050, -0.2184369994059102704 ) ) ;
#2960 = CARTESIAN_POINT ( 'NONE',  ( -8.000000000000014211, 61.95054617238513828, 0.000000000000000000 ) ) ;
#2961 = AXIS2_PLACEMENT_3D ( 'NONE', #750, #1935, #1218 ) ;
#2962 = ORIENTED_EDGE ( 'NONE', *, *, #2302, .T. ) ;
#2963 = CARTESIAN_POINT ( 'NONE',  ( 2.673278231890874324, 61.95011024264007915, -3.478550764432087217 ) ) ;
#2964 = CARTESIAN_POINT ( 'NONE',  ( -0.6136595254706203040, 61.41901756323544959, -5.722971918449100137 ) ) ;
#2965 = CARTESIAN_POINT ( 'NONE',  ( -0.4458926132750551941, 61.13365607220357134, -6.387291928985546541 ) ) ;
#2966 = PLANE ( 'NONE',  #2304 ) ;
#2967 = CARTESIAN_POINT ( 'NONE',  ( 2.826621642223081210, 58.95000000000001705, -5.797646944383214596 ) ) ;
#2968 = CARTESIAN_POINT ( 'NONE',  ( -2.235481487597395645E-16, 2.875409162179535905, 0.000000000000000000 ) ) ;
#2969 = EDGE_CURVE ( 'NONE', #452, #142, #358, .T. ) ;
#2970 = ORIENTED_EDGE ( 'NONE', *, *, #1307, .T. ) ;
#2971 = CARTESIAN_POINT ( 'NONE',  ( -6.100404090419819347, 61.31969350542859587, 0.3710656042955124967 ) ) ;
#2972 = CARTESIAN_POINT ( 'NONE',  ( 0.2700351191482832092, 61.11399799940051736, 6.425382085891534700 ) ) ;
#2973 = CARTESIAN_POINT ( 'NONE',  ( -0.5488115841547938079, 61.30337883784346076, -6.120411083584912149 ) ) ;
#2974 = ORIENTED_EDGE ( 'NONE', *, *, #2320, .T. ) ;
#2975 = EDGE_LOOP ( 'NONE', ( #2427, #2409, #644, #198, #775 ) ) ;
#2976 = EDGE_CURVE ( 'NONE', #612, #225, #2369, .T. ) ;
#2977 = FACE_OUTER_BOUND ( 'NONE', #485, .T. ) ;
#2978 = CARTESIAN_POINT ( 'NONE',  ( -6.939188369081852832E-15, 61.65000000000001279, -5.450000000000001954 ) ) ;
#2979 = CARTESIAN_POINT ( 'NONE',  ( 1.208213122140055162, 61.15806729118254026, -6.319402286904529653 ) ) ;
#2980 = CARTESIAN_POINT ( 'NONE',  ( 0.1551390816897380009, 61.65000000000001279, -5.450000000000004619 ) ) ;
#2981 = B_SPLINE_CURVE_WITH_KNOTS ( 'NONE', 3,
 ( #349, #2434, #77, #1310 ),
 .UNSPECIFIED., .F., .F.,
 ( 4, 4 ),
 ( 0.0002543440771419255408, 0.001282686075089750286 ),
 .UNSPECIFIED. ) ;
#2982 = DIRECTION ( 'NONE',  ( 1.000000000000000000, 0.000000000000000000, 0.000000000000000000 ) ) ;
#2983 = FACE_OUTER_BOUND ( 'NONE', #2733, .T. ) ;
#2984 = DIRECTION ( 'NONE',  ( -1.224646799147353454E-16, 1.000000000000000000, -0.000000000000000000 ) ) ;
#2985 = ORIENTED_EDGE ( 'NONE', *, *, #2113, .T. ) ;
#2986 = CARTESIAN_POINT ( 'NONE',  ( -6.428093475415057156, 61.07732412170444292, 0.3139868580769793471 ) ) ;
#2987 = CARTESIAN_POINT ( 'NONE',  ( 0.2715638994060464162, 61.11010846778719241, 6.420992710274859405 ) ) ;
#2988 = CARTESIAN_POINT ( 'NONE',  ( -6.276314845630184232E-15, 52.29999999999999716, 0.000000000000000000 ) ) ;
#2989 = VERTEX_POINT ( 'NONE', #735 ) ;
#2990 = DIRECTION ( 'NONE',  ( -1.224646799147353454E-16, 1.000000000000000000, 0.000000000000000000 ) ) ;
#2991 = EDGE_CURVE ( 'NONE', #1045, #1470, #1672, .T. ) ;
#2992 = CARTESIAN_POINT ( 'NONE',  ( 5.435894445671636710, 61.65000000000001990, -0.3999498993855160611 ) ) ;
#2993 = CARTESIAN_POINT ( 'NONE',  ( 5.380218029904307642, 61.94996355870499372, 0.8696283983943887685 ) ) ;
#2994 = DIRECTION ( 'NONE',  ( 0.000000000000000000, -0.000000000000000000, -1.000000000000000000 ) ) ;
#2995 = CARTESIAN_POINT ( 'NONE',  ( -5.389462605004772477, 61.65000000000001990, -0.8268767606204421305 ) ) ;
#2996 = CARTESIAN_POINT ( 'NONE',  ( 5.449574748201031049, 60.52347425483731769, 0.08019229249901679846 ) ) ;
#2997 =( NAMED_UNIT ( * ) SI_UNIT ( $, .STERADIAN. ) SOLID_ANGLE_UNIT ( ) );
#2998 = CONICAL_SURFACE ( 'NONE', #3101, 6.449999999999997513, 0.5880026035475675039 ) ;
#2999 = ORIENTED_EDGE ( 'NONE', *, *, #86, .T. ) ;
#3000 = DIRECTION ( 'NONE',  ( -1.224646799147353454E-16, 1.000000000000000000, -0.000000000000000000 ) ) ;
#3001 = CIRCLE ( 'NONE', #196, 6.449999999999998401 ) ;
#3002 = CARTESIAN_POINT ( 'NONE',  ( -7.050000000000013145, 57.37272116324168536, 0.000000000000000000 ) ) ;
#3003 = CARTESIAN_POINT ( 'NONE',  ( 0.9499817842706036464, 59.19750722283393429, -6.213164640191489951 ) ) ;
#3004 = ORIENTED_EDGE ( 'NONE', *, *, #1187, .T. ) ;
#3005 = ORIENTED_EDGE ( 'NONE', *, *, #2667, .T. ) ;
#3006 = MECHANICAL_DESIGN_GEOMETRIC_PRESENTATION_REPRESENTATION (  '', ( #2754 ), #2005 ) ;
#3007 = CARTESIAN_POINT ( 'NONE',  ( -2.190742564613422427, 61.95011024264007915, -3.800970789341024059 ) ) ;
#3008 = CIRCLE ( 'NONE', #1361, 6.509813084112153980 ) ;
#3009 = CIRCLE ( 'NONE', #1857, 6.449999999999998401 ) ;
#3010 = EDGE_CURVE ( 'NONE', #2912, #129, #813, .T. ) ;
#3011 = CARTESIAN_POINT ( 'NONE',  ( -6.999999999999999112, 1.075409162179532307, 0.000000000000000000 ) ) ;
#3012 = CARTESIAN_POINT ( 'NONE',  ( 1.247586871358676852, 60.94560838633748290, -6.329436047922113673 ) ) ;
#3013 = CARTESIAN_POINT ( 'NONE',  ( 1.102842237652371882, 61.53607286233960849, -5.337250134559009318 ) ) ;
#3014 = EDGE_CURVE ( 'NONE', #2036, #1393, #812, .T. ) ;
#3015 = CARTESIAN_POINT ( 'NONE',  ( -1.409857001787593767, 60.94774737793346731, 6.295388980129529521 ) ) ;
#3016 = CARTESIAN_POINT ( 'NONE',  ( 6.282598649809191471, 60.94448715317471965, 1.465375635626127826 ) ) ;
#3017 = CARTESIAN_POINT ( 'NONE',  ( -5.450000000000007283, 61.95005515219010306, 4.887679583242962016E-09 ) ) ;
#3018 = ORIENTED_EDGE ( 'NONE', *, *, #1900, .T. ) ;
#3019 = CARTESIAN_POINT ( 'NONE',  ( -8.200000000000008171, 0.7999999999999990452, 0.000000000000000000 ) ) ;
#3020 =( BOUNDED_SURFACE ( )  B_SPLINE_SURFACE ( 3, 2, ( 
 ( #1618, #1139, #2360 ),
 ( #1169, #2569, #3067 ),
 ( #1893, #722, #1681 ),
 ( #654, #417, #1379 ) ),
 .UNSPECIFIED., .F., .F., .F. ) 
 B_SPLINE_SURFACE_WITH_KNOTS ( ( 4, 4 ),
 ( 3, 3 ),
 ( 0.001352249116477755638, 0.002470652280624147882 ),
 ( 0.000000000000000000, 1.000000000000000000 ),
 .UNSPECIFIED. ) 
 GEOMETRIC_REPRESENTATION_ITEM ( )  RATIONAL_B_SPLINE_SURFACE ( (
 ( 1.000000000000000000, 0.8935636836582294684, 1.000000000000000000),
 ( 1.000000000000000000, 0.8837931769755239531, 1.000000000000000000),
 ( 1.000000000000000000, 0.8770358314410457989, 1.000000000000000000),
 ( 1.000000000000000000, 0.8735261572098695915, 1.000000000000000000) ) ) 
 REPRESENTATION_ITEM ( '' )  SURFACE ( )  );
#3021 = CARTESIAN_POINT ( 'NONE',  ( 7.000000000000007994, 8.572527594031484037E-16, 8.572527594031482064E-16 ) ) ;
#3022 = VERTEX_POINT ( 'NONE', #1765 ) ;
#3023 = ORIENTED_EDGE ( 'NONE', *, *, #2419, .F. ) ;
#3024 = CARTESIAN_POINT ( 'NONE',  ( -7.458099007729797570E-15, 61.95000000753210401, 0.000000000000000000 ) ) ;
#3025 = ORIENTED_EDGE ( 'NONE', *, *, #214, .T. ) ;
#3026 = EDGE_LOOP ( 'NONE', ( #1279, #2846, #1130, #2924 ) ) ;
#3027 = CARTESIAN_POINT ( 'NONE',  ( -7.090704967063177069E-15, 58.95000000000000995, 0.000000000000000000 ) ) ;
#3028 = CARTESIAN_POINT ( 'NONE',  ( 1.159702000856811521, 61.23721894972895541, -6.167506518847126529 ) ) ;
#3029 = CARTESIAN_POINT ( 'NONE',  ( -0.6609185243949742272, 61.65000000000001279, -5.409776955116688768 ) ) ;
#3030 = CARTESIAN_POINT ( 'NONE',  ( 5.323803863494726230, 61.65000000000148361, 1.167842129003603846 ) ) ;
#3031 = CARTESIAN_POINT ( 'NONE',  ( 2.184674517719175757, 59.72342501486406263, -6.146776165803791159 ) ) ;
#3032 = ADVANCED_FACE ( 'NONE', ( #2765 ), #2602, .T. ) ;
#3033 = ORIENTED_EDGE ( 'NONE', *, *, #2798, .F. ) ;
#3034 = PLANE ( 'NONE',  #1902 ) ;
#3035 = CARTESIAN_POINT ( 'NONE',  ( -8.000000000000000000, 2.875409162179535016, 0.000000000000000000 ) ) ;
#3036 = ORIENTED_EDGE ( 'NONE', *, *, #1215, .T. ) ;
#3037 = CARTESIAN_POINT ( 'NONE',  ( 6.088565306182587733, 61.04183841539429523, 1.595937527050282245 ) ) ;
#3038 = ORIENTED_EDGE ( 'NONE', *, *, #230, .T. ) ;
#3039 = ORIENTED_EDGE ( 'NONE', *, *, #2558, .F. ) ;
#3040 = DIRECTION ( 'NONE',  ( 1.000000000000000000, 0.000000000000000000, 1.224646799147353207E-16 ) ) ;
#3041 = CARTESIAN_POINT ( 'NONE',  ( 1.761272943733801277, 58.95890911704902493, -6.205245769567654612 ) ) ;
#3042 = CARTESIAN_POINT ( 'NONE',  ( -6.276314845630184232E-15, 52.29999999999999716, 0.000000000000000000 ) ) ;
#3043 = CARTESIAN_POINT ( 'NONE',  ( -1.765372205622576240, 60.32552359617636739, 6.204932959668709280 ) ) ;
#3044 = CARTESIAN_POINT ( 'NONE',  ( 5.686511669145548176, 58.95000000000001705, 3.044024480300940194 ) ) ;
#3045 = VERTEX_POINT ( 'NONE', #1584 ) ;
#3046 = CARTESIAN_POINT ( 'NONE',  ( -5.138431641500281977, 60.45000000000008811, -1.816320529430215602 ) ) ;
#3047 = EDGE_CURVE ( 'NONE', #2649, #1481, #1595, .T. ) ;
#3048 = AXIS2_PLACEMENT_3D ( 'NONE', #28, #700, #977 ) ;
#3049 = LINE ( 'NONE', #2325, #1571 ) ;
#3050 = EDGE_LOOP ( 'NONE', ( #2962, #1210, #391 ) ) ;
#3051 = AXIS2_PLACEMENT_3D ( 'NONE', #2640, #492, #1476 ) ;
#3052 = CARTESIAN_POINT ( 'NONE',  ( 5.948732913944072997, 59.59277802064313079, 2.501878002524787981 ) ) ;
#3053 = ORIENTED_EDGE ( 'NONE', *, *, #1504, .T. ) ;
#3054 = AXIS2_PLACEMENT_3D ( 'NONE', #2953, #1055, #1764 ) ;
#3055 = B_SPLINE_CURVE_WITH_KNOTS ( 'NONE', 3,
 ( #2433, #990, #103, #810, #2903, #2701, #273, #1244, #1948, #302 ),
 .UNSPECIFIED., .F., .F.,
 ( 4, 2, 2, 2, 4 ),
 ( 2.168404344971008868E-19, 0.0006737480968349511372, 0.001347496193669902058, 0.002021244290504852978, 0.002694992387339803681 ),
 .UNSPECIFIED. ) ;
#3056 = CARTESIAN_POINT ( 'NONE',  ( 0.3179164767683894666, 61.21743163712352498, 5.446739426160150721 ) ) ;
#3057 = AXIS2_PLACEMENT_3D ( 'NONE', #521, #763, #2686 ) ;
#3058 = CARTESIAN_POINT ( 'NONE',  ( 0.5833409887215391665, 61.62061188768149833, 5.418691202199248380 ) ) ;
#3059 = DIRECTION ( 'NONE',  ( -1.000000000000000000, -1.224646799147353454E-16, 0.000000000000000000 ) ) ;
#3060 = CIRCLE ( 'NONE', #458, 2.650000000000006573 ) ;
#3061 = B_SPLINE_CURVE_WITH_KNOTS ( 'NONE', 3,
 ( #147, #2741, #1548, #2773 ),
 .UNSPECIFIED., .F., .F.,
 ( 4, 4 ),
 ( 0.001729496966242134118, 0.001801316642087908955 ),
 .UNSPECIFIED. ) ;
#3062 = CARTESIAN_POINT ( 'NONE',  ( -0.8631360397393670336, 59.39311051218995630, 6.337371243084776395 ) ) ;
#3063 = CARTESIAN_POINT ( 'NONE',  ( -6.444072795119695662, 61.15000000000001990, 0.2764700662404117604 ) ) ;
#3064 = DIRECTION ( 'NONE',  ( -1.000000000000000000, 0.000000000000000000, 0.000000000000000000 ) ) ;
#3065 = ORIENTED_EDGE ( 'NONE', *, *, #2667, .F. ) ;
#3066 = CARTESIAN_POINT ( 'NONE',  ( 5.733263472927054849, 61.42109516266321378, -0.3974820363841646831 ) ) ;
#3067 = CARTESIAN_POINT ( 'NONE',  ( -5.665619301115706996, 61.48846777327067059, -1.110461063453173525 ) ) ;
#3068 = ORIENTED_EDGE ( 'NONE', *, *, #1373, .T. ) ;
#3069 = EDGE_CURVE ( 'NONE', #1297, #167, #554, .T. ) ;
#3070 = CARTESIAN_POINT ( 'NONE',  ( 5.875726607440165949, 61.23981242637297839, 1.482964214252594504 ) ) ;
#3071 = CARTESIAN_POINT ( 'NONE',  ( 2.753807038509045402, 59.17728800121663113, -5.664567936840793294 ) ) ;
#3072 = VERTEX_POINT ( 'NONE', #3017 ) ;
#3073 = EDGE_CURVE ( 'NONE', #1560, #264, #3060, .T. ) ;
#3074 = CARTESIAN_POINT ( 'NONE',  ( -0.2939457830668414928, 61.95000000753210401, 5.474818793578232423 ) ) ;
#3075 = CARTESIAN_POINT ( 'NONE',  ( 0.5858002979356931039, 61.60605395900326187, 5.418425797813653411 ) ) ;
#3076 = CARTESIAN_POINT ( 'NONE',  ( 6.447227515478438420, 61.14447297316221608, -0.1890961756869492527 ) ) ;
#3077 = CARTESIAN_POINT ( 'NONE',  ( -6.451128639215039762, 60.69273401362528375, 0.04640112290723902994 ) ) ;
#3078 = CARTESIAN_POINT ( 'NONE',  ( 1.259576530407856554, 61.25427255782729219, -5.897060374860660481 ) ) ;
#3079 = CARTESIAN_POINT ( 'NONE',  ( -0.2694293971523400444, 60.24371170348452154, 6.445678941136419482 ) ) ;
#3080 = DIRECTION ( 'NONE',  ( -1.000000000000000000, -1.224646799147353454E-16, 0.000000000000000000 ) ) ;
#3081 = CARTESIAN_POINT ( 'NONE',  ( 1.138603296962867217, 61.95011024264007915, 4.236781143507174718 ) ) ;
#3082 = B_SPLINE_CURVE_WITH_KNOTS ( 'NONE', 3,
 ( #1091, #1126, #2251, #2296 ),
 .UNSPECIFIED., .F., .F.,
 ( 4, 4 ),
 ( 0.000000000000000000, 0.0002225388425203506213 ),
 .UNSPECIFIED. ) ;
#3083 = CARTESIAN_POINT ( 'NONE',  ( -6.802093527148508639E-15, 56.59330874734161654, 0.000000000000000000 ) ) ;
#3084 = CARTESIAN_POINT ( 'NONE',  ( 0.2426212679970490282, 61.14362285198733105, 6.445435200226240724 ) ) ;
#3085 = CARTESIAN_POINT ( 'NONE',  ( 5.861757424934399552, 59.80116171338193709, 2.331613076891144942 ) ) ;
#3086 = ORIENTED_EDGE ( 'NONE', *, *, #2552, .F. ) ;
#3087 = VERTEX_POINT ( 'NONE', #636 ) ;
#3088 = B_SPLINE_CURVE_WITH_KNOTS ( 'NONE', 3,
 ( #245, #2643, #495, #48, #1267, #65 ),
 .UNSPECIFIED., .F., .F.,
 ( 4, 2, 4 ),
 ( 2.385244779468109755E-18, 0.0001545234402336258099, 0.0003090468804672492345 ),
 .UNSPECIFIED. ) ;
#3089 = CARTESIAN_POINT ( 'NONE',  ( 0.5725102959295229610, 61.56669354576798270, 5.419846119684089913 ) ) ;
#3090 = EDGE_CURVE ( 'NONE', #1265, #558, #2563, .T. ) ;
#3091 = CYLINDRICAL_SURFACE ( 'NONE', #1563, 4.350000000000003197 ) ;
#3092 = EDGE_CURVE ( 'NONE', #2912, #2738, #2808, .T. ) ;
#3093 = CARTESIAN_POINT ( 'NONE',  ( -0.4079301977029007320, 61.13349324704299192, -6.434747118263128840 ) ) ;
#3094 = CARTESIAN_POINT ( 'NONE',  ( -1.210399036751609758, 61.56003236314136728, 5.313890681208149225 ) ) ;
#3095 = CARTESIAN_POINT ( 'NONE',  ( -2.342853990293014554, 59.71946563597063573, 5.858079808614553130 ) ) ;
#3096 = CARTESIAN_POINT ( 'NONE',  ( 2.171149366542122650, 59.78249527390697438, -6.076413046641004456 ) ) ;
#3097 = VERTEX_POINT ( 'NONE', #397 ) ;
#3098 = CARTESIAN_POINT ( 'NONE',  ( -3.478550764432090769, 61.95011024264007204, 2.673278231890885870 ) ) ;
#3099 = CARTESIAN_POINT ( 'NONE',  ( -5.450000000000006395, 61.95054617238513828, 0.000000000000000000 ) ) ;
#3100 = CARTESIAN_POINT ( 'NONE',  ( -5.712238134748989893, 58.95193490811053039, -2.992884515377110866 ) ) ;
#3101 = AXIS2_PLACEMENT_3D ( 'NONE', #2058, #883, #1612 ) ;
#3102 = CARTESIAN_POINT ( 'NONE',  ( 6.283380309056369128, 60.95118380826730231, 1.462594551841073010 ) ) ;
#3103 = ORIENTED_EDGE ( 'NONE', *, *, #518, .F. ) ;
ENDSEC;
END-ISO-10303-21;
